2025-09-26 22:27:47 [INFO]: [QUERY] SELECT 1 -- params: [] -- duration: 1ms
2025-09-26 22:27:47 [INFO]: [QUERY] SELECT "private"."users"."id", "private"."users"."fullname", "private"."users"."email", "private"."users"."role", "private"."users"."status" FROM "private"."users" WHERE ("private"."users"."id" = $1 AND 1=1) LIMIT $2 OFFSET $3 -- params: [2,1,0] -- duration: 1ms
2025-09-26 22:27:47 [INFO]: [QUERY] SELECT "private"."contacts"."id", "private"."contacts"."contact", "private"."contacts"."description", "private"."contacts"."createdAt", "private"."contacts"."updatedAt", "private"."contacts"."userId" FROM "private"."contacts" WHERE "private"."contacts"."userId" IN ($1) OFFSET $2 -- params: [2,0] -- duration: 1ms
2025-09-26 22:27:47 [INFO]: [QUERY] SELECT "private"."testimonials"."id", "private"."testimonials"."content", "private"."testimonials"."rating", "private"."testimonials"."createdAt", "private"."testimonials"."updatedAt", "private"."testimonials"."userId" FROM "private"."testimonials" WHERE "private"."testimonials"."userId" IN ($1) OFFSET $2 -- params: [2,0] -- duration: 2ms
2025-09-26 22:27:47 [INFO]: [QUERY] SELECT "private"."orders"."id", "private"."orders"."amount", "private"."orders"."status", "private"."orders"."createdAt", "private"."orders"."updatedAt", "private"."orders"."userId" FROM "private"."orders" WHERE "private"."orders"."userId" IN ($1) OFFSET $2 -- params: [2,0] -- duration: 1ms
2025-09-26 22:28:33 [INFO]: [INFO] Starting a postgresql pool with 5 connections.
2025-09-26 22:28:34 [INFO]: [QUERY] SELECT "private"."users"."id", "private"."users"."fullname", "private"."users"."email", "private"."users"."role", "private"."users"."status" FROM "private"."users" WHERE ("private"."users"."id" = $1 AND 1=1) LIMIT $2 OFFSET $3 -- params: [2,1,0] -- duration: 2ms
2025-09-26 22:28:34 [INFO]: [QUERY] SELECT "private"."contacts"."id", "private"."contacts"."contact", "private"."contacts"."description", "private"."contacts"."createdAt", "private"."contacts"."updatedAt", "private"."contacts"."userId" FROM "private"."contacts" WHERE "private"."contacts"."userId" IN ($1) OFFSET $2 -- params: [2,0] -- duration: 1ms
2025-09-26 22:28:34 [INFO]: [QUERY] SELECT "private"."testimonials"."id", "private"."testimonials"."content", "private"."testimonials"."rating", "private"."testimonials"."createdAt", "private"."testimonials"."updatedAt", "private"."testimonials"."userId" FROM "private"."testimonials" WHERE "private"."testimonials"."userId" IN ($1) OFFSET $2 -- params: [2,0] -- duration: 2ms
2025-09-26 22:28:34 [INFO]: [QUERY] SELECT "private"."orders"."id", "private"."orders"."amount", "private"."orders"."status", "private"."orders"."createdAt", "private"."orders"."updatedAt", "private"."orders"."userId" FROM "private"."orders" WHERE "private"."orders"."userId" IN ($1) OFFSET $2 -- params: [2,0] -- duration: 1ms
2025-09-26 22:28:44 [INFO]: [INFO] Starting a postgresql pool with 5 connections.
2025-09-26 22:28:44 [INFO]: [QUERY] SELECT "private"."users"."id", "private"."users"."fullname", "private"."users"."email", "private"."users"."role", "private"."users"."status" FROM "private"."users" WHERE ("private"."users"."id" = $1 AND 1=1) LIMIT $2 OFFSET $3 -- params: [2,1,0] -- duration: 2ms
2025-09-26 22:28:44 [INFO]: [QUERY] SELECT "private"."contacts"."id", "private"."contacts"."contact", "private"."contacts"."description", "private"."contacts"."createdAt", "private"."contacts"."updatedAt", "private"."contacts"."userId" FROM "private"."contacts" WHERE "private"."contacts"."userId" IN ($1) OFFSET $2 -- params: [2,0] -- duration: 1ms
2025-09-26 22:28:44 [INFO]: [QUERY] SELECT "private"."testimonials"."id", "private"."testimonials"."content", "private"."testimonials"."rating", "private"."testimonials"."createdAt", "private"."testimonials"."updatedAt", "private"."testimonials"."userId" FROM "private"."testimonials" WHERE "private"."testimonials"."userId" IN ($1) OFFSET $2 -- params: [2,0] -- duration: 3ms
2025-09-26 22:28:44 [INFO]: [QUERY] SELECT "private"."orders"."id", "private"."orders"."amount", "private"."orders"."status", "private"."orders"."createdAt", "private"."orders"."updatedAt", "private"."orders"."userId" FROM "private"."orders" WHERE "private"."orders"."userId" IN ($1) OFFSET $2 -- params: [2,0] -- duration: 1ms
2025-09-26 22:33:33 [INFO]: [QUERY] SELECT 1 -- params: [] -- duration: 0ms
2025-09-26 22:33:33 [INFO]: [QUERY] SELECT "private"."users"."id", "private"."users"."fullname", "private"."users"."email", "private"."users"."role", "private"."users"."status" FROM "private"."users" WHERE ("private"."users"."id" = $1 AND 1=1) LIMIT $2 OFFSET $3 -- params: [2,1,0] -- duration: 1ms
2025-09-26 22:33:33 [INFO]: [QUERY] SELECT "private"."contacts"."id", "private"."contacts"."contact", "private"."contacts"."description", "private"."contacts"."createdAt", "private"."contacts"."updatedAt", "private"."contacts"."userId" FROM "private"."contacts" WHERE "private"."contacts"."userId" IN ($1) OFFSET $2 -- params: [2,0] -- duration: 0ms
2025-09-26 22:33:33 [INFO]: [QUERY] SELECT "private"."testimonials"."id", "private"."testimonials"."content", "private"."testimonials"."rating", "private"."testimonials"."createdAt", "private"."testimonials"."updatedAt", "private"."testimonials"."userId" FROM "private"."testimonials" WHERE "private"."testimonials"."userId" IN ($1) OFFSET $2 -- params: [2,0] -- duration: 1ms
2025-09-26 22:33:33 [INFO]: [QUERY] SELECT "private"."orders"."id", "private"."orders"."amount", "private"."orders"."status", "private"."orders"."createdAt", "private"."orders"."updatedAt", "private"."orders"."userId" FROM "private"."orders" WHERE "private"."orders"."userId" IN ($1) OFFSET $2 -- params: [2,0] -- duration: 2ms
2025-09-26 22:33:33 [INFO]: Creating user by admin service{"fullname":"staff 1","email":"staff1@example.com","password":"Staff123123","role":2,"status":1}
2025-09-26 22:33:33 [INFO]: [QUERY] SELECT "private"."users"."id", "private"."users"."fullname", "private"."users"."email", "private"."users"."password", "private"."users"."role", "private"."users"."status" FROM "private"."users" WHERE ("private"."users"."email" = $1 AND 1=1) LIMIT $2 OFFSET $3 -- params: ["staff1@example.com",1,0] -- duration: 4ms
2025-09-26 22:33:33 [INFO]: Request Factory: {"fullname":{"fullname":"staff 1"},"email":{"email":"staff1@example.com"},"password":{},"role":{"role":2},"status":{"status":1}}
2025-09-26 22:33:33 [ERROR]: [ERROR] 
Invalid `prisma.users.create()` invocation:

{
  data: {
    id: undefined,
    fullname: {
      fullname: "staff 1"
    },
    ~~~~~~~~~~~~~~~~~~~~~
    email: {
      email: "staff1@example.com"
    },
    password: {},
    role: {
      role: 2
    },
    status: {
      status: 1
    },
    contacts: undefined
  },
  select: {
    id: true,
    fullname: true,
    email: true,
    role: true,
    status: true,
    contacts: true,
    testimonials: true,
    orders: true
  }
}

Argument `fullname`: Invalid value provided. Expected String, provided Object.
2025-09-26 22:36:51 [INFO]: [INFO] Starting a postgresql pool with 5 connections.
2025-09-26 22:36:51 [INFO]: [QUERY] SELECT "private"."users"."id", "private"."users"."fullname", "private"."users"."email", "private"."users"."role", "private"."users"."status" FROM "private"."users" WHERE ("private"."users"."id" = $1 AND 1=1) LIMIT $2 OFFSET $3 -- params: [2,1,0] -- duration: 2ms
2025-09-26 22:36:51 [INFO]: [QUERY] SELECT "private"."contacts"."id", "private"."contacts"."contact", "private"."contacts"."description", "private"."contacts"."createdAt", "private"."contacts"."updatedAt", "private"."contacts"."userId" FROM "private"."contacts" WHERE "private"."contacts"."userId" IN ($1) OFFSET $2 -- params: [2,0] -- duration: 1ms
2025-09-26 22:36:51 [INFO]: [QUERY] SELECT "private"."testimonials"."id", "private"."testimonials"."content", "private"."testimonials"."rating", "private"."testimonials"."createdAt", "private"."testimonials"."updatedAt", "private"."testimonials"."userId" FROM "private"."testimonials" WHERE "private"."testimonials"."userId" IN ($1) OFFSET $2 -- params: [2,0] -- duration: 4ms
2025-09-26 22:36:51 [INFO]: [QUERY] SELECT "private"."orders"."id", "private"."orders"."amount", "private"."orders"."status", "private"."orders"."createdAt", "private"."orders"."updatedAt", "private"."orders"."userId" FROM "private"."orders" WHERE "private"."orders"."userId" IN ($1) OFFSET $2 -- params: [2,0] -- duration: 1ms
2025-09-26 22:36:51 [INFO]: Creating user by admin service{"fullname":"staff 1","email":"staff1@example.com","password":"Staff123123","role":2,"status":1}
2025-09-26 22:36:51 [INFO]: [QUERY] SELECT "private"."users"."id", "private"."users"."fullname", "private"."users"."email", "private"."users"."password", "private"."users"."role", "private"."users"."status" FROM "private"."users" WHERE ("private"."users"."email" = $1 AND 1=1) LIMIT $2 OFFSET $3 -- params: ["staff1@example.com",1,0] -- duration: 2ms
2025-09-26 22:36:51 [INFO]: Request Factory: {"fullname":"staff 1","email":"staff1@example.com","password":{},"role":2,"status":1}
2025-09-26 22:36:51 [ERROR]: [ERROR] 
Invalid `prisma.users.create()` invocation:

{
  data: {
    id: undefined,
    fullname: "staff 1",
    email: "staff1@example.com",
    password: {},
              ~~
    role: 2,
    status: 1,
    contacts: undefined
  },
  select: {
    id: true,
    fullname: true,
    email: true,
    role: true,
    status: true,
    contacts: true,
    testimonials: true,
    orders: true
  }
}

Argument `password`: Invalid value provided. Expected String, provided Object.
2025-09-26 22:39:32 [INFO]: [INFO] Starting a postgresql pool with 5 connections.
2025-09-26 22:39:32 [INFO]: [QUERY] SELECT "private"."users"."id", "private"."users"."fullname", "private"."users"."email", "private"."users"."role", "private"."users"."status" FROM "private"."users" WHERE ("private"."users"."id" = $1 AND 1=1) LIMIT $2 OFFSET $3 -- params: [2,1,0] -- duration: 3ms
2025-09-26 22:39:32 [INFO]: [QUERY] SELECT "private"."contacts"."id", "private"."contacts"."contact", "private"."contacts"."description", "private"."contacts"."createdAt", "private"."contacts"."updatedAt", "private"."contacts"."userId" FROM "private"."contacts" WHERE "private"."contacts"."userId" IN ($1) OFFSET $2 -- params: [2,0] -- duration: 3ms
2025-09-26 22:39:32 [INFO]: [QUERY] SELECT "private"."testimonials"."id", "private"."testimonials"."content", "private"."testimonials"."rating", "private"."testimonials"."createdAt", "private"."testimonials"."updatedAt", "private"."testimonials"."userId" FROM "private"."testimonials" WHERE "private"."testimonials"."userId" IN ($1) OFFSET $2 -- params: [2,0] -- duration: 1ms
2025-09-26 22:39:32 [INFO]: [QUERY] SELECT "private"."orders"."id", "private"."orders"."amount", "private"."orders"."status", "private"."orders"."createdAt", "private"."orders"."updatedAt", "private"."orders"."userId" FROM "private"."orders" WHERE "private"."orders"."userId" IN ($1) OFFSET $2 -- params: [2,0] -- duration: 2ms
2025-09-26 22:39:32 [INFO]: Creating user by admin service{"fullname":"staff 1","email":"staff1@example.com","password":"Staff123123","role":2,"status":1}
2025-09-26 22:39:32 [INFO]: [QUERY] SELECT "private"."users"."id", "private"."users"."fullname", "private"."users"."email", "private"."users"."password", "private"."users"."role", "private"."users"."status" FROM "private"."users" WHERE ("private"."users"."email" = $1 AND 1=1) LIMIT $2 OFFSET $3 -- params: ["staff1@example.com",1,0] -- duration: 6ms
2025-09-26 22:39:32 [INFO]: User Factory: {"fullname":"staff 1","email":"staff1@example.com","password":{},"role":2,"status":1}
2025-09-26 22:39:32 [INFO]: Request Factory: {"fullname":"staff 1","email":"staff1@example.com","password":{},"role":2,"status":1}
2025-09-26 22:39:33 [ERROR]: [ERROR] 
Invalid `prisma.users.create()` invocation:

{
  data: {
    id: undefined,
    fullname: "staff 1",
    email: "staff1@example.com",
    password: {},
              ~~
    role: 2,
    status: 1,
    contacts: undefined
  },
  select: {
    id: true,
    fullname: true,
    email: true,
    role: true,
    status: true,
    contacts: true,
    testimonials: true,
    orders: true
  }
}

Argument `password`: Invalid value provided. Expected String, provided Object.
2025-09-26 22:40:21 [INFO]: [INFO] Starting a postgresql pool with 5 connections.
2025-09-26 22:40:21 [INFO]: [QUERY] SELECT "private"."users"."id", "private"."users"."fullname", "private"."users"."email", "private"."users"."role", "private"."users"."status" FROM "private"."users" WHERE ("private"."users"."id" = $1 AND 1=1) LIMIT $2 OFFSET $3 -- params: [2,1,0] -- duration: 4ms
2025-09-26 22:40:21 [INFO]: [QUERY] SELECT "private"."contacts"."id", "private"."contacts"."contact", "private"."contacts"."description", "private"."contacts"."createdAt", "private"."contacts"."updatedAt", "private"."contacts"."userId" FROM "private"."contacts" WHERE "private"."contacts"."userId" IN ($1) OFFSET $2 -- params: [2,0] -- duration: 2ms
2025-09-26 22:40:21 [INFO]: [QUERY] SELECT "private"."testimonials"."id", "private"."testimonials"."content", "private"."testimonials"."rating", "private"."testimonials"."createdAt", "private"."testimonials"."updatedAt", "private"."testimonials"."userId" FROM "private"."testimonials" WHERE "private"."testimonials"."userId" IN ($1) OFFSET $2 -- params: [2,0] -- duration: 2ms
2025-09-26 22:40:21 [INFO]: [QUERY] SELECT "private"."orders"."id", "private"."orders"."amount", "private"."orders"."status", "private"."orders"."createdAt", "private"."orders"."updatedAt", "private"."orders"."userId" FROM "private"."orders" WHERE "private"."orders"."userId" IN ($1) OFFSET $2 -- params: [2,0] -- duration: 1ms
2025-09-26 22:40:21 [INFO]: Creating user by admin service{"fullname":"staff 1","email":"staff1@example.com","password":"Staff123123","role":2,"status":1}
2025-09-26 22:40:21 [INFO]: [QUERY] SELECT "private"."users"."id", "private"."users"."fullname", "private"."users"."email", "private"."users"."password", "private"."users"."role", "private"."users"."status" FROM "private"."users" WHERE ("private"."users"."email" = $1 AND 1=1) LIMIT $2 OFFSET $3 -- params: ["staff1@example.com",1,0] -- duration: 3ms
2025-09-26 22:40:21 [INFO]: User Factory: {"fullname":"staff 1","email":"staff1@example.com","password":{},"role":2,"status":1}
2025-09-26 22:40:21 [INFO]: Request Factory: {"fullname":"staff 1","email":"staff1@example.com","password":{},"role":2,"status":1}
2025-09-26 22:40:21 [ERROR]: [ERROR] 
Invalid `prisma.users.create()` invocation:

{
  data: {
    id: undefined,
    fullname: "staff 1",
    email: "staff1@example.com",
    password: {},
              ~~
    role: 2,
    status: 1,
    contacts: undefined
  },
  select: {
    id: true,
    fullname: true,
    email: true,
    paassword: true,
    role: true,
    status: true,
    contacts: true,
    testimonials: true,
    orders: true
  }
}

Argument `password`: Invalid value provided. Expected String, provided Object.
2025-09-26 22:40:44 [INFO]: [INFO] Starting a postgresql pool with 5 connections.
2025-09-26 22:40:44 [INFO]: [QUERY] SELECT "private"."users"."id", "private"."users"."fullname", "private"."users"."email", "private"."users"."role", "private"."users"."status" FROM "private"."users" WHERE ("private"."users"."id" = $1 AND 1=1) LIMIT $2 OFFSET $3 -- params: [2,1,0] -- duration: 1ms
2025-09-26 22:40:44 [INFO]: [QUERY] SELECT "private"."contacts"."id", "private"."contacts"."contact", "private"."contacts"."description", "private"."contacts"."createdAt", "private"."contacts"."updatedAt", "private"."contacts"."userId" FROM "private"."contacts" WHERE "private"."contacts"."userId" IN ($1) OFFSET $2 -- params: [2,0] -- duration: 1ms
2025-09-26 22:40:44 [INFO]: [QUERY] SELECT "private"."testimonials"."id", "private"."testimonials"."content", "private"."testimonials"."rating", "private"."testimonials"."createdAt", "private"."testimonials"."updatedAt", "private"."testimonials"."userId" FROM "private"."testimonials" WHERE "private"."testimonials"."userId" IN ($1) OFFSET $2 -- params: [2,0] -- duration: 4ms
2025-09-26 22:40:44 [INFO]: [QUERY] SELECT "private"."orders"."id", "private"."orders"."amount", "private"."orders"."status", "private"."orders"."createdAt", "private"."orders"."updatedAt", "private"."orders"."userId" FROM "private"."orders" WHERE "private"."orders"."userId" IN ($1) OFFSET $2 -- params: [2,0] -- duration: 2ms
2025-09-26 22:40:44 [INFO]: Creating user by admin service{"fullname":"staff 1","email":"staff1@example.com","password":"Staff123123","role":2,"status":1}
2025-09-26 22:40:44 [INFO]: [QUERY] SELECT "private"."users"."id", "private"."users"."fullname", "private"."users"."email", "private"."users"."password", "private"."users"."role", "private"."users"."status" FROM "private"."users" WHERE ("private"."users"."email" = $1 AND 1=1) LIMIT $2 OFFSET $3 -- params: ["staff1@example.com",1,0] -- duration: 2ms
2025-09-26 22:40:44 [INFO]: User Factory: {"fullname":"staff 1","email":"staff1@example.com","password":{},"role":2,"status":1}
2025-09-26 22:40:44 [INFO]: Request Factory: {"fullname":"staff 1","email":"staff1@example.com","password":{},"role":2,"status":1}
2025-09-26 22:40:44 [ERROR]: [ERROR] 
Invalid `prisma.users.create()` invocation:

{
  data: {
    id: undefined,
    fullname: "staff 1",
    email: "staff1@example.com",
    password: {},
              ~~
    role: 2,
    status: 1,
    contacts: undefined
  },
  select: {
    id: true,
    fullname: true,
    email: true,
    role: true,
    status: true,
    contacts: true,
    testimonials: true,
    orders: true
  }
}

Argument `password`: Invalid value provided. Expected String, provided Object.
2025-09-26 22:43:39 [INFO]: [INFO] Starting a postgresql pool with 5 connections.
2025-09-26 22:43:39 [INFO]: [QUERY] SELECT "private"."users"."id", "private"."users"."fullname", "private"."users"."email", "private"."users"."role", "private"."users"."status" FROM "private"."users" WHERE ("private"."users"."id" = $1 AND 1=1) LIMIT $2 OFFSET $3 -- params: [2,1,0] -- duration: 2ms
2025-09-26 22:43:39 [INFO]: [QUERY] SELECT "private"."contacts"."id", "private"."contacts"."contact", "private"."contacts"."description", "private"."contacts"."createdAt", "private"."contacts"."updatedAt", "private"."contacts"."userId" FROM "private"."contacts" WHERE "private"."contacts"."userId" IN ($1) OFFSET $2 -- params: [2,0] -- duration: 2ms
2025-09-26 22:43:39 [INFO]: [QUERY] SELECT "private"."testimonials"."id", "private"."testimonials"."content", "private"."testimonials"."rating", "private"."testimonials"."createdAt", "private"."testimonials"."updatedAt", "private"."testimonials"."userId" FROM "private"."testimonials" WHERE "private"."testimonials"."userId" IN ($1) OFFSET $2 -- params: [2,0] -- duration: 3ms
2025-09-26 22:43:39 [INFO]: [QUERY] SELECT "private"."orders"."id", "private"."orders"."amount", "private"."orders"."status", "private"."orders"."createdAt", "private"."orders"."updatedAt", "private"."orders"."userId" FROM "private"."orders" WHERE "private"."orders"."userId" IN ($1) OFFSET $2 -- params: [2,0] -- duration: 2ms
2025-09-26 22:43:39 [INFO]: Creating user by admin service{"fullname":"staff 1","email":"staff1@example.com","password":"Staff123123","role":2,"status":1}
2025-09-26 22:43:39 [INFO]: [QUERY] SELECT "private"."users"."id", "private"."users"."fullname", "private"."users"."email", "private"."users"."password", "private"."users"."role", "private"."users"."status" FROM "private"."users" WHERE ("private"."users"."email" = $1 AND 1=1) LIMIT $2 OFFSET $3 -- params: ["staff1@example.com",1,0] -- duration: 2ms
2025-09-26 22:43:39 [INFO]: User Factory: {"fullname":"staff 1","email":"staff1@example.com","password":"$2b$10$PzGttvjkj8X/QvK/lwfwyOyQpBQrowY7VciAwSEQjVXhT.g3G08LW","role":2,"status":1}
2025-09-26 22:43:39 [INFO]: Request Factory: {"fullname":"staff 1","email":"staff1@example.com","password":"$2b$10$PzGttvjkj8X/QvK/lwfwyOyQpBQrowY7VciAwSEQjVXhT.g3G08LW","role":2,"status":1}
2025-09-26 22:43:39 [INFO]: [QUERY] BEGIN -- params: [] -- duration: 0ms
2025-09-26 22:43:39 [INFO]: [QUERY] INSERT INTO "private"."users" ("fullname","email","password","role","status","createdAt","updatedAt") VALUES ($1,$2,$3,$4,$5,$6,$7) RETURNING "private"."users"."id" -- params: ["staff 1","staff1@example.com","$2b$10$PzGttvjkj8X/QvK/lwfwyOyQpBQrowY7VciAwSEQjVXhT.g3G08LW",2,1,"2025-09-26 15:43:39.474 UTC","2025-09-26 15:43:39.474 UTC"] -- duration: 2ms
2025-09-26 22:43:39 [INFO]: [QUERY] SELECT "private"."users"."id", "private"."users"."fullname", "private"."users"."email", "private"."users"."role", "private"."users"."status" FROM "private"."users" WHERE "private"."users"."id" = $1 LIMIT $2 OFFSET $3 -- params: [6,1,0] -- duration: 1ms
2025-09-26 22:43:39 [INFO]: [QUERY] SELECT "private"."contacts"."id", "private"."contacts"."contact", "private"."contacts"."description", "private"."contacts"."createdAt", "private"."contacts"."updatedAt", "private"."contacts"."userId" FROM "private"."contacts" WHERE "private"."contacts"."userId" IN ($1) OFFSET $2 -- params: [6,0] -- duration: 0ms
2025-09-26 22:43:39 [INFO]: [QUERY] SELECT "private"."testimonials"."id", "private"."testimonials"."content", "private"."testimonials"."rating", "private"."testimonials"."createdAt", "private"."testimonials"."updatedAt", "private"."testimonials"."userId" FROM "private"."testimonials" WHERE "private"."testimonials"."userId" IN ($1) OFFSET $2 -- params: [6,0] -- duration: 0ms
2025-09-26 22:43:39 [INFO]: [QUERY] SELECT "private"."orders"."id", "private"."orders"."amount", "private"."orders"."status", "private"."orders"."createdAt", "private"."orders"."updatedAt", "private"."orders"."userId" FROM "private"."orders" WHERE "private"."orders"."userId" IN ($1) OFFSET $2 -- params: [6,0] -- duration: 0ms
2025-09-26 22:43:39 [INFO]: [QUERY] COMMIT -- params: [] -- duration: 24ms
2025-09-26 22:45:07 [INFO]: [QUERY] SELECT 1 -- params: [] -- duration: 0ms
2025-09-26 22:45:07 [INFO]: [QUERY] SELECT "private"."users"."id", "private"."users"."fullname", "private"."users"."email", "private"."users"."role", "private"."users"."status" FROM "private"."users" WHERE ("private"."users"."id" = $1 AND 1=1) LIMIT $2 OFFSET $3 -- params: [2,1,0] -- duration: 0ms
2025-09-26 22:45:07 [INFO]: [QUERY] SELECT "private"."contacts"."id", "private"."contacts"."contact", "private"."contacts"."description", "private"."contacts"."createdAt", "private"."contacts"."updatedAt", "private"."contacts"."userId" FROM "private"."contacts" WHERE "private"."contacts"."userId" IN ($1) OFFSET $2 -- params: [2,0] -- duration: 0ms
2025-09-26 22:45:07 [INFO]: [QUERY] SELECT "private"."testimonials"."id", "private"."testimonials"."content", "private"."testimonials"."rating", "private"."testimonials"."createdAt", "private"."testimonials"."updatedAt", "private"."testimonials"."userId" FROM "private"."testimonials" WHERE "private"."testimonials"."userId" IN ($1) OFFSET $2 -- params: [2,0] -- duration: 0ms
2025-09-26 22:45:07 [INFO]: [QUERY] SELECT "private"."orders"."id", "private"."orders"."amount", "private"."orders"."status", "private"."orders"."createdAt", "private"."orders"."updatedAt", "private"."orders"."userId" FROM "private"."orders" WHERE "private"."orders"."userId" IN ($1) OFFSET $2 -- params: [2,0] -- duration: 0ms
2025-09-26 22:53:49 [INFO]: [INFO] Starting a postgresql pool with 5 connections.
2025-09-26 22:53:50 [INFO]: [QUERY] SELECT "private"."users"."id", "private"."users"."fullname", "private"."users"."email", "private"."users"."role", "private"."users"."status" FROM "private"."users" WHERE ("private"."users"."id" = $1 AND 1=1) LIMIT $2 OFFSET $3 -- params: [2,1,0] -- duration: 2ms
2025-09-26 22:53:50 [INFO]: [QUERY] SELECT "private"."contacts"."id", "private"."contacts"."contact", "private"."contacts"."description", "private"."contacts"."createdAt", "private"."contacts"."updatedAt", "private"."contacts"."userId" FROM "private"."contacts" WHERE "private"."contacts"."userId" IN ($1) OFFSET $2 -- params: [2,0] -- duration: 1ms
2025-09-26 22:53:50 [INFO]: [QUERY] SELECT "private"."testimonials"."id", "private"."testimonials"."content", "private"."testimonials"."rating", "private"."testimonials"."createdAt", "private"."testimonials"."updatedAt", "private"."testimonials"."userId" FROM "private"."testimonials" WHERE "private"."testimonials"."userId" IN ($1) OFFSET $2 -- params: [2,0] -- duration: 2ms
2025-09-26 22:53:50 [INFO]: [QUERY] SELECT "private"."orders"."id", "private"."orders"."amount", "private"."orders"."status", "private"."orders"."createdAt", "private"."orders"."updatedAt", "private"."orders"."userId" FROM "private"."orders" WHERE "private"."orders"."userId" IN ($1) OFFSET $2 -- params: [2,0] -- duration: 1ms
2025-09-26 22:55:58 [INFO]: [INFO] Starting a postgresql pool with 5 connections.
2025-09-26 22:55:58 [INFO]: [QUERY] SELECT "private"."users"."id", "private"."users"."fullname", "private"."users"."email", "private"."users"."role", "private"."users"."status" FROM "private"."users" WHERE ("private"."users"."id" = $1 AND 1=1) LIMIT $2 OFFSET $3 -- params: [2,1,0] -- duration: 4ms
2025-09-26 22:55:58 [INFO]: [QUERY] SELECT "private"."contacts"."id", "private"."contacts"."contact", "private"."contacts"."description", "private"."contacts"."createdAt", "private"."contacts"."updatedAt", "private"."contacts"."userId" FROM "private"."contacts" WHERE "private"."contacts"."userId" IN ($1) OFFSET $2 -- params: [2,0] -- duration: 1ms
2025-09-26 22:55:58 [INFO]: [QUERY] SELECT "private"."testimonials"."id", "private"."testimonials"."content", "private"."testimonials"."rating", "private"."testimonials"."createdAt", "private"."testimonials"."updatedAt", "private"."testimonials"."userId" FROM "private"."testimonials" WHERE "private"."testimonials"."userId" IN ($1) OFFSET $2 -- params: [2,0] -- duration: 1ms
2025-09-26 22:55:58 [INFO]: [QUERY] SELECT "private"."orders"."id", "private"."orders"."amount", "private"."orders"."status", "private"."orders"."createdAt", "private"."orders"."updatedAt", "private"."orders"."userId" FROM "private"."orders" WHERE "private"."orders"."userId" IN ($1) OFFSET $2 -- params: [2,0] -- duration: 1ms
2025-09-26 22:55:58 [INFO]: Creating user by admin service{"fullname":"staff 1","email":"staff1@example.com","password":"Staff123123","role":2,"status":1}
2025-09-26 22:55:58 [INFO]: [QUERY] SELECT "private"."users"."id", "private"."users"."fullname", "private"."users"."email", "private"."users"."password", "private"."users"."role", "private"."users"."status" FROM "private"."users" WHERE ("private"."users"."email" = $1 AND 1=1) LIMIT $2 OFFSET $3 -- params: ["staff1@example.com",1,0] -- duration: 3ms
2025-09-26 22:55:58 [INFO]: [QUERY] SELECT "private"."contacts"."id", "private"."contacts"."contact", "private"."contacts"."description", "private"."contacts"."createdAt", "private"."contacts"."updatedAt", "private"."contacts"."userId" FROM "private"."contacts" WHERE "private"."contacts"."userId" IN ($1) OFFSET $2 -- params: [6,0] -- duration: 3ms
2025-09-26 22:55:58 [INFO]: [QUERY] SELECT "private"."testimonials"."id", "private"."testimonials"."content", "private"."testimonials"."rating", "private"."testimonials"."createdAt", "private"."testimonials"."updatedAt", "private"."testimonials"."userId" FROM "private"."testimonials" WHERE "private"."testimonials"."userId" IN ($1) OFFSET $2 -- params: [6,0] -- duration: 1ms
2025-09-26 22:55:58 [INFO]: [QUERY] SELECT "private"."orders"."id", "private"."orders"."amount", "private"."orders"."status", "private"."orders"."createdAt", "private"."orders"."updatedAt", "private"."orders"."userId" FROM "private"."orders" WHERE "private"."orders"."userId" IN ($1) OFFSET $2 -- params: [6,0] -- duration: 0ms
2025-09-26 22:56:20 [INFO]: [QUERY] SELECT 1 -- params: [] -- duration: 0ms
2025-09-26 22:56:20 [INFO]: [QUERY] SELECT "private"."users"."id", "private"."users"."fullname", "private"."users"."email", "private"."users"."role", "private"."users"."status" FROM "private"."users" WHERE ("private"."users"."id" = $1 AND 1=1) LIMIT $2 OFFSET $3 -- params: [2,1,0] -- duration: 0ms
2025-09-26 22:56:20 [INFO]: [QUERY] SELECT "private"."contacts"."id", "private"."contacts"."contact", "private"."contacts"."description", "private"."contacts"."createdAt", "private"."contacts"."updatedAt", "private"."contacts"."userId" FROM "private"."contacts" WHERE "private"."contacts"."userId" IN ($1) OFFSET $2 -- params: [2,0] -- duration: 0ms
2025-09-26 22:56:20 [INFO]: [QUERY] SELECT "private"."testimonials"."id", "private"."testimonials"."content", "private"."testimonials"."rating", "private"."testimonials"."createdAt", "private"."testimonials"."updatedAt", "private"."testimonials"."userId" FROM "private"."testimonials" WHERE "private"."testimonials"."userId" IN ($1) OFFSET $2 -- params: [2,0] -- duration: 0ms
2025-09-26 22:56:20 [INFO]: [QUERY] SELECT "private"."orders"."id", "private"."orders"."amount", "private"."orders"."status", "private"."orders"."createdAt", "private"."orders"."updatedAt", "private"."orders"."userId" FROM "private"."orders" WHERE "private"."orders"."userId" IN ($1) OFFSET $2 -- params: [2,0] -- duration: 1ms
2025-09-26 22:56:20 [INFO]: Creating user by admin service{"fullname":"staff 1","email":"staff1@example.com","password":"Staff123123","role":2,"status":1}
2025-09-26 22:56:20 [INFO]: [QUERY] SELECT "private"."users"."id", "private"."users"."fullname", "private"."users"."email", "private"."users"."password", "private"."users"."role", "private"."users"."status" FROM "private"."users" WHERE ("private"."users"."email" = $1 AND 1=1) LIMIT $2 OFFSET $3 -- params: ["staff1@example.com",1,0] -- duration: 0ms
2025-09-26 22:56:20 [INFO]: User Factory: {"fullname":"staff 1","email":"staff1@example.com","password":"$2b$10$wjrfbUJ/XrTX.jvpIQUjFecmBYhGzvm.NFnHuMmxLynKxC7UJCkp.","role":2,"status":1}
2025-09-26 22:56:20 [INFO]: Request Factory: {"fullname":"staff 1","email":"staff1@example.com","password":"$2b$10$wjrfbUJ/XrTX.jvpIQUjFecmBYhGzvm.NFnHuMmxLynKxC7UJCkp.","role":2,"status":1}
2025-09-26 22:56:20 [INFO]: [QUERY] BEGIN -- params: [] -- duration: 0ms
2025-09-26 22:56:20 [INFO]: [QUERY] INSERT INTO "private"."users" ("fullname","email","password","role","status","createdAt","updatedAt") VALUES ($1,$2,$3,$4,$5,$6,$7) RETURNING "private"."users"."id" -- params: ["staff 1","staff1@example.com","$2b$10$wjrfbUJ/XrTX.jvpIQUjFecmBYhGzvm.NFnHuMmxLynKxC7UJCkp.",2,1,"2025-09-26 15:56:20.398 UTC","2025-09-26 15:56:20.398 UTC"] -- duration: 1ms
2025-09-26 22:56:20 [INFO]: [QUERY] SELECT "private"."users"."id", "private"."users"."fullname", "private"."users"."email", "private"."users"."role", "private"."users"."status" FROM "private"."users" WHERE "private"."users"."id" = $1 LIMIT $2 OFFSET $3 -- params: [7,1,0] -- duration: 2ms
2025-09-26 22:56:20 [INFO]: [QUERY] SELECT "private"."contacts"."id", "private"."contacts"."contact", "private"."contacts"."description", "private"."contacts"."createdAt", "private"."contacts"."updatedAt", "private"."contacts"."userId" FROM "private"."contacts" WHERE "private"."contacts"."userId" IN ($1) OFFSET $2 -- params: [7,0] -- duration: 2ms
2025-09-26 22:56:20 [INFO]: [QUERY] SELECT "private"."testimonials"."id", "private"."testimonials"."content", "private"."testimonials"."rating", "private"."testimonials"."createdAt", "private"."testimonials"."updatedAt", "private"."testimonials"."userId" FROM "private"."testimonials" WHERE "private"."testimonials"."userId" IN ($1) OFFSET $2 -- params: [7,0] -- duration: 0ms
2025-09-26 22:56:20 [INFO]: [QUERY] SELECT "private"."orders"."id", "private"."orders"."amount", "private"."orders"."status", "private"."orders"."createdAt", "private"."orders"."updatedAt", "private"."orders"."userId" FROM "private"."orders" WHERE "private"."orders"."userId" IN ($1) OFFSET $2 -- params: [7,0] -- duration: 1ms
2025-09-26 22:56:20 [INFO]: [QUERY] COMMIT -- params: [] -- duration: 25ms
2025-09-26 22:57:40 [INFO]: [INFO] Starting a postgresql pool with 5 connections.
2025-09-26 22:57:40 [INFO]: [QUERY] SELECT "private"."users"."id", "private"."users"."fullname", "private"."users"."email", "private"."users"."role", "private"."users"."status" FROM "private"."users" WHERE ("private"."users"."id" = $1 AND 1=1) LIMIT $2 OFFSET $3 -- params: [2,1,0] -- duration: 1ms
2025-09-26 22:57:40 [INFO]: [QUERY] SELECT "private"."contacts"."id", "private"."contacts"."contact", "private"."contacts"."description", "private"."contacts"."createdAt", "private"."contacts"."updatedAt", "private"."contacts"."userId" FROM "private"."contacts" WHERE "private"."contacts"."userId" IN ($1) OFFSET $2 -- params: [2,0] -- duration: 1ms
2025-09-26 22:57:40 [INFO]: [QUERY] SELECT "private"."testimonials"."id", "private"."testimonials"."content", "private"."testimonials"."rating", "private"."testimonials"."createdAt", "private"."testimonials"."updatedAt", "private"."testimonials"."userId" FROM "private"."testimonials" WHERE "private"."testimonials"."userId" IN ($1) OFFSET $2 -- params: [2,0] -- duration: 2ms
2025-09-26 22:57:40 [INFO]: [QUERY] SELECT "private"."orders"."id", "private"."orders"."amount", "private"."orders"."status", "private"."orders"."createdAt", "private"."orders"."updatedAt", "private"."orders"."userId" FROM "private"."orders" WHERE "private"."orders"."userId" IN ($1) OFFSET $2 -- params: [2,0] -- duration: 1ms
2025-09-26 22:57:41 [INFO]: Creating user by admin service{"fullname":"staff 1","email":"staff1@example.com","password":"Staff123123","role":2,"status":1}
2025-09-26 22:57:41 [INFO]: [QUERY] SELECT "private"."users"."id", "private"."users"."fullname", "private"."users"."email", "private"."users"."password", "private"."users"."role", "private"."users"."status" FROM "private"."users" WHERE ("private"."users"."email" = $1 AND 1=1) LIMIT $2 OFFSET $3 -- params: ["staff1@example.com",1,0] -- duration: 3ms
2025-09-26 22:57:41 [INFO]: [QUERY] SELECT "private"."contacts"."id", "private"."contacts"."contact", "private"."contacts"."description", "private"."contacts"."createdAt", "private"."contacts"."updatedAt", "private"."contacts"."userId" FROM "private"."contacts" WHERE "private"."contacts"."userId" IN ($1) OFFSET $2 -- params: [7,0] -- duration: 0ms
2025-09-26 22:57:41 [INFO]: [QUERY] SELECT "private"."testimonials"."id", "private"."testimonials"."content", "private"."testimonials"."rating", "private"."testimonials"."createdAt", "private"."testimonials"."updatedAt", "private"."testimonials"."userId" FROM "private"."testimonials" WHERE "private"."testimonials"."userId" IN ($1) OFFSET $2 -- params: [7,0] -- duration: 1ms
2025-09-26 22:57:41 [INFO]: [QUERY] SELECT "private"."orders"."id", "private"."orders"."amount", "private"."orders"."status", "private"."orders"."createdAt", "private"."orders"."updatedAt", "private"."orders"."userId" FROM "private"."orders" WHERE "private"."orders"."userId" IN ($1) OFFSET $2 -- params: [7,0] -- duration: 1ms
2025-09-26 22:59:00 [INFO]: [QUERY] SELECT 1 -- params: [] -- duration: 0ms
2025-09-26 22:59:00 [INFO]: [QUERY] SELECT "private"."users"."id", "private"."users"."fullname", "private"."users"."email", "private"."users"."role", "private"."users"."status" FROM "private"."users" WHERE ("private"."users"."id" = $1 AND 1=1) LIMIT $2 OFFSET $3 -- params: [2,1,0] -- duration: 0ms
2025-09-26 22:59:00 [INFO]: [QUERY] SELECT "private"."contacts"."id", "private"."contacts"."contact", "private"."contacts"."description", "private"."contacts"."createdAt", "private"."contacts"."updatedAt", "private"."contacts"."userId" FROM "private"."contacts" WHERE "private"."contacts"."userId" IN ($1) OFFSET $2 -- params: [2,0] -- duration: 1ms
2025-09-26 22:59:00 [INFO]: [QUERY] SELECT "private"."testimonials"."id", "private"."testimonials"."content", "private"."testimonials"."rating", "private"."testimonials"."createdAt", "private"."testimonials"."updatedAt", "private"."testimonials"."userId" FROM "private"."testimonials" WHERE "private"."testimonials"."userId" IN ($1) OFFSET $2 -- params: [2,0] -- duration: 0ms
2025-09-26 22:59:00 [INFO]: [QUERY] SELECT "private"."orders"."id", "private"."orders"."amount", "private"."orders"."status", "private"."orders"."createdAt", "private"."orders"."updatedAt", "private"."orders"."userId" FROM "private"."orders" WHERE "private"."orders"."userId" IN ($1) OFFSET $2 -- params: [2,0] -- duration: 0ms
2025-09-26 22:59:00 [INFO]: Creating user by admin service{"fullname":"staff 1","email":"staff1@example.com","password":"Staff123123","role":2,"status":1}
2025-09-26 22:59:00 [INFO]: [QUERY] SELECT "private"."users"."id", "private"."users"."fullname", "private"."users"."email", "private"."users"."password", "private"."users"."role", "private"."users"."status" FROM "private"."users" WHERE ("private"."users"."email" = $1 AND 1=1) LIMIT $2 OFFSET $3 -- params: ["staff1@example.com",1,0] -- duration: 1ms
2025-09-26 22:59:01 [INFO]: User Factory: {"fullname":"staff 1","email":"staff1@example.com","password":"$2b$10$ItD4SkJMD0Hyep23rzZyku5VtPsu3zWidRuT/YG/VrE.n5N/LbeFu","role":2,"status":1}
2025-09-26 22:59:01 [INFO]: Request Factory: {"fullname":"staff 1","email":"staff1@example.com","password":"$2b$10$ItD4SkJMD0Hyep23rzZyku5VtPsu3zWidRuT/YG/VrE.n5N/LbeFu","role":2,"status":1}
2025-09-26 22:59:01 [INFO]: [QUERY] BEGIN -- params: [] -- duration: 0ms
2025-09-26 22:59:01 [INFO]: [QUERY] INSERT INTO "private"."users" ("fullname","email","password","role","status","createdAt","updatedAt") VALUES ($1,$2,$3,$4,$5,$6,$7) RETURNING "private"."users"."id" -- params: ["staff 1","staff1@example.com","$2b$10$ItD4SkJMD0Hyep23rzZyku5VtPsu3zWidRuT/YG/VrE.n5N/LbeFu",2,1,"2025-09-26 15:59:01.108 UTC","2025-09-26 15:59:01.108 UTC"] -- duration: 1ms
2025-09-26 22:59:01 [INFO]: [QUERY] SELECT "private"."users"."id", "private"."users"."fullname", "private"."users"."email", "private"."users"."role", "private"."users"."status" FROM "private"."users" WHERE "private"."users"."id" = $1 LIMIT $2 OFFSET $3 -- params: [8,1,0] -- duration: 5ms
2025-09-26 22:59:01 [INFO]: [QUERY] SELECT "private"."contacts"."id", "private"."contacts"."contact", "private"."contacts"."description", "private"."contacts"."createdAt", "private"."contacts"."updatedAt", "private"."contacts"."userId" FROM "private"."contacts" WHERE "private"."contacts"."userId" IN ($1) OFFSET $2 -- params: [8,0] -- duration: 0ms
2025-09-26 22:59:01 [INFO]: [QUERY] SELECT "private"."testimonials"."id", "private"."testimonials"."content", "private"."testimonials"."rating", "private"."testimonials"."createdAt", "private"."testimonials"."updatedAt", "private"."testimonials"."userId" FROM "private"."testimonials" WHERE "private"."testimonials"."userId" IN ($1) OFFSET $2 -- params: [8,0] -- duration: 0ms
2025-09-26 22:59:01 [INFO]: [QUERY] SELECT "private"."orders"."id", "private"."orders"."amount", "private"."orders"."status", "private"."orders"."createdAt", "private"."orders"."updatedAt", "private"."orders"."userId" FROM "private"."orders" WHERE "private"."orders"."userId" IN ($1) OFFSET $2 -- params: [8,0] -- duration: 3ms
2025-09-26 22:59:01 [INFO]: [QUERY] COMMIT -- params: [] -- duration: 39ms
2025-09-26 23:03:07 [INFO]: [INFO] Starting a postgresql pool with 5 connections.
2025-09-26 23:03:08 [INFO]: [QUERY] SELECT "private"."users"."id", "private"."users"."fullname", "private"."users"."email", "private"."users"."role", "private"."users"."status" FROM "private"."users" WHERE ("private"."users"."id" = $1 AND 1=1) LIMIT $2 OFFSET $3 -- params: [2,1,0] -- duration: 5ms
2025-09-26 23:03:08 [INFO]: [QUERY] SELECT "private"."contacts"."id", "private"."contacts"."contact", "private"."contacts"."description", "private"."contacts"."createdAt", "private"."contacts"."updatedAt", "private"."contacts"."userId" FROM "private"."contacts" WHERE "private"."contacts"."userId" IN ($1) OFFSET $2 -- params: [2,0] -- duration: 1ms
2025-09-26 23:03:08 [INFO]: [QUERY] SELECT "private"."testimonials"."id", "private"."testimonials"."content", "private"."testimonials"."rating", "private"."testimonials"."createdAt", "private"."testimonials"."updatedAt", "private"."testimonials"."userId" FROM "private"."testimonials" WHERE "private"."testimonials"."userId" IN ($1) OFFSET $2 -- params: [2,0] -- duration: 1ms
2025-09-26 23:03:08 [INFO]: [QUERY] SELECT "private"."orders"."id", "private"."orders"."amount", "private"."orders"."status", "private"."orders"."createdAt", "private"."orders"."updatedAt", "private"."orders"."userId" FROM "private"."orders" WHERE "private"."orders"."userId" IN ($1) OFFSET $2 -- params: [2,0] -- duration: 2ms
2025-09-26 23:03:08 [INFO]: Creating user by admin service{"fullname":"staff 1","email":"staff1@example.com","password":"Staff123123","role":2,"status":1}
2025-09-26 23:03:08 [INFO]: [QUERY] SELECT "private"."users"."id", "private"."users"."fullname", "private"."users"."email", "private"."users"."password", "private"."users"."role", "private"."users"."status" FROM "private"."users" WHERE ("private"."users"."email" = $1 AND 1=1) LIMIT $2 OFFSET $3 -- params: ["staff1@example.com",1,0] -- duration: 4ms
2025-09-26 23:03:08 [INFO]: User Factory: {"fullname":"staff 1","email":"staff1@example.com","password":"$2b$10$EbEqtVDXWXxEZftlDJQxAur1zq4zWszZ05SLGIk3miDajrft88926","role":2,"status":1}
2025-09-26 23:03:08 [INFO]: Request Factory: {"fullname":"staff 1","email":"staff1@example.com","password":"$2b$10$EbEqtVDXWXxEZftlDJQxAur1zq4zWszZ05SLGIk3miDajrft88926","role":2,"status":1}
2025-09-26 23:03:08 [INFO]: [QUERY] BEGIN -- params: [] -- duration: 0ms
2025-09-26 23:03:08 [INFO]: [QUERY] INSERT INTO "private"."users" ("fullname","email","password","role","status","createdAt","updatedAt") VALUES ($1,$2,$3,$4,$5,$6,$7) RETURNING "private"."users"."id" -- params: ["staff 1","staff1@example.com","$2b$10$EbEqtVDXWXxEZftlDJQxAur1zq4zWszZ05SLGIk3miDajrft88926",2,1,"2025-09-26 16:03:08.263 UTC","2025-09-26 16:03:08.263 UTC"] -- duration: 2ms
2025-09-26 23:03:08 [INFO]: [QUERY] SELECT "private"."users"."id", "private"."users"."fullname", "private"."users"."email", "private"."users"."role", "private"."users"."status" FROM "private"."users" WHERE "private"."users"."id" = $1 LIMIT $2 OFFSET $3 -- params: [9,1,0] -- duration: 2ms
2025-09-26 23:03:08 [INFO]: [QUERY] SELECT "private"."contacts"."id", "private"."contacts"."contact", "private"."contacts"."description", "private"."contacts"."createdAt", "private"."contacts"."updatedAt", "private"."contacts"."userId" FROM "private"."contacts" WHERE "private"."contacts"."userId" IN ($1) OFFSET $2 -- params: [9,0] -- duration: 1ms
2025-09-26 23:03:08 [INFO]: [QUERY] SELECT "private"."testimonials"."id", "private"."testimonials"."content", "private"."testimonials"."rating", "private"."testimonials"."createdAt", "private"."testimonials"."updatedAt", "private"."testimonials"."userId" FROM "private"."testimonials" WHERE "private"."testimonials"."userId" IN ($1) OFFSET $2 -- params: [9,0] -- duration: 0ms
2025-09-26 23:03:08 [INFO]: [QUERY] SELECT "private"."orders"."id", "private"."orders"."amount", "private"."orders"."status", "private"."orders"."createdAt", "private"."orders"."updatedAt", "private"."orders"."userId" FROM "private"."orders" WHERE "private"."orders"."userId" IN ($1) OFFSET $2 -- params: [9,0] -- duration: 0ms
2025-09-26 23:03:08 [INFO]: [QUERY] COMMIT -- params: [] -- duration: 20ms
2025-09-26 23:03:31 [INFO]: [INFO] Starting a postgresql pool with 5 connections.
2025-09-26 23:03:31 [INFO]: [QUERY] SELECT "private"."users"."id", "private"."users"."fullname", "private"."users"."email", "private"."users"."role", "private"."users"."status" FROM "private"."users" WHERE ("private"."users"."id" = $1 AND 1=1) LIMIT $2 OFFSET $3 -- params: [2,1,0] -- duration: 2ms
2025-09-26 23:03:31 [INFO]: [QUERY] SELECT "private"."contacts"."id", "private"."contacts"."contact", "private"."contacts"."description", "private"."contacts"."createdAt", "private"."contacts"."updatedAt", "private"."contacts"."userId" FROM "private"."contacts" WHERE "private"."contacts"."userId" IN ($1) OFFSET $2 -- params: [2,0] -- duration: 2ms
2025-09-26 23:03:31 [INFO]: [QUERY] SELECT "private"."testimonials"."id", "private"."testimonials"."content", "private"."testimonials"."rating", "private"."testimonials"."createdAt", "private"."testimonials"."updatedAt", "private"."testimonials"."userId" FROM "private"."testimonials" WHERE "private"."testimonials"."userId" IN ($1) OFFSET $2 -- params: [2,0] -- duration: 1ms
2025-09-26 23:03:31 [INFO]: [QUERY] SELECT "private"."orders"."id", "private"."orders"."amount", "private"."orders"."status", "private"."orders"."createdAt", "private"."orders"."updatedAt", "private"."orders"."userId" FROM "private"."orders" WHERE "private"."orders"."userId" IN ($1) OFFSET $2 -- params: [2,0] -- duration: 2ms
2025-09-26 23:03:31 [INFO]: Creating user by admin service{"fullname":"staff 1","email":"staff1@example.com","password":"Staff123123","role":2,"status":1}
2025-09-26 23:03:31 [INFO]: [QUERY] SELECT "private"."users"."id", "private"."users"."fullname", "private"."users"."email", "private"."users"."password", "private"."users"."role", "private"."users"."status" FROM "private"."users" WHERE ("private"."users"."email" = $1 AND 1=1) LIMIT $2 OFFSET $3 -- params: ["staff1@example.com",1,0] -- duration: 2ms
2025-09-26 23:03:31 [INFO]: User Factory: {"fullname":"staff 1","email":"staff1@example.com","password":"$2b$10$FF5fQvRGVDRwF0cEFXfpse/HhS2LmINLhlsBfN7J40.Eg/Jw2AhMW","role":2,"status":1}
2025-09-26 23:03:31 [INFO]: Request Factory: {"fullname":"staff 1","email":"staff1@example.com","password":"$2b$10$FF5fQvRGVDRwF0cEFXfpse/HhS2LmINLhlsBfN7J40.Eg/Jw2AhMW","role":2,"status":1}
2025-09-26 23:03:31 [INFO]: [QUERY] BEGIN -- params: [] -- duration: 0ms
2025-09-26 23:03:31 [INFO]: [QUERY] INSERT INTO "private"."users" ("fullname","email","password","role","status","createdAt","updatedAt") VALUES ($1,$2,$3,$4,$5,$6,$7) RETURNING "private"."users"."id" -- params: ["staff 1","staff1@example.com","$2b$10$FF5fQvRGVDRwF0cEFXfpse/HhS2LmINLhlsBfN7J40.Eg/Jw2AhMW",2,1,"2025-09-26 16:03:31.564 UTC","2025-09-26 16:03:31.564 UTC"] -- duration: 1ms
2025-09-26 23:03:31 [INFO]: [QUERY] SELECT "private"."users"."id", "private"."users"."fullname", "private"."users"."email", "private"."users"."role", "private"."users"."status" FROM "private"."users" WHERE "private"."users"."id" = $1 LIMIT $2 OFFSET $3 -- params: [10,1,0] -- duration: 1ms
2025-09-26 23:03:31 [INFO]: [QUERY] SELECT "private"."contacts"."id", "private"."contacts"."contact", "private"."contacts"."description", "private"."contacts"."createdAt", "private"."contacts"."updatedAt", "private"."contacts"."userId" FROM "private"."contacts" WHERE "private"."contacts"."userId" IN ($1) OFFSET $2 -- params: [10,0] -- duration: 0ms
2025-09-26 23:03:31 [INFO]: [QUERY] SELECT "private"."testimonials"."id", "private"."testimonials"."content", "private"."testimonials"."rating", "private"."testimonials"."createdAt", "private"."testimonials"."updatedAt", "private"."testimonials"."userId" FROM "private"."testimonials" WHERE "private"."testimonials"."userId" IN ($1) OFFSET $2 -- params: [10,0] -- duration: 0ms
2025-09-26 23:03:31 [INFO]: [QUERY] SELECT "private"."orders"."id", "private"."orders"."amount", "private"."orders"."status", "private"."orders"."createdAt", "private"."orders"."updatedAt", "private"."orders"."userId" FROM "private"."orders" WHERE "private"."orders"."userId" IN ($1) OFFSET $2 -- params: [10,0] -- duration: 1ms
2025-09-26 23:03:31 [INFO]: [QUERY] COMMIT -- params: [] -- duration: 27ms
2025-09-26 23:03:57 [INFO]: [INFO] Starting a postgresql pool with 5 connections.
2025-09-26 23:03:57 [INFO]: [QUERY] SELECT "private"."users"."id", "private"."users"."fullname", "private"."users"."email", "private"."users"."role", "private"."users"."status" FROM "private"."users" WHERE ("private"."users"."id" = $1 AND 1=1) LIMIT $2 OFFSET $3 -- params: [2,1,0] -- duration: 2ms
2025-09-26 23:03:57 [INFO]: [QUERY] SELECT "private"."contacts"."id", "private"."contacts"."contact", "private"."contacts"."description", "private"."contacts"."createdAt", "private"."contacts"."updatedAt", "private"."contacts"."userId" FROM "private"."contacts" WHERE "private"."contacts"."userId" IN ($1) OFFSET $2 -- params: [2,0] -- duration: 2ms
2025-09-26 23:03:57 [INFO]: [QUERY] SELECT "private"."testimonials"."id", "private"."testimonials"."content", "private"."testimonials"."rating", "private"."testimonials"."createdAt", "private"."testimonials"."updatedAt", "private"."testimonials"."userId" FROM "private"."testimonials" WHERE "private"."testimonials"."userId" IN ($1) OFFSET $2 -- params: [2,0] -- duration: 2ms
2025-09-26 23:03:57 [INFO]: [QUERY] SELECT "private"."orders"."id", "private"."orders"."amount", "private"."orders"."status", "private"."orders"."createdAt", "private"."orders"."updatedAt", "private"."orders"."userId" FROM "private"."orders" WHERE "private"."orders"."userId" IN ($1) OFFSET $2 -- params: [2,0] -- duration: 2ms
2025-09-26 23:03:57 [INFO]: Creating user by admin service{"fullname":"staff 1","email":"staff1@example.com","password":"Staff123123","role":2,"status":1}
2025-09-26 23:03:57 [INFO]: [QUERY] SELECT "private"."users"."id", "private"."users"."fullname", "private"."users"."email", "private"."users"."password", "private"."users"."role", "private"."users"."status" FROM "private"."users" WHERE ("private"."users"."email" = $1 AND 1=1) LIMIT $2 OFFSET $3 -- params: ["staff1@example.com",1,0] -- duration: 2ms
2025-09-26 23:03:58 [INFO]: User Factory: {"fullname":"staff 1","email":"staff1@example.com","password":"$2b$10$mydivAPPla6WI/sDHiNOE.IaruVfVJlPlrs26LgglMJrrelLeJtNa","role":2,"status":1}
2025-09-26 23:03:58 [INFO]: Request Factory: {"fullname":"staff 1","email":"staff1@example.com","password":"$2b$10$mydivAPPla6WI/sDHiNOE.IaruVfVJlPlrs26LgglMJrrelLeJtNa","role":2,"status":1}
2025-09-26 23:03:58 [INFO]: [QUERY] BEGIN -- params: [] -- duration: 0ms
2025-09-26 23:03:58 [INFO]: [QUERY] INSERT INTO "private"."users" ("fullname","email","password","role","status","createdAt","updatedAt") VALUES ($1,$2,$3,$4,$5,$6,$7) RETURNING "private"."users"."id" -- params: ["staff 1","staff1@example.com","$2b$10$mydivAPPla6WI/sDHiNOE.IaruVfVJlPlrs26LgglMJrrelLeJtNa",2,1,"2025-09-26 16:03:58.043 UTC","2025-09-26 16:03:58.043 UTC"] -- duration: 1ms
2025-09-26 23:03:58 [INFO]: [QUERY] SELECT "private"."users"."id", "private"."users"."fullname", "private"."users"."email", "private"."users"."role", "private"."users"."status" FROM "private"."users" WHERE "private"."users"."id" = $1 LIMIT $2 OFFSET $3 -- params: [11,1,0] -- duration: 4ms
2025-09-26 23:03:58 [INFO]: [QUERY] SELECT "private"."contacts"."id", "private"."contacts"."contact", "private"."contacts"."description", "private"."contacts"."createdAt", "private"."contacts"."updatedAt", "private"."contacts"."userId" FROM "private"."contacts" WHERE "private"."contacts"."userId" IN ($1) OFFSET $2 -- params: [11,0] -- duration: 3ms
2025-09-26 23:03:58 [INFO]: [QUERY] SELECT "private"."testimonials"."id", "private"."testimonials"."content", "private"."testimonials"."rating", "private"."testimonials"."createdAt", "private"."testimonials"."updatedAt", "private"."testimonials"."userId" FROM "private"."testimonials" WHERE "private"."testimonials"."userId" IN ($1) OFFSET $2 -- params: [11,0] -- duration: 2ms
2025-09-26 23:03:58 [INFO]: [QUERY] SELECT "private"."orders"."id", "private"."orders"."amount", "private"."orders"."status", "private"."orders"."createdAt", "private"."orders"."updatedAt", "private"."orders"."userId" FROM "private"."orders" WHERE "private"."orders"."userId" IN ($1) OFFSET $2 -- params: [11,0] -- duration: 4ms
2025-09-26 23:03:58 [INFO]: [QUERY] COMMIT -- params: [] -- duration: 7ms
2025-09-26 23:06:59 [INFO]: [INFO] Starting a postgresql pool with 5 connections.
2025-09-26 23:06:59 [INFO]: [QUERY] SELECT "private"."users"."id", "private"."users"."fullname", "private"."users"."email", "private"."users"."role", "private"."users"."status" FROM "private"."users" WHERE ("private"."users"."id" = $1 AND 1=1) LIMIT $2 OFFSET $3 -- params: [2,1,0] -- duration: 2ms
2025-09-26 23:06:59 [INFO]: [QUERY] SELECT "private"."contacts"."id", "private"."contacts"."contact", "private"."contacts"."description", "private"."contacts"."createdAt", "private"."contacts"."updatedAt", "private"."contacts"."userId" FROM "private"."contacts" WHERE "private"."contacts"."userId" IN ($1) OFFSET $2 -- params: [2,0] -- duration: 1ms
2025-09-26 23:06:59 [INFO]: [QUERY] SELECT "private"."testimonials"."id", "private"."testimonials"."content", "private"."testimonials"."rating", "private"."testimonials"."createdAt", "private"."testimonials"."updatedAt", "private"."testimonials"."userId" FROM "private"."testimonials" WHERE "private"."testimonials"."userId" IN ($1) OFFSET $2 -- params: [2,0] -- duration: 2ms
2025-09-26 23:06:59 [INFO]: [QUERY] SELECT "private"."orders"."id", "private"."orders"."amount", "private"."orders"."status", "private"."orders"."createdAt", "private"."orders"."updatedAt", "private"."orders"."userId" FROM "private"."orders" WHERE "private"."orders"."userId" IN ($1) OFFSET $2 -- params: [2,0] -- duration: 1ms
2025-09-26 23:06:59 [INFO]: Creating user by admin service{"fullname":"staff 1","email":"staff1@example.com","password":"Staff123123","role":2,"status":1}
2025-09-26 23:06:59 [INFO]: [QUERY] SELECT "private"."users"."id", "private"."users"."fullname", "private"."users"."email", "private"."users"."password", "private"."users"."role", "private"."users"."status" FROM "private"."users" WHERE ("private"."users"."email" = $1 AND 1=1) LIMIT $2 OFFSET $3 -- params: ["staff1@example.com",1,0] -- duration: 8ms
2025-09-26 23:07:00 [INFO]: [QUERY] SELECT "private"."contacts"."id", "private"."contacts"."contact", "private"."contacts"."description", "private"."contacts"."createdAt", "private"."contacts"."updatedAt", "private"."contacts"."userId" FROM "private"."contacts" WHERE "private"."contacts"."userId" IN ($1) OFFSET $2 -- params: [11,0] -- duration: 1ms
2025-09-26 23:07:00 [INFO]: [QUERY] SELECT "private"."testimonials"."id", "private"."testimonials"."content", "private"."testimonials"."rating", "private"."testimonials"."createdAt", "private"."testimonials"."updatedAt", "private"."testimonials"."userId" FROM "private"."testimonials" WHERE "private"."testimonials"."userId" IN ($1) OFFSET $2 -- params: [11,0] -- duration: 1ms
2025-09-26 23:07:00 [INFO]: [QUERY] SELECT "private"."orders"."id", "private"."orders"."amount", "private"."orders"."status", "private"."orders"."createdAt", "private"."orders"."updatedAt", "private"."orders"."userId" FROM "private"."orders" WHERE "private"."orders"."userId" IN ($1) OFFSET $2 -- params: [11,0] -- duration: 3ms
2025-09-26 23:07:38 [INFO]: [QUERY] SELECT 1 -- params: [] -- duration: 0ms
2025-09-26 23:07:38 [INFO]: [QUERY] SELECT "private"."users"."id", "private"."users"."fullname", "private"."users"."email", "private"."users"."role", "private"."users"."status" FROM "private"."users" WHERE ("private"."users"."id" = $1 AND 1=1) LIMIT $2 OFFSET $3 -- params: [2,1,0] -- duration: 0ms
2025-09-26 23:07:38 [INFO]: [QUERY] SELECT "private"."contacts"."id", "private"."contacts"."contact", "private"."contacts"."description", "private"."contacts"."createdAt", "private"."contacts"."updatedAt", "private"."contacts"."userId" FROM "private"."contacts" WHERE "private"."contacts"."userId" IN ($1) OFFSET $2 -- params: [2,0] -- duration: 0ms
2025-09-26 23:07:38 [INFO]: [QUERY] SELECT "private"."testimonials"."id", "private"."testimonials"."content", "private"."testimonials"."rating", "private"."testimonials"."createdAt", "private"."testimonials"."updatedAt", "private"."testimonials"."userId" FROM "private"."testimonials" WHERE "private"."testimonials"."userId" IN ($1) OFFSET $2 -- params: [2,0] -- duration: 0ms
2025-09-26 23:07:38 [INFO]: [QUERY] SELECT "private"."orders"."id", "private"."orders"."amount", "private"."orders"."status", "private"."orders"."createdAt", "private"."orders"."updatedAt", "private"."orders"."userId" FROM "private"."orders" WHERE "private"."orders"."userId" IN ($1) OFFSET $2 -- params: [2,0] -- duration: 0ms
2025-09-26 23:07:38 [INFO]: Creating user by admin service{"fullname":"staff 1","email":"staff1@example.com","password":"Staff123123","role":2,"status":1}
2025-09-26 23:07:38 [INFO]: [QUERY] SELECT "private"."users"."id", "private"."users"."fullname", "private"."users"."email", "private"."users"."password", "private"."users"."role", "private"."users"."status" FROM "private"."users" WHERE ("private"."users"."email" = $1 AND 1=1) LIMIT $2 OFFSET $3 -- params: ["staff1@example.com",1,0] -- duration: 1ms
2025-09-26 23:07:38 [INFO]: User Factory: {"fullname":"staff 1","email":"staff1@example.com","password":"$2b$10$cYazKCsMypLmZ.Hl6nLTxe0OE73RNAKSKcOufrlHbWW.CAouj2FUi","role":2,"status":1}
2025-09-26 23:07:38 [INFO]: Request Factory: {"fullname":"staff 1","email":"staff1@example.com","password":"$2b$10$cYazKCsMypLmZ.Hl6nLTxe0OE73RNAKSKcOufrlHbWW.CAouj2FUi","role":2,"status":1}
2025-09-26 23:07:38 [INFO]: [QUERY] BEGIN -- params: [] -- duration: 0ms
2025-09-26 23:07:38 [INFO]: [QUERY] INSERT INTO "private"."users" ("fullname","email","password","role","status","createdAt","updatedAt") VALUES ($1,$2,$3,$4,$5,$6,$7) RETURNING "private"."users"."id" -- params: ["staff 1","staff1@example.com","$2b$10$cYazKCsMypLmZ.Hl6nLTxe0OE73RNAKSKcOufrlHbWW.CAouj2FUi",2,1,"2025-09-26 16:07:38.569 UTC","2025-09-26 16:07:38.569 UTC"] -- duration: 3ms
2025-09-26 23:07:38 [INFO]: [QUERY] SELECT "private"."users"."id", "private"."users"."fullname", "private"."users"."email", "private"."users"."role", "private"."users"."status" FROM "private"."users" WHERE "private"."users"."id" = $1 LIMIT $2 OFFSET $3 -- params: [12,1,0] -- duration: 2ms
2025-09-26 23:07:38 [INFO]: [QUERY] SELECT "private"."contacts"."id", "private"."contacts"."contact", "private"."contacts"."description", "private"."contacts"."createdAt", "private"."contacts"."updatedAt", "private"."contacts"."userId" FROM "private"."contacts" WHERE "private"."contacts"."userId" IN ($1) OFFSET $2 -- params: [12,0] -- duration: 0ms
2025-09-26 23:07:38 [INFO]: [QUERY] SELECT "private"."testimonials"."id", "private"."testimonials"."content", "private"."testimonials"."rating", "private"."testimonials"."createdAt", "private"."testimonials"."updatedAt", "private"."testimonials"."userId" FROM "private"."testimonials" WHERE "private"."testimonials"."userId" IN ($1) OFFSET $2 -- params: [12,0] -- duration: 2ms
2025-09-26 23:07:38 [INFO]: [QUERY] SELECT "private"."orders"."id", "private"."orders"."amount", "private"."orders"."status", "private"."orders"."createdAt", "private"."orders"."updatedAt", "private"."orders"."userId" FROM "private"."orders" WHERE "private"."orders"."userId" IN ($1) OFFSET $2 -- params: [12,0] -- duration: 1ms
2025-09-26 23:07:38 [INFO]: [QUERY] COMMIT -- params: [] -- duration: 23ms
2025-09-26 23:07:38 [ERROR]: Attachment Factory: {"fileName":{"filename":"typescript.png"},"fileType":{"filetype":"image/png"},"filePath":{"filepath":"/home/hadi-rachmat-s/Documents/Project/finework/app-finework-backend/uploads/1758902858421-183503041-typescript.png"},"fileSize":{"filesize":186561},"attachmentAbleId":{"attachmentAbleId":12},"attachmentAbleType":{"attachmentAbleType":"user"}}
2025-09-26 23:07:38 [ERROR]: [ERROR] 
Invalid `prisma.attachment.create()` invocation:

{
  data: {
    id: undefined,
    fileName: {
      filename: "typescript.png"
    },
    ~~~~~~~~~~~~~~~~~~~~~~~~~~~~
    fileType: {
      filetype: "image/png"
    },
    filePath: {
      filepath: "/home/hadi-rachmat-s/Documents/Project/finework/app-finework-backend/uploads/1758902858421-183503041-typescript.png"
    },
    fileSize: {
      filesize: 186561
    },
    attachmentAbleId: {
      attachmentAbleId: 12
    },
    attachmentAbleType: {
      attachmentAbleType: "user"
    }
  },
  select: {
    id: true,
    fileName: true,
    fileType: true,
    filePath: true,
    fileSize: true,
    attachmentAbleId: true,
    attachmentAbleType: true
  }
}

Argument `fileName`: Invalid value provided. Expected String, provided Object.
2025-09-26 23:08:27 [INFO]: [INFO] Starting a postgresql pool with 5 connections.
2025-09-26 23:08:28 [INFO]: [QUERY] SELECT "private"."users"."id", "private"."users"."fullname", "private"."users"."email", "private"."users"."role", "private"."users"."status" FROM "private"."users" WHERE ("private"."users"."id" = $1 AND 1=1) LIMIT $2 OFFSET $3 -- params: [2,1,0] -- duration: 1ms
2025-09-26 23:08:28 [INFO]: [QUERY] SELECT "private"."contacts"."id", "private"."contacts"."contact", "private"."contacts"."description", "private"."contacts"."createdAt", "private"."contacts"."updatedAt", "private"."contacts"."userId" FROM "private"."contacts" WHERE "private"."contacts"."userId" IN ($1) OFFSET $2 -- params: [2,0] -- duration: 1ms
2025-09-26 23:08:28 [INFO]: [QUERY] SELECT "private"."testimonials"."id", "private"."testimonials"."content", "private"."testimonials"."rating", "private"."testimonials"."createdAt", "private"."testimonials"."updatedAt", "private"."testimonials"."userId" FROM "private"."testimonials" WHERE "private"."testimonials"."userId" IN ($1) OFFSET $2 -- params: [2,0] -- duration: 1ms
2025-09-26 23:08:28 [INFO]: [QUERY] SELECT "private"."orders"."id", "private"."orders"."amount", "private"."orders"."status", "private"."orders"."createdAt", "private"."orders"."updatedAt", "private"."orders"."userId" FROM "private"."orders" WHERE "private"."orders"."userId" IN ($1) OFFSET $2 -- params: [2,0] -- duration: 2ms
2025-09-26 23:08:28 [INFO]: Creating user by admin service{"fullname":"staff 1","email":"staff1@example.com","password":"Staff123123","role":2,"status":1}
2025-09-26 23:08:28 [INFO]: [QUERY] SELECT "private"."users"."id", "private"."users"."fullname", "private"."users"."email", "private"."users"."password", "private"."users"."role", "private"."users"."status" FROM "private"."users" WHERE ("private"."users"."email" = $1 AND 1=1) LIMIT $2 OFFSET $3 -- params: ["staff1@example.com",1,0] -- duration: 3ms
2025-09-26 23:08:28 [INFO]: User Factory: {"fullname":"staff 1","email":"staff1@example.com","password":"$2b$10$K6a0DfZRbOmfUCI2mWTE6ukDwX8awUJ.zjP5/SKcv29ileuu0xL3.","role":2,"status":1}
2025-09-26 23:08:28 [INFO]: Request Factory: {"fullname":"staff 1","email":"staff1@example.com","password":"$2b$10$K6a0DfZRbOmfUCI2mWTE6ukDwX8awUJ.zjP5/SKcv29ileuu0xL3.","role":2,"status":1}
2025-09-26 23:08:28 [INFO]: [QUERY] BEGIN -- params: [] -- duration: 0ms
2025-09-26 23:08:28 [INFO]: [QUERY] INSERT INTO "private"."users" ("fullname","email","password","role","status","createdAt","updatedAt") VALUES ($1,$2,$3,$4,$5,$6,$7) RETURNING "private"."users"."id" -- params: ["staff 1","staff1@example.com","$2b$10$K6a0DfZRbOmfUCI2mWTE6ukDwX8awUJ.zjP5/SKcv29ileuu0xL3.",2,1,"2025-09-26 16:08:28.306 UTC","2025-09-26 16:08:28.306 UTC"] -- duration: 2ms
2025-09-26 23:08:28 [INFO]: [QUERY] SELECT "private"."users"."id", "private"."users"."fullname", "private"."users"."email", "private"."users"."role", "private"."users"."status" FROM "private"."users" WHERE "private"."users"."id" = $1 LIMIT $2 OFFSET $3 -- params: [13,1,0] -- duration: 3ms
2025-09-26 23:08:28 [INFO]: [QUERY] SELECT "private"."contacts"."id", "private"."contacts"."contact", "private"."contacts"."description", "private"."contacts"."createdAt", "private"."contacts"."updatedAt", "private"."contacts"."userId" FROM "private"."contacts" WHERE "private"."contacts"."userId" IN ($1) OFFSET $2 -- params: [13,0] -- duration: 1ms
2025-09-26 23:08:28 [INFO]: [QUERY] SELECT "private"."testimonials"."id", "private"."testimonials"."content", "private"."testimonials"."rating", "private"."testimonials"."createdAt", "private"."testimonials"."updatedAt", "private"."testimonials"."userId" FROM "private"."testimonials" WHERE "private"."testimonials"."userId" IN ($1) OFFSET $2 -- params: [13,0] -- duration: 2ms
2025-09-26 23:08:28 [INFO]: [QUERY] SELECT "private"."orders"."id", "private"."orders"."amount", "private"."orders"."status", "private"."orders"."createdAt", "private"."orders"."updatedAt", "private"."orders"."userId" FROM "private"."orders" WHERE "private"."orders"."userId" IN ($1) OFFSET $2 -- params: [13,0] -- duration: 1ms
2025-09-26 23:08:28 [INFO]: [QUERY] COMMIT -- params: [] -- duration: 15ms
2025-09-26 23:08:28 [ERROR]: Attachment Factory: {"fileName":"typescript.png","fileType":"image/png","filePath":"/home/hadi-rachmat-s/Documents/Project/finework/app-finework-backend/uploads/1758902908144-564327730-typescript.png","fileSize":186561,"attachmentAbleId":13,"attachmentAbleType":"user"}
2025-09-26 23:08:28 [INFO]: [QUERY] INSERT INTO "private"."attachment" ("fileName","fileType","filePath","fileSize","attachmentAbleId","attachmentAbleType","createdAt","updatedAt") VALUES ($1,$2,$3,$4,$5,$6,$7,$8) RETURNING "private"."attachment"."id", "private"."attachment"."fileName", "private"."attachment"."fileType", "private"."attachment"."filePath", "private"."attachment"."fileSize", "private"."attachment"."attachmentAbleId", "private"."attachment"."attachmentAbleType" -- params: ["typescript.png","image/png","/home/hadi-rachmat-s/Documents/Project/finework/app-finework-backend/uploads/1758902908144-564327730-typescript.png",186561,13,"user","2025-09-26 16:08:28.348 UTC","2025-09-26 16:08:28.348 UTC"] -- duration: 44ms
2025-09-26 23:22:08 [INFO]: [INFO] Starting a postgresql pool with 5 connections.
2025-09-26 23:22:08 [INFO]: [QUERY] SELECT "private"."users"."id", "private"."users"."fullname", "private"."users"."email", "private"."users"."password", "private"."users"."role", "private"."users"."status" FROM "private"."users" WHERE ("private"."users"."email" = $1 AND 1=1) LIMIT $2 OFFSET $3 -- params: ["admin@gmail.com",1,0] -- duration: 2ms
2025-09-26 23:22:08 [INFO]: [QUERY] SELECT "private"."contacts"."id", "private"."contacts"."contact", "private"."contacts"."description", "private"."contacts"."createdAt", "private"."contacts"."updatedAt", "private"."contacts"."userId" FROM "private"."contacts" WHERE "private"."contacts"."userId" IN ($1) OFFSET $2 -- params: [2,0] -- duration: 1ms
2025-09-26 23:22:08 [INFO]: [QUERY] SELECT "private"."testimonials"."id", "private"."testimonials"."content", "private"."testimonials"."rating", "private"."testimonials"."createdAt", "private"."testimonials"."updatedAt", "private"."testimonials"."userId" FROM "private"."testimonials" WHERE "private"."testimonials"."userId" IN ($1) OFFSET $2 -- params: [2,0] -- duration: 4ms
2025-09-26 23:22:08 [INFO]: [QUERY] SELECT "private"."orders"."id", "private"."orders"."amount", "private"."orders"."status", "private"."orders"."createdAt", "private"."orders"."updatedAt", "private"."orders"."userId" FROM "private"."orders" WHERE "private"."orders"."userId" IN ($1) OFFSET $2 -- params: [2,0] -- duration: 2ms
2025-09-26 23:22:19 [INFO]: [QUERY] SELECT "private"."users"."id", "private"."users"."fullname", "private"."users"."email", "private"."users"."role", "private"."users"."status" FROM "private"."users" WHERE ("private"."users"."id" = $1 AND 1=1) LIMIT $2 OFFSET $3 -- params: [2,1,0] -- duration: 0ms
2025-09-26 23:22:19 [INFO]: [QUERY] SELECT "private"."contacts"."id", "private"."contacts"."contact", "private"."contacts"."description", "private"."contacts"."createdAt", "private"."contacts"."updatedAt", "private"."contacts"."userId" FROM "private"."contacts" WHERE "private"."contacts"."userId" IN ($1) OFFSET $2 -- params: [2,0] -- duration: 1ms
2025-09-26 23:22:19 [INFO]: [QUERY] SELECT "private"."testimonials"."id", "private"."testimonials"."content", "private"."testimonials"."rating", "private"."testimonials"."createdAt", "private"."testimonials"."updatedAt", "private"."testimonials"."userId" FROM "private"."testimonials" WHERE "private"."testimonials"."userId" IN ($1) OFFSET $2 -- params: [2,0] -- duration: 0ms
2025-09-26 23:22:19 [INFO]: [QUERY] SELECT "private"."orders"."id", "private"."orders"."amount", "private"."orders"."status", "private"."orders"."createdAt", "private"."orders"."updatedAt", "private"."orders"."userId" FROM "private"."orders" WHERE "private"."orders"."userId" IN ($1) OFFSET $2 -- params: [2,0] -- duration: 1ms
2025-09-26 23:22:19 [INFO]: Creating user by admin service{"fullname":"staff 1","email":"staff1@example.com","password":"Staff123123","role":2,"status":1}
2025-09-26 23:22:19 [INFO]: [QUERY] SELECT "private"."users"."id", "private"."users"."fullname", "private"."users"."email", "private"."users"."password", "private"."users"."role", "private"."users"."status" FROM "private"."users" WHERE ("private"."users"."email" = $1 AND 1=1) LIMIT $2 OFFSET $3 -- params: ["staff1@example.com",1,0] -- duration: 0ms
2025-09-26 23:22:19 [INFO]: User Factory: {"fullname":"staff 1","email":"staff1@example.com","password":"$2b$10$aGEQPL49eyfDyH2ZT8l7QO7SZd/TTGlSKX1YL/jkCe4OTHbpC98Rq","role":2,"status":1}
2025-09-26 23:22:19 [INFO]: Request Factory: {"fullname":"staff 1","email":"staff1@example.com","password":"$2b$10$aGEQPL49eyfDyH2ZT8l7QO7SZd/TTGlSKX1YL/jkCe4OTHbpC98Rq","role":2,"status":1}
2025-09-26 23:22:19 [INFO]: [QUERY] BEGIN -- params: [] -- duration: 0ms
2025-09-26 23:22:19 [INFO]: [QUERY] INSERT INTO "private"."users" ("fullname","email","password","role","status","createdAt","updatedAt") VALUES ($1,$2,$3,$4,$5,$6,$7) RETURNING "private"."users"."id" -- params: ["staff 1","staff1@example.com","$2b$10$aGEQPL49eyfDyH2ZT8l7QO7SZd/TTGlSKX1YL/jkCe4OTHbpC98Rq",2,1,"2025-09-26 16:22:19.959 UTC","2025-09-26 16:22:19.959 UTC"] -- duration: 3ms
2025-09-26 23:22:19 [INFO]: [QUERY] SELECT "private"."users"."id", "private"."users"."fullname", "private"."users"."email", "private"."users"."role", "private"."users"."status" FROM "private"."users" WHERE "private"."users"."id" = $1 LIMIT $2 OFFSET $3 -- params: [14,1,0] -- duration: 1ms
2025-09-26 23:22:19 [INFO]: [QUERY] SELECT "private"."contacts"."id", "private"."contacts"."contact", "private"."contacts"."description", "private"."contacts"."createdAt", "private"."contacts"."updatedAt", "private"."contacts"."userId" FROM "private"."contacts" WHERE "private"."contacts"."userId" IN ($1) OFFSET $2 -- params: [14,0] -- duration: 0ms
2025-09-26 23:22:19 [INFO]: [QUERY] SELECT "private"."testimonials"."id", "private"."testimonials"."content", "private"."testimonials"."rating", "private"."testimonials"."createdAt", "private"."testimonials"."updatedAt", "private"."testimonials"."userId" FROM "private"."testimonials" WHERE "private"."testimonials"."userId" IN ($1) OFFSET $2 -- params: [14,0] -- duration: 0ms
2025-09-26 23:22:19 [INFO]: [QUERY] SELECT "private"."orders"."id", "private"."orders"."amount", "private"."orders"."status", "private"."orders"."createdAt", "private"."orders"."updatedAt", "private"."orders"."userId" FROM "private"."orders" WHERE "private"."orders"."userId" IN ($1) OFFSET $2 -- params: [14,0] -- duration: 0ms
2025-09-26 23:22:20 [INFO]: [QUERY] COMMIT -- params: [] -- duration: 36ms
2025-09-26 23:22:20 [INFO]: [QUERY] INSERT INTO "private"."attachment" ("fileName","fileType","filePath","fileSize","attachmentAbleId","attachmentAbleType","createdAt","updatedAt") VALUES ($1,$2,$3,$4,$5,$6,$7,$8) RETURNING "private"."attachment"."id", "private"."attachment"."fileName", "private"."attachment"."fileType", "private"."attachment"."filePath", "private"."attachment"."fileSize", "private"."attachment"."attachmentAbleId", "private"."attachment"."attachmentAbleType" -- params: ["typescript.png","image/png","/home/hadi-rachmat-s/Documents/Project/finework/app-finework-backend/uploads/1758903739776-206762373-typescript.png",186561,14,"user","2025-09-26 16:22:20.021 UTC","2025-09-26 16:22:20.021 UTC"] -- duration: 10ms
2025-09-26 23:27:49 [INFO]: [INFO] Starting a postgresql pool with 5 connections.
2025-09-26 23:27:49 [INFO]: [QUERY] SELECT "private"."users"."id", "private"."users"."fullname", "private"."users"."email", "private"."users"."role", "private"."users"."status" FROM "private"."users" WHERE ("private"."users"."id" = $1 AND 1=1) LIMIT $2 OFFSET $3 -- params: [2,1,0] -- duration: 3ms
2025-09-26 23:27:49 [INFO]: [QUERY] SELECT "private"."contacts"."id", "private"."contacts"."contact", "private"."contacts"."description", "private"."contacts"."createdAt", "private"."contacts"."updatedAt", "private"."contacts"."userId" FROM "private"."contacts" WHERE "private"."contacts"."userId" IN ($1) OFFSET $2 -- params: [2,0] -- duration: 1ms
2025-09-26 23:27:49 [INFO]: [QUERY] SELECT "private"."testimonials"."id", "private"."testimonials"."content", "private"."testimonials"."rating", "private"."testimonials"."createdAt", "private"."testimonials"."updatedAt", "private"."testimonials"."userId" FROM "private"."testimonials" WHERE "private"."testimonials"."userId" IN ($1) OFFSET $2 -- params: [2,0] -- duration: 3ms
2025-09-26 23:27:49 [INFO]: [QUERY] SELECT "private"."orders"."id", "private"."orders"."amount", "private"."orders"."status", "private"."orders"."createdAt", "private"."orders"."updatedAt", "private"."orders"."userId" FROM "private"."orders" WHERE "private"."orders"."userId" IN ($1) OFFSET $2 -- params: [2,0] -- duration: 2ms
2025-09-26 23:27:49 [INFO]: Creating user by admin service{"fullname":"staff 1","email":"staff1@example.com","password":"Staff123123","role":2,"status":1}
2025-09-26 23:27:49 [INFO]: [QUERY] SELECT "private"."users"."id", "private"."users"."fullname", "private"."users"."email", "private"."users"."password", "private"."users"."role", "private"."users"."status" FROM "private"."users" WHERE ("private"."users"."email" = $1 AND 1=1) LIMIT $2 OFFSET $3 -- params: ["staff1@example.com",1,0] -- duration: 3ms
2025-09-26 23:27:50 [INFO]: User Factory: {"fullname":"staff 1","email":"staff1@example.com","password":"$2b$10$Oecb0DZnWMqhyWwKCKcAYeDrJLHLuK.BPq9uAFpoaiWqdfVmLaEw.","role":2,"status":1}
2025-09-26 23:27:50 [INFO]: Request Factory: {"fullname":"staff 1","email":"staff1@example.com","password":"$2b$10$Oecb0DZnWMqhyWwKCKcAYeDrJLHLuK.BPq9uAFpoaiWqdfVmLaEw.","role":2,"status":1}
2025-09-26 23:27:50 [INFO]: [QUERY] BEGIN -- params: [] -- duration: 5ms
2025-09-26 23:27:50 [INFO]: [QUERY] INSERT INTO "private"."users" ("fullname","email","password","role","status","createdAt","updatedAt") VALUES ($1,$2,$3,$4,$5,$6,$7) RETURNING "private"."users"."id" -- params: ["staff 1","staff1@example.com","$2b$10$Oecb0DZnWMqhyWwKCKcAYeDrJLHLuK.BPq9uAFpoaiWqdfVmLaEw.",2,1,"2025-09-26 16:27:50.146 UTC","2025-09-26 16:27:50.146 UTC"] -- duration: 3ms
2025-09-26 23:27:50 [INFO]: [QUERY] SELECT "private"."users"."id", "private"."users"."fullname", "private"."users"."email", "private"."users"."role", "private"."users"."status" FROM "private"."users" WHERE "private"."users"."id" = $1 LIMIT $2 OFFSET $3 -- params: [15,1,0] -- duration: 10ms
2025-09-26 23:27:50 [INFO]: [QUERY] SELECT "private"."contacts"."id", "private"."contacts"."contact", "private"."contacts"."description", "private"."contacts"."createdAt", "private"."contacts"."updatedAt", "private"."contacts"."userId" FROM "private"."contacts" WHERE "private"."contacts"."userId" IN ($1) OFFSET $2 -- params: [15,0] -- duration: 10ms
2025-09-26 23:27:50 [INFO]: [QUERY] SELECT "private"."testimonials"."id", "private"."testimonials"."content", "private"."testimonials"."rating", "private"."testimonials"."createdAt", "private"."testimonials"."updatedAt", "private"."testimonials"."userId" FROM "private"."testimonials" WHERE "private"."testimonials"."userId" IN ($1) OFFSET $2 -- params: [15,0] -- duration: 4ms
2025-09-26 23:27:50 [INFO]: [QUERY] SELECT "private"."orders"."id", "private"."orders"."amount", "private"."orders"."status", "private"."orders"."createdAt", "private"."orders"."updatedAt", "private"."orders"."userId" FROM "private"."orders" WHERE "private"."orders"."userId" IN ($1) OFFSET $2 -- params: [15,0] -- duration: 2ms
2025-09-26 23:27:50 [INFO]: [QUERY] COMMIT -- params: [] -- duration: 56ms
2025-09-26 23:27:50 [INFO]: [QUERY] INSERT INTO "private"."attachment" ("fileName","fileType","filePath","fileSize","attachmentAbleId","attachmentAbleType","createdAt","updatedAt") VALUES ($1,$2,$3,$4,$5,$6,$7,$8) RETURNING "private"."attachment"."id", "private"."attachment"."fileName", "private"."attachment"."fileType", "private"."attachment"."filePath", "private"."attachment"."fileSize", "private"."attachment"."attachmentAbleId", "private"."attachment"."attachmentAbleType" -- params: ["typescript.png","image/png","/home/hadi-rachmat-s/Documents/Project/finework/app-finework-backend/uploads/1758904069825-756149180-typescript.png",186561,15,"user","2025-09-26 16:27:50.247 UTC","2025-09-26 16:27:50.247 UTC"] -- duration: 6ms
2025-09-26 23:30:48 [INFO]: [INFO] Starting a postgresql pool with 5 connections.
2025-09-26 23:30:49 [INFO]: [QUERY] SELECT "private"."users"."id", "private"."users"."fullname", "private"."users"."email", "private"."users"."role", "private"."users"."status" FROM "private"."users" WHERE ("private"."users"."id" = $1 AND 1=1) LIMIT $2 OFFSET $3 -- params: [2,1,0] -- duration: 2ms
2025-09-26 23:30:49 [INFO]: [QUERY] SELECT "private"."contacts"."id", "private"."contacts"."contact", "private"."contacts"."description", "private"."contacts"."createdAt", "private"."contacts"."updatedAt", "private"."contacts"."userId" FROM "private"."contacts" WHERE "private"."contacts"."userId" IN ($1) OFFSET $2 -- params: [2,0] -- duration: 1ms
2025-09-26 23:30:49 [INFO]: [QUERY] SELECT "private"."testimonials"."id", "private"."testimonials"."content", "private"."testimonials"."rating", "private"."testimonials"."createdAt", "private"."testimonials"."updatedAt", "private"."testimonials"."userId" FROM "private"."testimonials" WHERE "private"."testimonials"."userId" IN ($1) OFFSET $2 -- params: [2,0] -- duration: 1ms
2025-09-26 23:30:49 [INFO]: [QUERY] SELECT "private"."orders"."id", "private"."orders"."amount", "private"."orders"."status", "private"."orders"."createdAt", "private"."orders"."updatedAt", "private"."orders"."userId" FROM "private"."orders" WHERE "private"."orders"."userId" IN ($1) OFFSET $2 -- params: [2,0] -- duration: 1ms
2025-09-26 23:30:49 [INFO]: Creating user by admin service{"fullname":"staff 1","email":"staff1@example.com","password":"Staff123123","role":2,"status":1}
2025-09-26 23:30:49 [INFO]: [QUERY] SELECT "private"."users"."id", "private"."users"."fullname", "private"."users"."email", "private"."users"."password", "private"."users"."role", "private"."users"."status" FROM "private"."users" WHERE ("private"."users"."email" = $1 AND 1=1) LIMIT $2 OFFSET $3 -- params: ["staff1@example.com",1,0] -- duration: 3ms
2025-09-26 23:30:49 [INFO]: User Factory: {"fullname":"staff 1","email":"staff1@example.com","password":"$2b$10$OrroaSnV1EkeGjRHqJ4uLeYK1Sgs/KFrdIhOOENlkqcomx.pzkvKu","role":2,"status":1}
2025-09-26 23:30:49 [INFO]: Request Factory: {"fullname":"staff 1","email":"staff1@example.com","password":"$2b$10$OrroaSnV1EkeGjRHqJ4uLeYK1Sgs/KFrdIhOOENlkqcomx.pzkvKu","role":2,"status":1}
2025-09-26 23:30:49 [INFO]: [QUERY] BEGIN -- params: [] -- duration: 0ms
2025-09-26 23:30:49 [INFO]: [QUERY] INSERT INTO "private"."users" ("fullname","email","password","role","status","createdAt","updatedAt") VALUES ($1,$2,$3,$4,$5,$6,$7) RETURNING "private"."users"."id" -- params: ["staff 1","staff1@example.com","$2b$10$OrroaSnV1EkeGjRHqJ4uLeYK1Sgs/KFrdIhOOENlkqcomx.pzkvKu",2,1,"2025-09-26 16:30:49.301 UTC","2025-09-26 16:30:49.301 UTC"] -- duration: 4ms
2025-09-26 23:30:49 [INFO]: [QUERY] SELECT "private"."users"."id", "private"."users"."fullname", "private"."users"."email", "private"."users"."role", "private"."users"."status" FROM "private"."users" WHERE "private"."users"."id" = $1 LIMIT $2 OFFSET $3 -- params: [16,1,0] -- duration: 5ms
2025-09-26 23:30:49 [INFO]: [QUERY] SELECT "private"."contacts"."id", "private"."contacts"."contact", "private"."contacts"."description", "private"."contacts"."createdAt", "private"."contacts"."updatedAt", "private"."contacts"."userId" FROM "private"."contacts" WHERE "private"."contacts"."userId" IN ($1) OFFSET $2 -- params: [16,0] -- duration: 1ms
2025-09-26 23:30:49 [INFO]: [QUERY] SELECT "private"."testimonials"."id", "private"."testimonials"."content", "private"."testimonials"."rating", "private"."testimonials"."createdAt", "private"."testimonials"."updatedAt", "private"."testimonials"."userId" FROM "private"."testimonials" WHERE "private"."testimonials"."userId" IN ($1) OFFSET $2 -- params: [16,0] -- duration: 0ms
2025-09-26 23:30:49 [INFO]: [QUERY] SELECT "private"."orders"."id", "private"."orders"."amount", "private"."orders"."status", "private"."orders"."createdAt", "private"."orders"."updatedAt", "private"."orders"."userId" FROM "private"."orders" WHERE "private"."orders"."userId" IN ($1) OFFSET $2 -- params: [16,0] -- duration: 1ms
2025-09-26 23:30:49 [INFO]: [QUERY] COMMIT -- params: [] -- duration: 7ms
2025-09-26 23:30:49 [INFO]: [QUERY] INSERT INTO "private"."attachment" ("fileName","fileType","filePath","fileSize","attachmentAbleId","attachmentAbleType","createdAt","updatedAt") VALUES ($1,$2,$3,$4,$5,$6,$7,$8) RETURNING "private"."attachment"."id", "private"."attachment"."fileName", "private"."attachment"."fileType", "private"."attachment"."filePath", "private"."attachment"."fileSize", "private"."attachment"."attachmentAbleId", "private"."attachment"."attachmentAbleType" -- params: ["typescript.png","image/png","/home/hadi-rachmat-s/Documents/Project/finework/app-finework-backend/uploads/1758904249113-886204735-typescript.png",186561,16,"user","2025-09-26 16:30:49.334 UTC","2025-09-26 16:30:49.334 UTC"] -- duration: 11ms
2025-09-26 23:37:59 [INFO]: [INFO] Starting a postgresql pool with 5 connections.
2025-09-26 23:37:59 [INFO]: [QUERY] SELECT "private"."users"."id", "private"."users"."fullname", "private"."users"."email", "private"."users"."role", "private"."users"."status" FROM "private"."users" WHERE ("private"."users"."id" = $1 AND 1=1) LIMIT $2 OFFSET $3 -- params: [2,1,0] -- duration: 1ms
2025-09-26 23:37:59 [INFO]: [QUERY] SELECT "private"."contacts"."id", "private"."contacts"."contact", "private"."contacts"."description", "private"."contacts"."createdAt", "private"."contacts"."updatedAt", "private"."contacts"."userId" FROM "private"."contacts" WHERE "private"."contacts"."userId" IN ($1) OFFSET $2 -- params: [2,0] -- duration: 5ms
2025-09-26 23:37:59 [INFO]: [QUERY] SELECT "private"."testimonials"."id", "private"."testimonials"."content", "private"."testimonials"."rating", "private"."testimonials"."createdAt", "private"."testimonials"."updatedAt", "private"."testimonials"."userId" FROM "private"."testimonials" WHERE "private"."testimonials"."userId" IN ($1) OFFSET $2 -- params: [2,0] -- duration: 1ms
2025-09-26 23:37:59 [INFO]: [QUERY] SELECT "private"."orders"."id", "private"."orders"."amount", "private"."orders"."status", "private"."orders"."createdAt", "private"."orders"."updatedAt", "private"."orders"."userId" FROM "private"."orders" WHERE "private"."orders"."userId" IN ($1) OFFSET $2 -- params: [2,0] -- duration: 1ms
2025-09-26 23:37:59 [INFO]: Creating user by admin service{"fullname":"staff 1","email":"staff1@example.com","password":"Staff123123","role":2,"status":1}
2025-09-26 23:37:59 [INFO]: [QUERY] SELECT "private"."users"."id", "private"."users"."fullname", "private"."users"."email", "private"."users"."password", "private"."users"."role", "private"."users"."status" FROM "private"."users" WHERE ("private"."users"."email" = $1 AND 1=1) LIMIT $2 OFFSET $3 -- params: ["staff1@example.com",1,0] -- duration: 1ms
2025-09-26 23:38:00 [INFO]: User Factory: {"fullname":"staff 1","email":"staff1@example.com","password":"$2b$10$g4aTf4foHa7p9jYEMqhjnOLun8verUDxz7qZScGo3A3b5FCnpLu1u","role":2,"status":1}
2025-09-26 23:38:00 [INFO]: Request Factory: {"fullname":"staff 1","email":"staff1@example.com","password":"$2b$10$g4aTf4foHa7p9jYEMqhjnOLun8verUDxz7qZScGo3A3b5FCnpLu1u","role":2,"status":1}
2025-09-26 23:38:00 [INFO]: [QUERY] BEGIN -- params: [] -- duration: 0ms
2025-09-26 23:38:00 [INFO]: [QUERY] INSERT INTO "private"."users" ("fullname","email","password","role","status","createdAt","updatedAt") VALUES ($1,$2,$3,$4,$5,$6,$7) RETURNING "private"."users"."id" -- params: ["staff 1","staff1@example.com","$2b$10$g4aTf4foHa7p9jYEMqhjnOLun8verUDxz7qZScGo3A3b5FCnpLu1u",2,1,"2025-09-26 16:38:00.014 UTC","2025-09-26 16:38:00.014 UTC"] -- duration: 4ms
2025-09-26 23:38:00 [INFO]: [QUERY] SELECT "private"."users"."id", "private"."users"."fullname", "private"."users"."email", "private"."users"."role", "private"."users"."status" FROM "private"."users" WHERE "private"."users"."id" = $1 LIMIT $2 OFFSET $3 -- params: [17,1,0] -- duration: 2ms
2025-09-26 23:38:00 [INFO]: [QUERY] SELECT "private"."contacts"."id", "private"."contacts"."contact", "private"."contacts"."description", "private"."contacts"."createdAt", "private"."contacts"."updatedAt", "private"."contacts"."userId" FROM "private"."contacts" WHERE "private"."contacts"."userId" IN ($1) OFFSET $2 -- params: [17,0] -- duration: 1ms
2025-09-26 23:38:00 [INFO]: [QUERY] SELECT "private"."testimonials"."id", "private"."testimonials"."content", "private"."testimonials"."rating", "private"."testimonials"."createdAt", "private"."testimonials"."updatedAt", "private"."testimonials"."userId" FROM "private"."testimonials" WHERE "private"."testimonials"."userId" IN ($1) OFFSET $2 -- params: [17,0] -- duration: 4ms
2025-09-26 23:38:00 [INFO]: [QUERY] SELECT "private"."orders"."id", "private"."orders"."amount", "private"."orders"."status", "private"."orders"."createdAt", "private"."orders"."updatedAt", "private"."orders"."userId" FROM "private"."orders" WHERE "private"."orders"."userId" IN ($1) OFFSET $2 -- params: [17,0] -- duration: 1ms
2025-09-26 23:38:00 [INFO]: [QUERY] COMMIT -- params: [] -- duration: 19ms
2025-09-26 23:38:00 [INFO]: [QUERY] INSERT INTO "private"."attachment" ("fileName","fileType","filePath","fileSize","attachmentAbleId","attachmentAbleType","createdAt","updatedAt") VALUES ($1,$2,$3,$4,$5,$6,$7,$8) RETURNING "private"."attachment"."id", "private"."attachment"."fileName", "private"."attachment"."fileType", "private"."attachment"."filePath", "private"."attachment"."fileSize", "private"."attachment"."attachmentAbleId", "private"."attachment"."attachmentAbleType" -- params: ["typescript.png","image/png","/home/hadi-rachmat-s/Documents/Project/finework/app-finework-backend/uploads/1758904679870-522182397-typescript.png",186561,17,"user","2025-09-26 16:38:00.057 UTC","2025-09-26 16:38:00.057 UTC"] -- duration: 4ms
2025-09-26 23:39:57 [INFO]: [INFO] Starting a postgresql pool with 5 connections.
2025-09-26 23:39:58 [INFO]: [QUERY] SELECT "private"."users"."id", "private"."users"."fullname", "private"."users"."email", "private"."users"."role", "private"."users"."status" FROM "private"."users" WHERE ("private"."users"."id" = $1 AND 1=1) LIMIT $2 OFFSET $3 -- params: [2,1,0] -- duration: 3ms
2025-09-26 23:39:58 [INFO]: [QUERY] SELECT "private"."contacts"."id", "private"."contacts"."contact", "private"."contacts"."description", "private"."contacts"."createdAt", "private"."contacts"."updatedAt", "private"."contacts"."userId" FROM "private"."contacts" WHERE "private"."contacts"."userId" IN ($1) OFFSET $2 -- params: [2,0] -- duration: 1ms
2025-09-26 23:39:58 [INFO]: [QUERY] SELECT "private"."testimonials"."id", "private"."testimonials"."content", "private"."testimonials"."rating", "private"."testimonials"."createdAt", "private"."testimonials"."updatedAt", "private"."testimonials"."userId" FROM "private"."testimonials" WHERE "private"."testimonials"."userId" IN ($1) OFFSET $2 -- params: [2,0] -- duration: 1ms
2025-09-26 23:39:58 [INFO]: [QUERY] SELECT "private"."orders"."id", "private"."orders"."amount", "private"."orders"."status", "private"."orders"."createdAt", "private"."orders"."updatedAt", "private"."orders"."userId" FROM "private"."orders" WHERE "private"."orders"."userId" IN ($1) OFFSET $2 -- params: [2,0] -- duration: 1ms
2025-09-26 23:39:58 [INFO]: Creating user by admin service{"fullname":"staff 1","email":"staff1@example.com","password":"Staff123123","role":2,"status":1}
2025-09-26 23:39:58 [INFO]: [QUERY] SELECT "private"."users"."id", "private"."users"."fullname", "private"."users"."email", "private"."users"."password", "private"."users"."role", "private"."users"."status" FROM "private"."users" WHERE ("private"."users"."email" = $1 AND 1=1) LIMIT $2 OFFSET $3 -- params: ["staff1@example.com",1,0] -- duration: 4ms
2025-09-26 23:39:58 [INFO]: User Factory: {"fullname":"staff 1","email":"staff1@example.com","password":"$2b$10$u9hIVmPrLf2JCBS6iYTuY.zhRxDUlSPNYH/4Qxn0o/pfe1vVLU.pG","role":2,"status":1}
2025-09-26 23:39:58 [INFO]: Request Factory: {"fullname":"staff 1","email":"staff1@example.com","password":"$2b$10$u9hIVmPrLf2JCBS6iYTuY.zhRxDUlSPNYH/4Qxn0o/pfe1vVLU.pG","role":2,"status":1}
2025-09-26 23:39:58 [INFO]: [QUERY] BEGIN -- params: [] -- duration: 3ms
2025-09-26 23:39:58 [INFO]: [QUERY] INSERT INTO "private"."users" ("fullname","email","password","role","status","createdAt","updatedAt") VALUES ($1,$2,$3,$4,$5,$6,$7) RETURNING "private"."users"."id" -- params: ["staff 1","staff1@example.com","$2b$10$u9hIVmPrLf2JCBS6iYTuY.zhRxDUlSPNYH/4Qxn0o/pfe1vVLU.pG",2,1,"2025-09-26 16:39:58.317 UTC","2025-09-26 16:39:58.317 UTC"] -- duration: 4ms
2025-09-26 23:39:58 [INFO]: [QUERY] SELECT "private"."users"."id", "private"."users"."fullname", "private"."users"."email", "private"."users"."role", "private"."users"."status" FROM "private"."users" WHERE "private"."users"."id" = $1 LIMIT $2 OFFSET $3 -- params: [18,1,0] -- duration: 5ms
2025-09-26 23:39:58 [INFO]: [QUERY] SELECT "private"."contacts"."id", "private"."contacts"."contact", "private"."contacts"."description", "private"."contacts"."createdAt", "private"."contacts"."updatedAt", "private"."contacts"."userId" FROM "private"."contacts" WHERE "private"."contacts"."userId" IN ($1) OFFSET $2 -- params: [18,0] -- duration: 2ms
2025-09-26 23:39:58 [INFO]: [QUERY] SELECT "private"."testimonials"."id", "private"."testimonials"."content", "private"."testimonials"."rating", "private"."testimonials"."createdAt", "private"."testimonials"."updatedAt", "private"."testimonials"."userId" FROM "private"."testimonials" WHERE "private"."testimonials"."userId" IN ($1) OFFSET $2 -- params: [18,0] -- duration: 1ms
2025-09-26 23:39:58 [INFO]: [QUERY] SELECT "private"."orders"."id", "private"."orders"."amount", "private"."orders"."status", "private"."orders"."createdAt", "private"."orders"."updatedAt", "private"."orders"."userId" FROM "private"."orders" WHERE "private"."orders"."userId" IN ($1) OFFSET $2 -- params: [18,0] -- duration: 2ms
2025-09-26 23:39:58 [INFO]: [QUERY] COMMIT -- params: [] -- duration: 23ms
2025-09-26 23:39:58 [INFO]: [QUERY] INSERT INTO "private"."attachment" ("fileName","fileType","filePath","fileSize","attachmentAbleId","attachmentAbleType","createdAt","updatedAt") VALUES ($1,$2,$3,$4,$5,$6,$7,$8) RETURNING "private"."attachment"."id", "private"."attachment"."fileName", "private"."attachment"."fileType", "private"."attachment"."filePath", "private"."attachment"."fileSize", "private"."attachment"."attachmentAbleId", "private"."attachment"."attachmentAbleType" -- params: ["typescript.png","image/png","/home/hadi-rachmat-s/Documents/Project/finework/app-finework-backend/uploads/1758904798137-897557027-typescript.png",186561,18,"user","2025-09-26 16:39:58.369 UTC","2025-09-26 16:39:58.369 UTC"] -- duration: 16ms
2025-09-26 23:41:21 [INFO]: [QUERY] SELECT 1 -- params: [] -- duration: 0ms
2025-09-26 23:41:21 [INFO]: [QUERY] SELECT "private"."users"."id", "private"."users"."fullname", "private"."users"."email", "private"."users"."role", "private"."users"."status" FROM "private"."users" WHERE ("private"."users"."id" = $1 AND 1=1) LIMIT $2 OFFSET $3 -- params: [2,1,0] -- duration: 0ms
2025-09-26 23:41:21 [INFO]: [QUERY] SELECT "private"."contacts"."id", "private"."contacts"."contact", "private"."contacts"."description", "private"."contacts"."createdAt", "private"."contacts"."updatedAt", "private"."contacts"."userId" FROM "private"."contacts" WHERE "private"."contacts"."userId" IN ($1) OFFSET $2 -- params: [2,0] -- duration: 1ms
2025-09-26 23:41:21 [INFO]: [QUERY] SELECT "private"."testimonials"."id", "private"."testimonials"."content", "private"."testimonials"."rating", "private"."testimonials"."createdAt", "private"."testimonials"."updatedAt", "private"."testimonials"."userId" FROM "private"."testimonials" WHERE "private"."testimonials"."userId" IN ($1) OFFSET $2 -- params: [2,0] -- duration: 0ms
2025-09-26 23:41:21 [INFO]: [QUERY] SELECT "private"."orders"."id", "private"."orders"."amount", "private"."orders"."status", "private"."orders"."createdAt", "private"."orders"."updatedAt", "private"."orders"."userId" FROM "private"."orders" WHERE "private"."orders"."userId" IN ($1) OFFSET $2 -- params: [2,0] -- duration: 0ms
2025-09-26 23:41:21 [INFO]: Creating user by admin service{"fullname":"staff 1","email":"staff1@example.com","password":"Staff123123","role":2,"status":1}
2025-09-26 23:41:21 [INFO]: [QUERY] SELECT "private"."users"."id", "private"."users"."fullname", "private"."users"."email", "private"."users"."password", "private"."users"."role", "private"."users"."status" FROM "private"."users" WHERE ("private"."users"."email" = $1 AND 1=1) LIMIT $2 OFFSET $3 -- params: ["staff1@example.com",1,0] -- duration: 0ms
2025-09-26 23:41:22 [INFO]: User Factory: {"fullname":"staff 1","email":"staff1@example.com","password":"$2b$10$my3oyLXY41e2gb1FaQpz4epBLstpmiHfrq75VGXJrNB2BHylbvfGG","role":2,"status":1}
2025-09-26 23:41:22 [INFO]: Request Factory: {"fullname":"staff 1","email":"staff1@example.com","password":"$2b$10$my3oyLXY41e2gb1FaQpz4epBLstpmiHfrq75VGXJrNB2BHylbvfGG","role":2,"status":1}
2025-09-26 23:41:22 [INFO]: [QUERY] BEGIN -- params: [] -- duration: 0ms
2025-09-26 23:41:22 [INFO]: [QUERY] INSERT INTO "private"."users" ("fullname","email","password","role","status","createdAt","updatedAt") VALUES ($1,$2,$3,$4,$5,$6,$7) RETURNING "private"."users"."id" -- params: ["staff 1","staff1@example.com","$2b$10$my3oyLXY41e2gb1FaQpz4epBLstpmiHfrq75VGXJrNB2BHylbvfGG",2,1,"2025-09-26 16:41:22.004 UTC","2025-09-26 16:41:22.004 UTC"] -- duration: 1ms
2025-09-26 23:41:22 [INFO]: [QUERY] SELECT "private"."users"."id", "private"."users"."fullname", "private"."users"."email", "private"."users"."role", "private"."users"."status" FROM "private"."users" WHERE "private"."users"."id" = $1 LIMIT $2 OFFSET $3 -- params: [19,1,0] -- duration: 1ms
2025-09-26 23:41:22 [INFO]: [QUERY] SELECT "private"."contacts"."id", "private"."contacts"."contact", "private"."contacts"."description", "private"."contacts"."createdAt", "private"."contacts"."updatedAt", "private"."contacts"."userId" FROM "private"."contacts" WHERE "private"."contacts"."userId" IN ($1) OFFSET $2 -- params: [19,0] -- duration: 1ms
2025-09-26 23:41:22 [INFO]: [QUERY] SELECT "private"."testimonials"."id", "private"."testimonials"."content", "private"."testimonials"."rating", "private"."testimonials"."createdAt", "private"."testimonials"."updatedAt", "private"."testimonials"."userId" FROM "private"."testimonials" WHERE "private"."testimonials"."userId" IN ($1) OFFSET $2 -- params: [19,0] -- duration: 2ms
2025-09-26 23:41:22 [INFO]: [QUERY] SELECT "private"."orders"."id", "private"."orders"."amount", "private"."orders"."status", "private"."orders"."createdAt", "private"."orders"."updatedAt", "private"."orders"."userId" FROM "private"."orders" WHERE "private"."orders"."userId" IN ($1) OFFSET $2 -- params: [19,0] -- duration: 0ms
2025-09-26 23:41:22 [INFO]: [QUERY] COMMIT -- params: [] -- duration: 22ms
2025-09-26 23:41:22 [INFO]: [QUERY] INSERT INTO "private"."attachment" ("fileName","fileType","filePath","fileSize","attachmentAbleId","attachmentAbleType","createdAt","updatedAt") VALUES ($1,$2,$3,$4,$5,$6,$7,$8) RETURNING "private"."attachment"."id", "private"."attachment"."fileName", "private"."attachment"."fileType", "private"."attachment"."filePath", "private"."attachment"."fileSize", "private"."attachment"."attachmentAbleId", "private"."attachment"."attachmentAbleType" -- params: ["typescript.png","image/png","/home/hadi-rachmat-s/Documents/Project/finework/app-finework-backend/uploads/1758904881865-750774073-typescript.png",186561,19,"user","2025-09-26 16:41:22.042 UTC","2025-09-26 16:41:22.042 UTC"] -- duration: 4ms
2025-09-26 23:43:02 [INFO]: [QUERY] SELECT 1 -- params: [] -- duration: 0ms
2025-09-26 23:43:02 [INFO]: [QUERY] SELECT "private"."users"."id", "private"."users"."fullname", "private"."users"."email", "private"."users"."role", "private"."users"."status" FROM "private"."users" WHERE ("private"."users"."id" = $1 AND 1=1) LIMIT $2 OFFSET $3 -- params: [2,1,0] -- duration: 0ms
2025-09-26 23:43:02 [INFO]: [QUERY] SELECT "private"."contacts"."id", "private"."contacts"."contact", "private"."contacts"."description", "private"."contacts"."createdAt", "private"."contacts"."updatedAt", "private"."contacts"."userId" FROM "private"."contacts" WHERE "private"."contacts"."userId" IN ($1) OFFSET $2 -- params: [2,0] -- duration: 0ms
2025-09-26 23:43:02 [INFO]: [QUERY] SELECT "private"."testimonials"."id", "private"."testimonials"."content", "private"."testimonials"."rating", "private"."testimonials"."createdAt", "private"."testimonials"."updatedAt", "private"."testimonials"."userId" FROM "private"."testimonials" WHERE "private"."testimonials"."userId" IN ($1) OFFSET $2 -- params: [2,0] -- duration: 0ms
2025-09-26 23:43:02 [INFO]: [QUERY] SELECT "private"."orders"."id", "private"."orders"."amount", "private"."orders"."status", "private"."orders"."createdAt", "private"."orders"."updatedAt", "private"."orders"."userId" FROM "private"."orders" WHERE "private"."orders"."userId" IN ($1) OFFSET $2 -- params: [2,0] -- duration: 0ms
2025-09-26 23:43:02 [INFO]: Creating user by admin service{"fullname":"staff 1","email":"staff1@example.com","password":"Staff123123","role":2,"status":1}
2025-09-26 23:43:02 [INFO]: [QUERY] SELECT "private"."users"."id", "private"."users"."fullname", "private"."users"."email", "private"."users"."password", "private"."users"."role", "private"."users"."status" FROM "private"."users" WHERE ("private"."users"."email" = $1 AND 1=1) LIMIT $2 OFFSET $3 -- params: ["staff1@example.com",1,0] -- duration: 0ms
2025-09-26 23:43:02 [INFO]: [QUERY] SELECT "private"."contacts"."id", "private"."contacts"."contact", "private"."contacts"."description", "private"."contacts"."createdAt", "private"."contacts"."updatedAt", "private"."contacts"."userId" FROM "private"."contacts" WHERE "private"."contacts"."userId" IN ($1) OFFSET $2 -- params: [19,0] -- duration: 0ms
2025-09-26 23:43:02 [INFO]: [QUERY] SELECT "private"."testimonials"."id", "private"."testimonials"."content", "private"."testimonials"."rating", "private"."testimonials"."createdAt", "private"."testimonials"."updatedAt", "private"."testimonials"."userId" FROM "private"."testimonials" WHERE "private"."testimonials"."userId" IN ($1) OFFSET $2 -- params: [19,0] -- duration: 1ms
2025-09-26 23:43:02 [INFO]: [QUERY] SELECT "private"."orders"."id", "private"."orders"."amount", "private"."orders"."status", "private"."orders"."createdAt", "private"."orders"."updatedAt", "private"."orders"."userId" FROM "private"."orders" WHERE "private"."orders"."userId" IN ($1) OFFSET $2 -- params: [19,0] -- duration: 0ms
2025-09-26 23:45:07 [INFO]: [QUERY] SELECT "private"."users"."id", "private"."users"."fullname", "private"."users"."email", "private"."users"."role", "private"."users"."status" FROM "private"."users" WHERE ("private"."users"."id" = $1 AND 1=1) LIMIT $2 OFFSET $3 -- params: [2,1,0] -- duration: 2ms
2025-09-26 23:45:07 [INFO]: [QUERY] SELECT "private"."contacts"."id", "private"."contacts"."contact", "private"."contacts"."description", "private"."contacts"."createdAt", "private"."contacts"."updatedAt", "private"."contacts"."userId" FROM "private"."contacts" WHERE "private"."contacts"."userId" IN ($1) OFFSET $2 -- params: [2,0] -- duration: 2ms
2025-09-26 23:45:07 [INFO]: [QUERY] SELECT "private"."testimonials"."id", "private"."testimonials"."content", "private"."testimonials"."rating", "private"."testimonials"."createdAt", "private"."testimonials"."updatedAt", "private"."testimonials"."userId" FROM "private"."testimonials" WHERE "private"."testimonials"."userId" IN ($1) OFFSET $2 -- params: [2,0] -- duration: 2ms
2025-09-26 23:45:07 [INFO]: [QUERY] SELECT "private"."orders"."id", "private"."orders"."amount", "private"."orders"."status", "private"."orders"."createdAt", "private"."orders"."updatedAt", "private"."orders"."userId" FROM "private"."orders" WHERE "private"."orders"."userId" IN ($1) OFFSET $2 -- params: [2,0] -- duration: 1ms
2025-09-26 23:45:07 [INFO]: Creating user by admin service{"fullname":"staff 1","email":"staff1@example.com","password":"Staff123123","role":2,"status":1}
2025-09-26 23:45:07 [INFO]: [QUERY] SELECT "private"."users"."id", "private"."users"."fullname", "private"."users"."email", "private"."users"."password", "private"."users"."role", "private"."users"."status" FROM "private"."users" WHERE ("private"."users"."email" = $1 AND 1=1) LIMIT $2 OFFSET $3 -- params: ["staff1@example.com",1,0] -- duration: 2ms
2025-09-26 23:45:07 [INFO]: User Factory: {"fullname":"staff 1","email":"staff1@example.com","password":"$2b$10$TIvM0ECgHbIMQIeZVCEbNujj6CWDRWvhH4MM.9IJcy9q0mrFZJER2","role":2,"status":1}
2025-09-26 23:45:07 [INFO]: Request Factory: {"fullname":"staff 1","email":"staff1@example.com","password":"$2b$10$TIvM0ECgHbIMQIeZVCEbNujj6CWDRWvhH4MM.9IJcy9q0mrFZJER2","role":2,"status":1}
2025-09-26 23:45:07 [INFO]: [QUERY] BEGIN -- params: [] -- duration: 0ms
2025-09-26 23:45:07 [INFO]: [QUERY] INSERT INTO "private"."users" ("fullname","email","password","role","status","createdAt","updatedAt") VALUES ($1,$2,$3,$4,$5,$6,$7) RETURNING "private"."users"."id" -- params: ["staff 1","staff1@example.com","$2b$10$TIvM0ECgHbIMQIeZVCEbNujj6CWDRWvhH4MM.9IJcy9q0mrFZJER2",2,1,"2025-09-26 16:45:07.745 UTC","2025-09-26 16:45:07.745 UTC"] -- duration: 3ms
2025-09-26 23:45:07 [INFO]: [QUERY] SELECT "private"."users"."id", "private"."users"."fullname", "private"."users"."email", "private"."users"."role", "private"."users"."status" FROM "private"."users" WHERE "private"."users"."id" = $1 LIMIT $2 OFFSET $3 -- params: [20,1,0] -- duration: 2ms
2025-09-26 23:45:07 [INFO]: [QUERY] SELECT "private"."contacts"."id", "private"."contacts"."contact", "private"."contacts"."description", "private"."contacts"."createdAt", "private"."contacts"."updatedAt", "private"."contacts"."userId" FROM "private"."contacts" WHERE "private"."contacts"."userId" IN ($1) OFFSET $2 -- params: [20,0] -- duration: 3ms
2025-09-26 23:45:07 [INFO]: [QUERY] SELECT "private"."testimonials"."id", "private"."testimonials"."content", "private"."testimonials"."rating", "private"."testimonials"."createdAt", "private"."testimonials"."updatedAt", "private"."testimonials"."userId" FROM "private"."testimonials" WHERE "private"."testimonials"."userId" IN ($1) OFFSET $2 -- params: [20,0] -- duration: 1ms
2025-09-26 23:45:07 [INFO]: [QUERY] SELECT "private"."orders"."id", "private"."orders"."amount", "private"."orders"."status", "private"."orders"."createdAt", "private"."orders"."updatedAt", "private"."orders"."userId" FROM "private"."orders" WHERE "private"."orders"."userId" IN ($1) OFFSET $2 -- params: [20,0] -- duration: 0ms
2025-09-26 23:45:07 [INFO]: [QUERY] COMMIT -- params: [] -- duration: 17ms
2025-09-26 23:45:07 [INFO]: [QUERY] INSERT INTO "private"."attachment" ("fileName","fileType","filePath","fileSize","attachmentAbleId","attachmentAbleType","createdAt","updatedAt") VALUES ($1,$2,$3,$4,$5,$6,$7,$8) RETURNING "private"."attachment"."id", "private"."attachment"."fileName", "private"."attachment"."fileType", "private"."attachment"."filePath", "private"."attachment"."fileSize", "private"."attachment"."attachmentAbleId", "private"."attachment"."attachmentAbleType" -- params: ["typescript.png","image/png","/home/hadi-rachmat-s/Documents/Project/finework/app-finework-backend/uploads/1758905107600-356565534-typescript.png",186561,20,"user","2025-09-26 16:45:07.781 UTC","2025-09-26 16:45:07.781 UTC"] -- duration: 6ms
2025-09-26 23:50:41 [INFO]: [INFO] Starting a postgresql pool with 5 connections.
2025-09-26 23:50:41 [INFO]: [QUERY] SELECT "private"."users"."id", "private"."users"."fullname", "private"."users"."email", "private"."users"."role", "private"."users"."status" FROM "private"."users" WHERE ("private"."users"."id" = $1 AND 1=1) LIMIT $2 OFFSET $3 -- params: [2,1,0] -- duration: 2ms
2025-09-26 23:50:41 [INFO]: [QUERY] SELECT "private"."contacts"."id", "private"."contacts"."contact", "private"."contacts"."description", "private"."contacts"."createdAt", "private"."contacts"."updatedAt", "private"."contacts"."userId" FROM "private"."contacts" WHERE "private"."contacts"."userId" IN ($1) OFFSET $2 -- params: [2,0] -- duration: 1ms
2025-09-26 23:50:41 [INFO]: [QUERY] SELECT "private"."testimonials"."id", "private"."testimonials"."content", "private"."testimonials"."rating", "private"."testimonials"."createdAt", "private"."testimonials"."updatedAt", "private"."testimonials"."userId" FROM "private"."testimonials" WHERE "private"."testimonials"."userId" IN ($1) OFFSET $2 -- params: [2,0] -- duration: 1ms
2025-09-26 23:50:41 [INFO]: [QUERY] SELECT "private"."orders"."id", "private"."orders"."amount", "private"."orders"."status", "private"."orders"."createdAt", "private"."orders"."updatedAt", "private"."orders"."userId" FROM "private"."orders" WHERE "private"."orders"."userId" IN ($1) OFFSET $2 -- params: [2,0] -- duration: 1ms
2025-09-26 23:50:41 [INFO]: Creating user by admin service{"fullname":"staff 1","email":"staff1@example.com","password":"Staff123123","role":2,"status":1}
2025-09-26 23:50:41 [INFO]: [QUERY] SELECT "private"."users"."id", "private"."users"."fullname", "private"."users"."email", "private"."users"."password", "private"."users"."role", "private"."users"."status" FROM "private"."users" WHERE ("private"."users"."email" = $1 AND 1=1) LIMIT $2 OFFSET $3 -- params: ["staff1@example.com",1,0] -- duration: 2ms
2025-09-26 23:50:41 [INFO]: User Factory: {"fullname":"staff 1","email":"staff1@example.com","password":"$2b$10$r9ia49SEt2Xus5g/WKrh9e9DgZ36gJw2H.L8Uui.JDITZXgmFqdua","role":2,"status":1}
2025-09-26 23:50:41 [INFO]: Request Factory: {"fullname":"staff 1","email":"staff1@example.com","password":"$2b$10$r9ia49SEt2Xus5g/WKrh9e9DgZ36gJw2H.L8Uui.JDITZXgmFqdua","role":2,"status":1}
2025-09-26 23:50:41 [INFO]: [QUERY] BEGIN -- params: [] -- duration: 0ms
2025-09-26 23:50:41 [INFO]: [QUERY] INSERT INTO "private"."users" ("fullname","email","password","role","status","createdAt","updatedAt") VALUES ($1,$2,$3,$4,$5,$6,$7) RETURNING "private"."users"."id" -- params: ["staff 1","staff1@example.com","$2b$10$r9ia49SEt2Xus5g/WKrh9e9DgZ36gJw2H.L8Uui.JDITZXgmFqdua",2,1,"2025-09-26 16:50:41.924 UTC","2025-09-26 16:50:41.924 UTC"] -- duration: 5ms
2025-09-26 23:50:41 [INFO]: [QUERY] SELECT "private"."users"."id", "private"."users"."fullname", "private"."users"."email", "private"."users"."role", "private"."users"."status" FROM "private"."users" WHERE "private"."users"."id" = $1 LIMIT $2 OFFSET $3 -- params: [21,1,0] -- duration: 2ms
2025-09-26 23:50:41 [INFO]: [QUERY] SELECT "private"."contacts"."id", "private"."contacts"."contact", "private"."contacts"."description", "private"."contacts"."createdAt", "private"."contacts"."updatedAt", "private"."contacts"."userId" FROM "private"."contacts" WHERE "private"."contacts"."userId" IN ($1) OFFSET $2 -- params: [21,0] -- duration: 1ms
2025-09-26 23:50:41 [INFO]: [QUERY] SELECT "private"."testimonials"."id", "private"."testimonials"."content", "private"."testimonials"."rating", "private"."testimonials"."createdAt", "private"."testimonials"."updatedAt", "private"."testimonials"."userId" FROM "private"."testimonials" WHERE "private"."testimonials"."userId" IN ($1) OFFSET $2 -- params: [21,0] -- duration: 0ms
2025-09-26 23:50:41 [INFO]: [QUERY] SELECT "private"."orders"."id", "private"."orders"."amount", "private"."orders"."status", "private"."orders"."createdAt", "private"."orders"."updatedAt", "private"."orders"."userId" FROM "private"."orders" WHERE "private"."orders"."userId" IN ($1) OFFSET $2 -- params: [21,0] -- duration: 0ms
2025-09-26 23:50:41 [INFO]: [QUERY] COMMIT -- params: [] -- duration: 45ms
2025-09-26 23:50:42 [INFO]: [QUERY] INSERT INTO "private"."attachment" ("fileName","fileType","filePath","fileSize","attachmentAbleId","attachmentAbleType","createdAt","updatedAt") VALUES ($1,$2,$3,$4,$5,$6,$7,$8) RETURNING "private"."attachment"."id", "private"."attachment"."fileName", "private"."attachment"."fileType", "private"."attachment"."filePath", "private"."attachment"."fileSize", "private"."attachment"."attachmentAbleId", "private"."attachment"."attachmentAbleType" -- params: ["typescript.png","image/png","/home/hadi-rachmat-s/Documents/Project/finework/app-finework-backend/uploads/1758905441758-862033914-typescript.png",186561,21,"user","2025-09-26 16:50:41.994 UTC","2025-09-26 16:50:41.994 UTC"] -- duration: 26ms
2025-09-26 23:52:58 [INFO]: [INFO] Starting a postgresql pool with 5 connections.
2025-09-26 23:52:58 [INFO]: [QUERY] SELECT "private"."users"."id", "private"."users"."fullname", "private"."users"."email", "private"."users"."role", "private"."users"."status" FROM "private"."users" WHERE ("private"."users"."id" = $1 AND 1=1) LIMIT $2 OFFSET $3 -- params: [2,1,0] -- duration: 2ms
2025-09-26 23:52:58 [INFO]: [QUERY] SELECT "private"."contacts"."id", "private"."contacts"."contact", "private"."contacts"."description", "private"."contacts"."createdAt", "private"."contacts"."updatedAt", "private"."contacts"."userId" FROM "private"."contacts" WHERE "private"."contacts"."userId" IN ($1) OFFSET $2 -- params: [2,0] -- duration: 1ms
2025-09-26 23:52:58 [INFO]: [QUERY] SELECT "private"."testimonials"."id", "private"."testimonials"."content", "private"."testimonials"."rating", "private"."testimonials"."createdAt", "private"."testimonials"."updatedAt", "private"."testimonials"."userId" FROM "private"."testimonials" WHERE "private"."testimonials"."userId" IN ($1) OFFSET $2 -- params: [2,0] -- duration: 1ms
2025-09-26 23:52:58 [INFO]: [QUERY] SELECT "private"."orders"."id", "private"."orders"."amount", "private"."orders"."status", "private"."orders"."createdAt", "private"."orders"."updatedAt", "private"."orders"."userId" FROM "private"."orders" WHERE "private"."orders"."userId" IN ($1) OFFSET $2 -- params: [2,0] -- duration: 2ms
2025-09-26 23:52:58 [INFO]: [QUERY] SELECT "private"."users"."id", "private"."users"."fullname", "private"."users"."email", "private"."users"."password", "private"."users"."role", "private"."users"."status" FROM "private"."users" WHERE ("private"."users"."email" = $1 AND 1=1) LIMIT $2 OFFSET $3 -- params: ["staff1@example.com",1,0] -- duration: 1ms
2025-09-26 23:52:58 [INFO]: [QUERY] SELECT "private"."contacts"."id", "private"."contacts"."contact", "private"."contacts"."description", "private"."contacts"."createdAt", "private"."contacts"."updatedAt", "private"."contacts"."userId" FROM "private"."contacts" WHERE "private"."contacts"."userId" IN ($1) OFFSET $2 -- params: [21,0] -- duration: 0ms
2025-09-26 23:52:58 [INFO]: [QUERY] SELECT "private"."testimonials"."id", "private"."testimonials"."content", "private"."testimonials"."rating", "private"."testimonials"."createdAt", "private"."testimonials"."updatedAt", "private"."testimonials"."userId" FROM "private"."testimonials" WHERE "private"."testimonials"."userId" IN ($1) OFFSET $2 -- params: [21,0] -- duration: 0ms
2025-09-26 23:52:58 [INFO]: [QUERY] SELECT "private"."orders"."id", "private"."orders"."amount", "private"."orders"."status", "private"."orders"."createdAt", "private"."orders"."updatedAt", "private"."orders"."userId" FROM "private"."orders" WHERE "private"."orders"."userId" IN ($1) OFFSET $2 -- params: [21,0] -- duration: 0ms
2025-09-26 23:53:18 [INFO]: [INFO] Starting a postgresql pool with 5 connections.
2025-09-26 23:53:18 [INFO]: [QUERY] SELECT "private"."users"."id", "private"."users"."fullname", "private"."users"."email", "private"."users"."role", "private"."users"."status" FROM "private"."users" WHERE ("private"."users"."id" = $1 AND 1=1) LIMIT $2 OFFSET $3 -- params: [2,1,0] -- duration: 3ms
2025-09-26 23:53:18 [INFO]: [QUERY] SELECT "private"."contacts"."id", "private"."contacts"."contact", "private"."contacts"."description", "private"."contacts"."createdAt", "private"."contacts"."updatedAt", "private"."contacts"."userId" FROM "private"."contacts" WHERE "private"."contacts"."userId" IN ($1) OFFSET $2 -- params: [2,0] -- duration: 2ms
2025-09-26 23:53:18 [INFO]: [QUERY] SELECT "private"."testimonials"."id", "private"."testimonials"."content", "private"."testimonials"."rating", "private"."testimonials"."createdAt", "private"."testimonials"."updatedAt", "private"."testimonials"."userId" FROM "private"."testimonials" WHERE "private"."testimonials"."userId" IN ($1) OFFSET $2 -- params: [2,0] -- duration: 3ms
2025-09-26 23:53:18 [INFO]: [QUERY] SELECT "private"."orders"."id", "private"."orders"."amount", "private"."orders"."status", "private"."orders"."createdAt", "private"."orders"."updatedAt", "private"."orders"."userId" FROM "private"."orders" WHERE "private"."orders"."userId" IN ($1) OFFSET $2 -- params: [2,0] -- duration: 1ms
2025-09-26 23:53:18 [INFO]: [QUERY] SELECT "private"."users"."id", "private"."users"."fullname", "private"."users"."email", "private"."users"."password", "private"."users"."role", "private"."users"."status" FROM "private"."users" WHERE ("private"."users"."email" = $1 AND 1=1) LIMIT $2 OFFSET $3 -- params: ["staff1@example.com",1,0] -- duration: 6ms
2025-09-26 23:53:18 [INFO]: [QUERY] SELECT "private"."contacts"."id", "private"."contacts"."contact", "private"."contacts"."description", "private"."contacts"."createdAt", "private"."contacts"."updatedAt", "private"."contacts"."userId" FROM "private"."contacts" WHERE "private"."contacts"."userId" IN ($1) OFFSET $2 -- params: [21,0] -- duration: 18ms
2025-09-26 23:53:18 [INFO]: [QUERY] SELECT "private"."testimonials"."id", "private"."testimonials"."content", "private"."testimonials"."rating", "private"."testimonials"."createdAt", "private"."testimonials"."updatedAt", "private"."testimonials"."userId" FROM "private"."testimonials" WHERE "private"."testimonials"."userId" IN ($1) OFFSET $2 -- params: [21,0] -- duration: 0ms
2025-09-26 23:53:18 [INFO]: [QUERY] SELECT "private"."orders"."id", "private"."orders"."amount", "private"."orders"."status", "private"."orders"."createdAt", "private"."orders"."updatedAt", "private"."orders"."userId" FROM "private"."orders" WHERE "private"."orders"."userId" IN ($1) OFFSET $2 -- params: [21,0] -- duration: 1ms
2025-09-26 23:53:31 [INFO]: [QUERY] SELECT "private"."users"."id", "private"."users"."fullname", "private"."users"."email", "private"."users"."role", "private"."users"."status" FROM "private"."users" WHERE ("private"."users"."id" = $1 AND 1=1) LIMIT $2 OFFSET $3 -- params: [2,1,0] -- duration: 0ms
2025-09-26 23:53:31 [INFO]: [QUERY] SELECT "private"."contacts"."id", "private"."contacts"."contact", "private"."contacts"."description", "private"."contacts"."createdAt", "private"."contacts"."updatedAt", "private"."contacts"."userId" FROM "private"."contacts" WHERE "private"."contacts"."userId" IN ($1) OFFSET $2 -- params: [2,0] -- duration: 0ms
2025-09-26 23:53:31 [INFO]: [QUERY] SELECT "private"."testimonials"."id", "private"."testimonials"."content", "private"."testimonials"."rating", "private"."testimonials"."createdAt", "private"."testimonials"."updatedAt", "private"."testimonials"."userId" FROM "private"."testimonials" WHERE "private"."testimonials"."userId" IN ($1) OFFSET $2 -- params: [2,0] -- duration: 0ms
2025-09-26 23:53:31 [INFO]: [QUERY] SELECT "private"."orders"."id", "private"."orders"."amount", "private"."orders"."status", "private"."orders"."createdAt", "private"."orders"."updatedAt", "private"."orders"."userId" FROM "private"."orders" WHERE "private"."orders"."userId" IN ($1) OFFSET $2 -- params: [2,0] -- duration: 0ms
2025-09-26 23:53:31 [INFO]: [QUERY] SELECT "private"."users"."id", "private"."users"."fullname", "private"."users"."email", "private"."users"."password", "private"."users"."role", "private"."users"."status" FROM "private"."users" WHERE ("private"."users"."email" = $1 AND 1=1) LIMIT $2 OFFSET $3 -- params: ["staff1@example.com",1,0] -- duration: 3ms
2025-09-26 23:53:31 [INFO]: User Factory: {"fullname":"staff 1","email":"staff1@example.com","password":"$2b$10$ftCxP2PV.gKroyqskmhho.UPOkcT09XlnEnGNfrFXZeqXReTkjr8m","role":2,"status":1}
2025-09-26 23:53:31 [INFO]: Request Factory: {"fullname":"staff 1","email":"staff1@example.com","password":"$2b$10$ftCxP2PV.gKroyqskmhho.UPOkcT09XlnEnGNfrFXZeqXReTkjr8m","role":2,"status":1}
2025-09-26 23:53:31 [INFO]: [QUERY] BEGIN -- params: [] -- duration: 0ms
2025-09-26 23:53:31 [INFO]: [QUERY] INSERT INTO "private"."users" ("fullname","email","password","role","status","createdAt","updatedAt") VALUES ($1,$2,$3,$4,$5,$6,$7) RETURNING "private"."users"."id" -- params: ["staff 1","staff1@example.com","$2b$10$ftCxP2PV.gKroyqskmhho.UPOkcT09XlnEnGNfrFXZeqXReTkjr8m",2,1,"2025-09-26 16:53:31.979 UTC","2025-09-26 16:53:31.979 UTC"] -- duration: 3ms
2025-09-26 23:53:32 [INFO]: [QUERY] SELECT "private"."users"."id", "private"."users"."fullname", "private"."users"."email", "private"."users"."role", "private"."users"."status" FROM "private"."users" WHERE "private"."users"."id" = $1 LIMIT $2 OFFSET $3 -- params: [22,1,0] -- duration: 10ms
2025-09-26 23:53:32 [INFO]: [QUERY] SELECT "private"."contacts"."id", "private"."contacts"."contact", "private"."contacts"."description", "private"."contacts"."createdAt", "private"."contacts"."updatedAt", "private"."contacts"."userId" FROM "private"."contacts" WHERE "private"."contacts"."userId" IN ($1) OFFSET $2 -- params: [22,0] -- duration: 6ms
2025-09-26 23:53:32 [INFO]: [QUERY] SELECT "private"."testimonials"."id", "private"."testimonials"."content", "private"."testimonials"."rating", "private"."testimonials"."createdAt", "private"."testimonials"."updatedAt", "private"."testimonials"."userId" FROM "private"."testimonials" WHERE "private"."testimonials"."userId" IN ($1) OFFSET $2 -- params: [22,0] -- duration: 2ms
2025-09-26 23:53:32 [INFO]: [QUERY] SELECT "private"."orders"."id", "private"."orders"."amount", "private"."orders"."status", "private"."orders"."createdAt", "private"."orders"."updatedAt", "private"."orders"."userId" FROM "private"."orders" WHERE "private"."orders"."userId" IN ($1) OFFSET $2 -- params: [22,0] -- duration: 1ms
2025-09-26 23:53:32 [INFO]: [QUERY] COMMIT -- params: [] -- duration: 24ms
2025-09-26 23:53:32 [INFO]: attachment error: {"id":10,"fileName":"typescript.png","fileType":"image/png","filePath":"/home/hadi-rachmat-s/Documents/Project/finework/app-finework-backend/uploads/1758905611823-866802103-typescript.png","fileSize":186561,"attachmentAbleId":22,"attachmentAbleType":"user"}
2025-09-26 23:53:32 [INFO]: [QUERY] INSERT INTO "private"."attachment" ("fileName","fileType","filePath","fileSize","attachmentAbleId","attachmentAbleType","createdAt","updatedAt") VALUES ($1,$2,$3,$4,$5,$6,$7,$8) RETURNING "private"."attachment"."id", "private"."attachment"."fileName", "private"."attachment"."fileType", "private"."attachment"."filePath", "private"."attachment"."fileSize", "private"."attachment"."attachmentAbleId", "private"."attachment"."attachmentAbleType" -- params: ["typescript.png","image/png","/home/hadi-rachmat-s/Documents/Project/finework/app-finework-backend/uploads/1758905611823-866802103-typescript.png",186561,22,"user","2025-09-26 16:53:32.042 UTC","2025-09-26 16:53:32.042 UTC"] -- duration: 12ms
2025-09-26 23:54:24 [INFO]: [INFO] Starting a postgresql pool with 5 connections.
2025-09-26 23:54:24 [INFO]: [QUERY] SELECT "private"."users"."id", "private"."users"."fullname", "private"."users"."email", "private"."users"."role", "private"."users"."status" FROM "private"."users" WHERE ("private"."users"."id" = $1 AND 1=1) LIMIT $2 OFFSET $3 -- params: [2,1,0] -- duration: 5ms
2025-09-26 23:54:24 [INFO]: [QUERY] SELECT "private"."contacts"."id", "private"."contacts"."contact", "private"."contacts"."description", "private"."contacts"."createdAt", "private"."contacts"."updatedAt", "private"."contacts"."userId" FROM "private"."contacts" WHERE "private"."contacts"."userId" IN ($1) OFFSET $2 -- params: [2,0] -- duration: 1ms
2025-09-26 23:54:24 [INFO]: [QUERY] SELECT "private"."testimonials"."id", "private"."testimonials"."content", "private"."testimonials"."rating", "private"."testimonials"."createdAt", "private"."testimonials"."updatedAt", "private"."testimonials"."userId" FROM "private"."testimonials" WHERE "private"."testimonials"."userId" IN ($1) OFFSET $2 -- params: [2,0] -- duration: 3ms
2025-09-26 23:54:24 [INFO]: [QUERY] SELECT "private"."orders"."id", "private"."orders"."amount", "private"."orders"."status", "private"."orders"."createdAt", "private"."orders"."updatedAt", "private"."orders"."userId" FROM "private"."orders" WHERE "private"."orders"."userId" IN ($1) OFFSET $2 -- params: [2,0] -- duration: 2ms
2025-09-26 23:54:24 [INFO]: [QUERY] SELECT "private"."users"."id", "private"."users"."fullname", "private"."users"."email", "private"."users"."password", "private"."users"."role", "private"."users"."status" FROM "private"."users" WHERE ("private"."users"."email" = $1 AND 1=1) LIMIT $2 OFFSET $3 -- params: ["staff1@example.com",1,0] -- duration: 3ms
2025-09-26 23:54:24 [INFO]: [QUERY] SELECT "private"."contacts"."id", "private"."contacts"."contact", "private"."contacts"."description", "private"."contacts"."createdAt", "private"."contacts"."updatedAt", "private"."contacts"."userId" FROM "private"."contacts" WHERE "private"."contacts"."userId" IN ($1) OFFSET $2 -- params: [22,0] -- duration: 0ms
2025-09-26 23:54:24 [INFO]: [QUERY] SELECT "private"."testimonials"."id", "private"."testimonials"."content", "private"."testimonials"."rating", "private"."testimonials"."createdAt", "private"."testimonials"."updatedAt", "private"."testimonials"."userId" FROM "private"."testimonials" WHERE "private"."testimonials"."userId" IN ($1) OFFSET $2 -- params: [22,0] -- duration: 1ms
2025-09-26 23:54:24 [INFO]: [QUERY] SELECT "private"."orders"."id", "private"."orders"."amount", "private"."orders"."status", "private"."orders"."createdAt", "private"."orders"."updatedAt", "private"."orders"."userId" FROM "private"."orders" WHERE "private"."orders"."userId" IN ($1) OFFSET $2 -- params: [22,0] -- duration: 2ms
2025-09-26 23:54:38 [INFO]: [QUERY] SELECT "private"."users"."id", "private"."users"."fullname", "private"."users"."email", "private"."users"."role", "private"."users"."status" FROM "private"."users" WHERE ("private"."users"."id" = $1 AND 1=1) LIMIT $2 OFFSET $3 -- params: [2,1,0] -- duration: 0ms
2025-09-26 23:54:38 [INFO]: [QUERY] SELECT "private"."contacts"."id", "private"."contacts"."contact", "private"."contacts"."description", "private"."contacts"."createdAt", "private"."contacts"."updatedAt", "private"."contacts"."userId" FROM "private"."contacts" WHERE "private"."contacts"."userId" IN ($1) OFFSET $2 -- params: [2,0] -- duration: 0ms
2025-09-26 23:54:38 [INFO]: [QUERY] SELECT "private"."testimonials"."id", "private"."testimonials"."content", "private"."testimonials"."rating", "private"."testimonials"."createdAt", "private"."testimonials"."updatedAt", "private"."testimonials"."userId" FROM "private"."testimonials" WHERE "private"."testimonials"."userId" IN ($1) OFFSET $2 -- params: [2,0] -- duration: 0ms
2025-09-26 23:54:38 [INFO]: [QUERY] SELECT "private"."orders"."id", "private"."orders"."amount", "private"."orders"."status", "private"."orders"."createdAt", "private"."orders"."updatedAt", "private"."orders"."userId" FROM "private"."orders" WHERE "private"."orders"."userId" IN ($1) OFFSET $2 -- params: [2,0] -- duration: 0ms
2025-09-26 23:54:38 [INFO]: [QUERY] SELECT "private"."users"."id", "private"."users"."fullname", "private"."users"."email", "private"."users"."password", "private"."users"."role", "private"."users"."status" FROM "private"."users" WHERE ("private"."users"."email" = $1 AND 1=1) LIMIT $2 OFFSET $3 -- params: ["staff1@example.com",1,0] -- duration: 0ms
2025-09-26 23:54:39 [INFO]: User Factory: {"fullname":"staff 1","email":"staff1@example.com","password":"$2b$10$IazEcN1XC287KmB2xZ1Ub.mM3Rpde2CK6BSG.9cItptlKceE8/1LC","role":2,"status":1}
2025-09-26 23:54:39 [INFO]: Request Factory: {"fullname":"staff 1","email":"staff1@example.com","password":"$2b$10$IazEcN1XC287KmB2xZ1Ub.mM3Rpde2CK6BSG.9cItptlKceE8/1LC","role":2,"status":1}
2025-09-26 23:54:39 [INFO]: [QUERY] BEGIN -- params: [] -- duration: 0ms
2025-09-26 23:54:39 [INFO]: [QUERY] INSERT INTO "private"."users" ("fullname","email","password","role","status","createdAt","updatedAt") VALUES ($1,$2,$3,$4,$5,$6,$7) RETURNING "private"."users"."id" -- params: ["staff 1","staff1@example.com","$2b$10$IazEcN1XC287KmB2xZ1Ub.mM3Rpde2CK6BSG.9cItptlKceE8/1LC",2,1,"2025-09-26 16:54:39.017 UTC","2025-09-26 16:54:39.017 UTC"] -- duration: 1ms
2025-09-26 23:54:39 [INFO]: [QUERY] SELECT "private"."users"."id", "private"."users"."fullname", "private"."users"."email", "private"."users"."role", "private"."users"."status" FROM "private"."users" WHERE "private"."users"."id" = $1 LIMIT $2 OFFSET $3 -- params: [23,1,0] -- duration: 3ms
2025-09-26 23:54:39 [INFO]: [QUERY] SELECT "private"."contacts"."id", "private"."contacts"."contact", "private"."contacts"."description", "private"."contacts"."createdAt", "private"."contacts"."updatedAt", "private"."contacts"."userId" FROM "private"."contacts" WHERE "private"."contacts"."userId" IN ($1) OFFSET $2 -- params: [23,0] -- duration: 3ms
2025-09-26 23:54:39 [INFO]: [QUERY] SELECT "private"."testimonials"."id", "private"."testimonials"."content", "private"."testimonials"."rating", "private"."testimonials"."createdAt", "private"."testimonials"."updatedAt", "private"."testimonials"."userId" FROM "private"."testimonials" WHERE "private"."testimonials"."userId" IN ($1) OFFSET $2 -- params: [23,0] -- duration: 2ms
2025-09-26 23:54:39 [INFO]: [QUERY] SELECT "private"."orders"."id", "private"."orders"."amount", "private"."orders"."status", "private"."orders"."createdAt", "private"."orders"."updatedAt", "private"."orders"."userId" FROM "private"."orders" WHERE "private"."orders"."userId" IN ($1) OFFSET $2 -- params: [23,0] -- duration: 0ms
2025-09-26 23:54:39 [INFO]: Attachment Factory: {"fileName":"typescript.png","fileType":"image/png","filePath":"/home/hadi-rachmat-s/Documents/Project/finework/app-finework-backend/uploads/1758905678874-72442238-typescript.png","fileSize":186561,"attachmentAbleId":23,"attachmentAbleType":"user"}
2025-09-26 23:54:39 [INFO]: [QUERY] COMMIT -- params: [] -- duration: 19ms
2025-09-26 23:54:39 [INFO]: attachment error: {"id":11,"fileName":"typescript.png","fileType":"image/png","filePath":"/home/hadi-rachmat-s/Documents/Project/finework/app-finework-backend/uploads/1758905678874-72442238-typescript.png","fileSize":186561,"attachmentAbleId":23,"attachmentAbleType":"user"}
2025-09-26 23:54:39 [INFO]: [QUERY] INSERT INTO "private"."attachment" ("fileName","fileType","filePath","fileSize","attachmentAbleId","attachmentAbleType","createdAt","updatedAt") VALUES ($1,$2,$3,$4,$5,$6,$7,$8) RETURNING "private"."attachment"."id", "private"."attachment"."fileName", "private"."attachment"."fileType", "private"."attachment"."filePath", "private"."attachment"."fileSize", "private"."attachment"."attachmentAbleId", "private"."attachment"."attachmentAbleType" -- params: ["typescript.png","image/png","/home/hadi-rachmat-s/Documents/Project/finework/app-finework-backend/uploads/1758905678874-72442238-typescript.png",186561,23,"user","2025-09-26 16:54:39.062 UTC","2025-09-26 16:54:39.062 UTC"] -- duration: 10ms
2025-09-27 00:01:53 [INFO]: [INFO] Starting a postgresql pool with 5 connections.
2025-09-27 00:01:53 [INFO]: [QUERY] SELECT "private"."users"."id", "private"."users"."fullname", "private"."users"."email", "private"."users"."role", "private"."users"."status" FROM "private"."users" WHERE ("private"."users"."id" = $1 AND 1=1) LIMIT $2 OFFSET $3 -- params: [2,1,0] -- duration: 2ms
2025-09-27 00:01:53 [INFO]: [QUERY] SELECT "private"."contacts"."id", "private"."contacts"."contact", "private"."contacts"."description", "private"."contacts"."createdAt", "private"."contacts"."updatedAt", "private"."contacts"."userId" FROM "private"."contacts" WHERE "private"."contacts"."userId" IN ($1) OFFSET $2 -- params: [2,0] -- duration: 1ms
2025-09-27 00:01:53 [INFO]: [QUERY] SELECT "private"."testimonials"."id", "private"."testimonials"."content", "private"."testimonials"."rating", "private"."testimonials"."createdAt", "private"."testimonials"."updatedAt", "private"."testimonials"."userId" FROM "private"."testimonials" WHERE "private"."testimonials"."userId" IN ($1) OFFSET $2 -- params: [2,0] -- duration: 1ms
2025-09-27 00:01:53 [INFO]: [QUERY] SELECT "private"."orders"."id", "private"."orders"."amount", "private"."orders"."status", "private"."orders"."createdAt", "private"."orders"."updatedAt", "private"."orders"."userId" FROM "private"."orders" WHERE "private"."orders"."userId" IN ($1) OFFSET $2 -- params: [2,0] -- duration: 1ms
2025-09-27 00:01:53 [INFO]: [QUERY] SELECT "private"."users"."id", "private"."users"."fullname", "private"."users"."email", "private"."users"."password", "private"."users"."role", "private"."users"."status" FROM "private"."users" WHERE ("private"."users"."email" = $1 AND 1=1) LIMIT $2 OFFSET $3 -- params: ["staff1@example.com",1,0] -- duration: 2ms
2025-09-27 00:01:53 [INFO]: User Factory: {"fullname":"staff 1","email":"staff1@example.com","password":"$2b$10$lIRfuAFx51KkY2y1bUQ5W.mwDOsZp3JICmLw3fk8opI0IfBTu7o0u","role":2,"status":1}
2025-09-27 00:01:53 [INFO]: Request Factory: {"fullname":"staff 1","email":"staff1@example.com","password":"$2b$10$lIRfuAFx51KkY2y1bUQ5W.mwDOsZp3JICmLw3fk8opI0IfBTu7o0u","role":2,"status":1}
2025-09-27 00:01:53 [INFO]: [QUERY] BEGIN -- params: [] -- duration: 0ms
2025-09-27 00:01:53 [INFO]: [QUERY] INSERT INTO "private"."users" ("fullname","email","password","role","status","createdAt","updatedAt") VALUES ($1,$2,$3,$4,$5,$6,$7) RETURNING "private"."users"."id" -- params: ["staff 1","staff1@example.com","$2b$10$lIRfuAFx51KkY2y1bUQ5W.mwDOsZp3JICmLw3fk8opI0IfBTu7o0u",2,1,"2025-09-26 17:01:53.501 UTC","2025-09-26 17:01:53.501 UTC"] -- duration: 2ms
2025-09-27 00:01:53 [INFO]: [QUERY] SELECT "private"."users"."id", "private"."users"."fullname", "private"."users"."email", "private"."users"."role", "private"."users"."status" FROM "private"."users" WHERE "private"."users"."id" = $1 LIMIT $2 OFFSET $3 -- params: [24,1,0] -- duration: 0ms
2025-09-27 00:01:53 [INFO]: [QUERY] SELECT "private"."contacts"."id", "private"."contacts"."contact", "private"."contacts"."description", "private"."contacts"."createdAt", "private"."contacts"."updatedAt", "private"."contacts"."userId" FROM "private"."contacts" WHERE "private"."contacts"."userId" IN ($1) OFFSET $2 -- params: [24,0] -- duration: 0ms
2025-09-27 00:01:53 [INFO]: [QUERY] SELECT "private"."testimonials"."id", "private"."testimonials"."content", "private"."testimonials"."rating", "private"."testimonials"."createdAt", "private"."testimonials"."updatedAt", "private"."testimonials"."userId" FROM "private"."testimonials" WHERE "private"."testimonials"."userId" IN ($1) OFFSET $2 -- params: [24,0] -- duration: 0ms
2025-09-27 00:01:53 [INFO]: [QUERY] SELECT "private"."orders"."id", "private"."orders"."amount", "private"."orders"."status", "private"."orders"."createdAt", "private"."orders"."updatedAt", "private"."orders"."userId" FROM "private"."orders" WHERE "private"."orders"."userId" IN ($1) OFFSET $2 -- params: [24,0] -- duration: 0ms
2025-09-27 00:01:53 [INFO]: Attachment Factory: {"fileName":"typescript.png","fileType":"image/png","filePath":"/home/hadi-rachmat-s/Documents/Project/finework/app-finework-backend/uploads/1758906113340-572480289-typescript.png","fileSize":186561,"attachmentAbleId":24,"attachmentAbleType":"user"}
2025-09-27 00:01:53 [INFO]: [QUERY] COMMIT -- params: [] -- duration: 28ms
2025-09-27 00:01:53 [INFO]: attachment error: {"id":12,"fileName":"typescript.png","fileType":"image/png","filePath":"/home/hadi-rachmat-s/Documents/Project/finework/app-finework-backend/uploads/1758906113340-572480289-typescript.png","fileSize":186561,"attachmentAbleId":24,"attachmentAbleType":"user"}
2025-09-27 00:01:53 [INFO]: [QUERY] INSERT INTO "private"."attachment" ("fileName","fileType","filePath","fileSize","attachmentAbleId","attachmentAbleType","createdAt","updatedAt") VALUES ($1,$2,$3,$4,$5,$6,$7,$8) RETURNING "private"."attachment"."id", "private"."attachment"."fileName", "private"."attachment"."fileType", "private"."attachment"."filePath", "private"."attachment"."fileSize", "private"."attachment"."attachmentAbleId", "private"."attachment"."attachmentAbleType" -- params: ["typescript.png","image/png","/home/hadi-rachmat-s/Documents/Project/finework/app-finework-backend/uploads/1758906113340-572480289-typescript.png",186561,24,"user","2025-09-26 17:01:53.551 UTC","2025-09-26 17:01:53.551 UTC"] -- duration: 5ms
2025-09-27 00:04:36 [INFO]: [INFO] Starting a postgresql pool with 5 connections.
2025-09-27 00:04:37 [INFO]: [QUERY] SELECT "private"."users"."id", "private"."users"."fullname", "private"."users"."email", "private"."users"."role", "private"."users"."status" FROM "private"."users" WHERE ("private"."users"."id" = $1 AND 1=1) LIMIT $2 OFFSET $3 -- params: [2,1,0] -- duration: 2ms
2025-09-27 00:04:37 [INFO]: [QUERY] SELECT "private"."contacts"."id", "private"."contacts"."contact", "private"."contacts"."description", "private"."contacts"."createdAt", "private"."contacts"."updatedAt", "private"."contacts"."userId" FROM "private"."contacts" WHERE "private"."contacts"."userId" IN ($1) OFFSET $2 -- params: [2,0] -- duration: 4ms
2025-09-27 00:04:37 [INFO]: [QUERY] SELECT "private"."testimonials"."id", "private"."testimonials"."content", "private"."testimonials"."rating", "private"."testimonials"."createdAt", "private"."testimonials"."updatedAt", "private"."testimonials"."userId" FROM "private"."testimonials" WHERE "private"."testimonials"."userId" IN ($1) OFFSET $2 -- params: [2,0] -- duration: 2ms
2025-09-27 00:04:37 [INFO]: [QUERY] SELECT "private"."orders"."id", "private"."orders"."amount", "private"."orders"."status", "private"."orders"."createdAt", "private"."orders"."updatedAt", "private"."orders"."userId" FROM "private"."orders" WHERE "private"."orders"."userId" IN ($1) OFFSET $2 -- params: [2,0] -- duration: 2ms
2025-09-27 00:04:37 [INFO]: [QUERY] SELECT "private"."users"."id", "private"."users"."fullname", "private"."users"."email", "private"."users"."password", "private"."users"."role", "private"."users"."status" FROM "private"."users" WHERE ("private"."users"."email" = $1 AND 1=1) LIMIT $2 OFFSET $3 -- params: ["staff1@example.com",1,0] -- duration: 4ms
2025-09-27 00:04:37 [INFO]: User Factory: {"fullname":"staff 1","email":"staff1@example.com","password":"$2b$10$JncjRCaTErnsffxO6V103eHNQSEJSDgQjf/NeE5kYbJdt60rzGZX.","role":2,"status":1}
2025-09-27 00:04:37 [INFO]: Request Factory: {"fullname":"staff 1","email":"staff1@example.com","password":"$2b$10$JncjRCaTErnsffxO6V103eHNQSEJSDgQjf/NeE5kYbJdt60rzGZX.","role":2,"status":1}
2025-09-27 00:04:37 [INFO]: [QUERY] BEGIN -- params: [] -- duration: 0ms
2025-09-27 00:04:37 [INFO]: [QUERY] INSERT INTO "private"."users" ("fullname","email","password","role","status","createdAt","updatedAt") VALUES ($1,$2,$3,$4,$5,$6,$7) RETURNING "private"."users"."id" -- params: ["staff 1","staff1@example.com","$2b$10$JncjRCaTErnsffxO6V103eHNQSEJSDgQjf/NeE5kYbJdt60rzGZX.",2,1,"2025-09-26 17:04:37.365 UTC","2025-09-26 17:04:37.365 UTC"] -- duration: 1ms
2025-09-27 00:04:37 [INFO]: [QUERY] SELECT "private"."users"."id", "private"."users"."fullname", "private"."users"."email", "private"."users"."role", "private"."users"."status" FROM "private"."users" WHERE "private"."users"."id" = $1 LIMIT $2 OFFSET $3 -- params: [25,1,0] -- duration: 2ms
2025-09-27 00:04:37 [INFO]: [QUERY] SELECT "private"."contacts"."id", "private"."contacts"."contact", "private"."contacts"."description", "private"."contacts"."createdAt", "private"."contacts"."updatedAt", "private"."contacts"."userId" FROM "private"."contacts" WHERE "private"."contacts"."userId" IN ($1) OFFSET $2 -- params: [25,0] -- duration: 0ms
2025-09-27 00:04:37 [INFO]: [QUERY] SELECT "private"."testimonials"."id", "private"."testimonials"."content", "private"."testimonials"."rating", "private"."testimonials"."createdAt", "private"."testimonials"."updatedAt", "private"."testimonials"."userId" FROM "private"."testimonials" WHERE "private"."testimonials"."userId" IN ($1) OFFSET $2 -- params: [25,0] -- duration: 0ms
2025-09-27 00:04:37 [INFO]: [QUERY] SELECT "private"."orders"."id", "private"."orders"."amount", "private"."orders"."status", "private"."orders"."createdAt", "private"."orders"."updatedAt", "private"."orders"."userId" FROM "private"."orders" WHERE "private"."orders"."userId" IN ($1) OFFSET $2 -- params: [25,0] -- duration: 1ms
2025-09-27 00:04:37 [INFO]: Attachment Factory: {"fileName":"typescript.png","fileType":"image/png","filePath":"/home/hadi-rachmat-s/Documents/Project/finework/app-finework-backend/uploads/1758906277214-257924882-typescript.png","fileSize":186561,"attachmentAbleId":25,"attachmentAbleType":"user"}
2025-09-27 00:04:37 [INFO]: [QUERY] COMMIT -- params: [] -- duration: 15ms
2025-09-27 00:04:37 [INFO]: [QUERY] INSERT INTO "private"."attachment" ("fileName","fileType","filePath","fileSize","attachmentAbleId","attachmentAbleType","createdAt","updatedAt") VALUES ($1,$2,$3,$4,$5,$6,$7,$8) RETURNING "private"."attachment"."id", "private"."attachment"."fileName", "private"."attachment"."fileType", "private"."attachment"."filePath", "private"."attachment"."fileSize", "private"."attachment"."attachmentAbleId", "private"."attachment"."attachmentAbleType" -- params: ["typescript.png","image/png","/home/hadi-rachmat-s/Documents/Project/finework/app-finework-backend/uploads/1758906277214-257924882-typescript.png",186561,25,"user","2025-09-26 17:04:37.395 UTC","2025-09-26 17:04:37.395 UTC"] -- duration: 5ms
2025-09-27 00:04:37 [INFO]: attachment error: {"id":13,"fileName":"typescript.png","fileType":"image/png","filePath":"/home/hadi-rachmat-s/Documents/Project/finework/app-finework-backend/uploads/1758906277214-257924882-typescript.png","fileSize":186561,"attachmentAbleId":25,"attachmentAbleType":"user"}
2025-09-27 00:05:54 [INFO]: [INFO] Starting a postgresql pool with 5 connections.
2025-09-27 00:05:54 [INFO]: [QUERY] SELECT "private"."users"."id", "private"."users"."fullname", "private"."users"."email", "private"."users"."role", "private"."users"."status" FROM "private"."users" WHERE ("private"."users"."id" = $1 AND 1=1) LIMIT $2 OFFSET $3 -- params: [2,1,0] -- duration: 6ms
2025-09-27 00:05:54 [INFO]: [QUERY] SELECT "private"."contacts"."id", "private"."contacts"."contact", "private"."contacts"."description", "private"."contacts"."createdAt", "private"."contacts"."updatedAt", "private"."contacts"."userId" FROM "private"."contacts" WHERE "private"."contacts"."userId" IN ($1) OFFSET $2 -- params: [2,0] -- duration: 1ms
2025-09-27 00:05:54 [INFO]: [QUERY] SELECT "private"."testimonials"."id", "private"."testimonials"."content", "private"."testimonials"."rating", "private"."testimonials"."createdAt", "private"."testimonials"."updatedAt", "private"."testimonials"."userId" FROM "private"."testimonials" WHERE "private"."testimonials"."userId" IN ($1) OFFSET $2 -- params: [2,0] -- duration: 1ms
2025-09-27 00:05:54 [INFO]: [QUERY] SELECT "private"."orders"."id", "private"."orders"."amount", "private"."orders"."status", "private"."orders"."createdAt", "private"."orders"."updatedAt", "private"."orders"."userId" FROM "private"."orders" WHERE "private"."orders"."userId" IN ($1) OFFSET $2 -- params: [2,0] -- duration: 1ms
2025-09-27 00:05:54 [INFO]: [QUERY] SELECT "private"."users"."id", "private"."users"."fullname", "private"."users"."email", "private"."users"."password", "private"."users"."role", "private"."users"."status" FROM "private"."users" WHERE ("private"."users"."email" = $1 AND 1=1) LIMIT $2 OFFSET $3 -- params: ["staff2@example.com",1,0] -- duration: 2ms
2025-09-27 00:05:55 [INFO]: User Factory: {"fullname":"staff 2","email":"staff2@example.com","password":"$2b$10$Wdj.GHeAEEp9QUM6fSpjGebFWdwA4g0gbzpFh1fNszkt33NfoUheq","role":2,"status":1}
2025-09-27 00:05:55 [INFO]: Request Factory: {"fullname":"staff 2","email":"staff2@example.com","password":"$2b$10$Wdj.GHeAEEp9QUM6fSpjGebFWdwA4g0gbzpFh1fNszkt33NfoUheq","role":2,"status":1}
2025-09-27 00:05:55 [INFO]: [QUERY] BEGIN -- params: [] -- duration: 0ms
2025-09-27 00:05:55 [INFO]: [QUERY] INSERT INTO "private"."users" ("fullname","email","password","role","status","createdAt","updatedAt") VALUES ($1,$2,$3,$4,$5,$6,$7) RETURNING "private"."users"."id" -- params: ["staff 2","staff2@example.com","$2b$10$Wdj.GHeAEEp9QUM6fSpjGebFWdwA4g0gbzpFh1fNszkt33NfoUheq",2,1,"2025-09-26 17:05:55.124 UTC","2025-09-26 17:05:55.124 UTC"] -- duration: 1ms
2025-09-27 00:05:55 [INFO]: [QUERY] SELECT "private"."users"."id", "private"."users"."fullname", "private"."users"."email", "private"."users"."role", "private"."users"."status" FROM "private"."users" WHERE "private"."users"."id" = $1 LIMIT $2 OFFSET $3 -- params: [26,1,0] -- duration: 0ms
2025-09-27 00:05:55 [INFO]: [QUERY] SELECT "private"."contacts"."id", "private"."contacts"."contact", "private"."contacts"."description", "private"."contacts"."createdAt", "private"."contacts"."updatedAt", "private"."contacts"."userId" FROM "private"."contacts" WHERE "private"."contacts"."userId" IN ($1) OFFSET $2 -- params: [26,0] -- duration: 1ms
2025-09-27 00:05:55 [INFO]: [QUERY] SELECT "private"."testimonials"."id", "private"."testimonials"."content", "private"."testimonials"."rating", "private"."testimonials"."createdAt", "private"."testimonials"."updatedAt", "private"."testimonials"."userId" FROM "private"."testimonials" WHERE "private"."testimonials"."userId" IN ($1) OFFSET $2 -- params: [26,0] -- duration: 0ms
2025-09-27 00:05:55 [INFO]: [QUERY] SELECT "private"."orders"."id", "private"."orders"."amount", "private"."orders"."status", "private"."orders"."createdAt", "private"."orders"."updatedAt", "private"."orders"."userId" FROM "private"."orders" WHERE "private"."orders"."userId" IN ($1) OFFSET $2 -- params: [26,0] -- duration: 0ms
2025-09-27 00:05:55 [INFO]: Attachment Factory: {"fileName":"foto-hadi.jpeg","fileType":"image/jpeg","filePath":"/home/hadi-rachmat-s/Documents/Project/finework/app-finework-backend/uploads/1758906354753-74399854-foto-hadi.jpeg","fileSize":2011107,"attachmentAbleId":26,"attachmentAbleType":"user"}
2025-09-27 00:05:55 [INFO]: [QUERY] COMMIT -- params: [] -- duration: 23ms
2025-09-27 00:05:55 [INFO]: [QUERY] INSERT INTO "private"."attachment" ("fileName","fileType","filePath","fileSize","attachmentAbleId","attachmentAbleType","createdAt","updatedAt") VALUES ($1,$2,$3,$4,$5,$6,$7,$8) RETURNING "private"."attachment"."id", "private"."attachment"."fileName", "private"."attachment"."fileType", "private"."attachment"."filePath", "private"."attachment"."fileSize", "private"."attachment"."attachmentAbleId", "private"."attachment"."attachmentAbleType" -- params: ["foto-hadi.jpeg","image/jpeg","/home/hadi-rachmat-s/Documents/Project/finework/app-finework-backend/uploads/1758906354753-74399854-foto-hadi.jpeg",2011107,26,"user","2025-09-26 17:05:55.169 UTC","2025-09-26 17:05:55.169 UTC"] -- duration: 7ms
2025-09-27 00:05:55 [INFO]: attachment error: {"id":14,"fileName":"foto-hadi.jpeg","fileType":"image/jpeg","filePath":"/home/hadi-rachmat-s/Documents/Project/finework/app-finework-backend/uploads/1758906354753-74399854-foto-hadi.jpeg","fileSize":2011107,"attachmentAbleId":26,"attachmentAbleType":"user"}
2025-09-27 00:09:04 [INFO]: [INFO] Starting a postgresql pool with 5 connections.
2025-09-27 00:09:04 [INFO]: [QUERY] SELECT "private"."users"."id", "private"."users"."fullname", "private"."users"."email", "private"."users"."role", "private"."users"."status" FROM "private"."users" WHERE ("private"."users"."id" = $1 AND 1=1) LIMIT $2 OFFSET $3 -- params: [2,1,0] -- duration: 1ms
2025-09-27 00:09:04 [INFO]: [QUERY] SELECT "private"."contacts"."id", "private"."contacts"."contact", "private"."contacts"."description", "private"."contacts"."createdAt", "private"."contacts"."updatedAt", "private"."contacts"."userId" FROM "private"."contacts" WHERE "private"."contacts"."userId" IN ($1) OFFSET $2 -- params: [2,0] -- duration: 1ms
2025-09-27 00:09:04 [INFO]: [QUERY] SELECT "private"."testimonials"."id", "private"."testimonials"."content", "private"."testimonials"."rating", "private"."testimonials"."createdAt", "private"."testimonials"."updatedAt", "private"."testimonials"."userId" FROM "private"."testimonials" WHERE "private"."testimonials"."userId" IN ($1) OFFSET $2 -- params: [2,0] -- duration: 1ms
2025-09-27 00:09:04 [INFO]: [QUERY] SELECT "private"."orders"."id", "private"."orders"."amount", "private"."orders"."status", "private"."orders"."createdAt", "private"."orders"."updatedAt", "private"."orders"."userId" FROM "private"."orders" WHERE "private"."orders"."userId" IN ($1) OFFSET $2 -- params: [2,0] -- duration: 2ms
2025-09-27 00:09:42 [INFO]: [INFO] Starting a postgresql pool with 5 connections.
2025-09-27 00:09:43 [INFO]: [QUERY] SELECT "private"."users"."id", "private"."users"."fullname", "private"."users"."email", "private"."users"."role", "private"."users"."status" FROM "private"."users" WHERE ("private"."users"."id" = $1 AND 1=1) LIMIT $2 OFFSET $3 -- params: [2,1,0] -- duration: 1ms
2025-09-27 00:09:43 [INFO]: [QUERY] SELECT "private"."contacts"."id", "private"."contacts"."contact", "private"."contacts"."description", "private"."contacts"."createdAt", "private"."contacts"."updatedAt", "private"."contacts"."userId" FROM "private"."contacts" WHERE "private"."contacts"."userId" IN ($1) OFFSET $2 -- params: [2,0] -- duration: 1ms
2025-09-27 00:09:43 [INFO]: [QUERY] SELECT "private"."testimonials"."id", "private"."testimonials"."content", "private"."testimonials"."rating", "private"."testimonials"."createdAt", "private"."testimonials"."updatedAt", "private"."testimonials"."userId" FROM "private"."testimonials" WHERE "private"."testimonials"."userId" IN ($1) OFFSET $2 -- params: [2,0] -- duration: 1ms
2025-09-27 00:09:43 [INFO]: [QUERY] SELECT "private"."orders"."id", "private"."orders"."amount", "private"."orders"."status", "private"."orders"."createdAt", "private"."orders"."updatedAt", "private"."orders"."userId" FROM "private"."orders" WHERE "private"."orders"."userId" IN ($1) OFFSET $2 -- params: [2,0] -- duration: 1ms
2025-09-27 00:10:06 [INFO]: [INFO] Starting a postgresql pool with 5 connections.
2025-09-27 00:10:06 [INFO]: [QUERY] SELECT "private"."users"."id", "private"."users"."fullname", "private"."users"."email", "private"."users"."role", "private"."users"."status" FROM "private"."users" WHERE ("private"."users"."id" = $1 AND 1=1) LIMIT $2 OFFSET $3 -- params: [2,1,0] -- duration: 2ms
2025-09-27 00:10:06 [INFO]: [QUERY] SELECT "private"."contacts"."id", "private"."contacts"."contact", "private"."contacts"."description", "private"."contacts"."createdAt", "private"."contacts"."updatedAt", "private"."contacts"."userId" FROM "private"."contacts" WHERE "private"."contacts"."userId" IN ($1) OFFSET $2 -- params: [2,0] -- duration: 2ms
2025-09-27 00:10:06 [INFO]: [QUERY] SELECT "private"."testimonials"."id", "private"."testimonials"."content", "private"."testimonials"."rating", "private"."testimonials"."createdAt", "private"."testimonials"."updatedAt", "private"."testimonials"."userId" FROM "private"."testimonials" WHERE "private"."testimonials"."userId" IN ($1) OFFSET $2 -- params: [2,0] -- duration: 2ms
2025-09-27 00:10:06 [INFO]: [QUERY] SELECT "private"."orders"."id", "private"."orders"."amount", "private"."orders"."status", "private"."orders"."createdAt", "private"."orders"."updatedAt", "private"."orders"."userId" FROM "private"."orders" WHERE "private"."orders"."userId" IN ($1) OFFSET $2 -- params: [2,0] -- duration: 4ms
2025-09-27 00:10:06 [INFO]: [QUERY] SELECT "private"."users"."id", "private"."users"."fullname", "private"."users"."email", "private"."users"."role", "private"."users"."status" FROM "private"."users" WHERE 1=1 OFFSET $1 -- params: [0] -- duration: 1ms
2025-09-27 00:10:33 [INFO]: [QUERY] SELECT 1 -- params: [] -- duration: 0ms
2025-09-27 00:10:33 [INFO]: [QUERY] SELECT "private"."users"."id", "private"."users"."fullname", "private"."users"."email", "private"."users"."role", "private"."users"."status" FROM "private"."users" WHERE ("private"."users"."id" = $1 AND 1=1) LIMIT $2 OFFSET $3 -- params: [2,1,0] -- duration: 1ms
2025-09-27 00:10:33 [INFO]: [QUERY] SELECT "private"."contacts"."id", "private"."contacts"."contact", "private"."contacts"."description", "private"."contacts"."createdAt", "private"."contacts"."updatedAt", "private"."contacts"."userId" FROM "private"."contacts" WHERE "private"."contacts"."userId" IN ($1) OFFSET $2 -- params: [2,0] -- duration: 0ms
2025-09-27 00:10:33 [INFO]: [QUERY] SELECT "private"."testimonials"."id", "private"."testimonials"."content", "private"."testimonials"."rating", "private"."testimonials"."createdAt", "private"."testimonials"."updatedAt", "private"."testimonials"."userId" FROM "private"."testimonials" WHERE "private"."testimonials"."userId" IN ($1) OFFSET $2 -- params: [2,0] -- duration: 1ms
2025-09-27 00:10:33 [INFO]: [QUERY] SELECT "private"."orders"."id", "private"."orders"."amount", "private"."orders"."status", "private"."orders"."createdAt", "private"."orders"."updatedAt", "private"."orders"."userId" FROM "private"."orders" WHERE "private"."orders"."userId" IN ($1) OFFSET $2 -- params: [2,0] -- duration: 0ms
2025-09-27 00:11:50 [INFO]: [INFO] Starting a postgresql pool with 5 connections.
2025-09-27 00:11:50 [INFO]: [QUERY] SELECT "private"."users"."id", "private"."users"."fullname", "private"."users"."email", "private"."users"."role", "private"."users"."status" FROM "private"."users" WHERE ("private"."users"."id" = $1 AND 1=1) LIMIT $2 OFFSET $3 -- params: [2,1,0] -- duration: 4ms
2025-09-27 00:11:50 [INFO]: [QUERY] SELECT "private"."contacts"."id", "private"."contacts"."contact", "private"."contacts"."description", "private"."contacts"."createdAt", "private"."contacts"."updatedAt", "private"."contacts"."userId" FROM "private"."contacts" WHERE "private"."contacts"."userId" IN ($1) OFFSET $2 -- params: [2,0] -- duration: 1ms
2025-09-27 00:11:51 [INFO]: [QUERY] SELECT "private"."testimonials"."id", "private"."testimonials"."content", "private"."testimonials"."rating", "private"."testimonials"."createdAt", "private"."testimonials"."updatedAt", "private"."testimonials"."userId" FROM "private"."testimonials" WHERE "private"."testimonials"."userId" IN ($1) OFFSET $2 -- params: [2,0] -- duration: 1ms
2025-09-27 00:11:51 [INFO]: [QUERY] SELECT "private"."orders"."id", "private"."orders"."amount", "private"."orders"."status", "private"."orders"."createdAt", "private"."orders"."updatedAt", "private"."orders"."userId" FROM "private"."orders" WHERE "private"."orders"."userId" IN ($1) OFFSET $2 -- params: [2,0] -- duration: 1ms
2025-09-27 00:12:02 [INFO]: [INFO] Starting a postgresql pool with 5 connections.
2025-09-27 00:12:03 [INFO]: [QUERY] SELECT "private"."users"."id", "private"."users"."fullname", "private"."users"."email", "private"."users"."role", "private"."users"."status" FROM "private"."users" WHERE ("private"."users"."id" = $1 AND 1=1) LIMIT $2 OFFSET $3 -- params: [2,1,0] -- duration: 4ms
2025-09-27 00:12:03 [INFO]: [QUERY] SELECT "private"."contacts"."id", "private"."contacts"."contact", "private"."contacts"."description", "private"."contacts"."createdAt", "private"."contacts"."updatedAt", "private"."contacts"."userId" FROM "private"."contacts" WHERE "private"."contacts"."userId" IN ($1) OFFSET $2 -- params: [2,0] -- duration: 3ms
2025-09-27 00:12:03 [INFO]: [QUERY] SELECT "private"."testimonials"."id", "private"."testimonials"."content", "private"."testimonials"."rating", "private"."testimonials"."createdAt", "private"."testimonials"."updatedAt", "private"."testimonials"."userId" FROM "private"."testimonials" WHERE "private"."testimonials"."userId" IN ($1) OFFSET $2 -- params: [2,0] -- duration: 1ms
2025-09-27 00:12:03 [INFO]: [QUERY] SELECT "private"."orders"."id", "private"."orders"."amount", "private"."orders"."status", "private"."orders"."createdAt", "private"."orders"."updatedAt", "private"."orders"."userId" FROM "private"."orders" WHERE "private"."orders"."userId" IN ($1) OFFSET $2 -- params: [2,0] -- duration: 1ms
2025-09-27 00:12:03 [ERROR]: [ERROR] 
Invalid `prisma.users.findUnique()` invocation:

{
  where: {
    id: "1"
        ~~~
  },
  select: {
    id: true,
    fullname: true,
    email: true,
    role: true,
    status: true,
    contacts: true,
    testimonials: true,
    orders: true
  }
}

Argument `id`: Invalid value provided. Expected Int, provided String.
2025-09-27 00:12:19 [INFO]: [INFO] Starting a postgresql pool with 5 connections.
2025-09-27 00:12:19 [INFO]: [QUERY] SELECT "private"."users"."id", "private"."users"."fullname", "private"."users"."email", "private"."users"."role", "private"."users"."status" FROM "private"."users" WHERE ("private"."users"."id" = $1 AND 1=1) LIMIT $2 OFFSET $3 -- params: [2,1,0] -- duration: 3ms
2025-09-27 00:12:19 [INFO]: [QUERY] SELECT "private"."contacts"."id", "private"."contacts"."contact", "private"."contacts"."description", "private"."contacts"."createdAt", "private"."contacts"."updatedAt", "private"."contacts"."userId" FROM "private"."contacts" WHERE "private"."contacts"."userId" IN ($1) OFFSET $2 -- params: [2,0] -- duration: 1ms
2025-09-27 00:12:19 [INFO]: [QUERY] SELECT "private"."testimonials"."id", "private"."testimonials"."content", "private"."testimonials"."rating", "private"."testimonials"."createdAt", "private"."testimonials"."updatedAt", "private"."testimonials"."userId" FROM "private"."testimonials" WHERE "private"."testimonials"."userId" IN ($1) OFFSET $2 -- params: [2,0] -- duration: 1ms
2025-09-27 00:12:19 [INFO]: [QUERY] SELECT "private"."orders"."id", "private"."orders"."amount", "private"."orders"."status", "private"."orders"."createdAt", "private"."orders"."updatedAt", "private"."orders"."userId" FROM "private"."orders" WHERE "private"."orders"."userId" IN ($1) OFFSET $2 -- params: [2,0] -- duration: 3ms
2025-09-27 00:12:19 [INFO]: [QUERY] SELECT "private"."users"."id", "private"."users"."fullname", "private"."users"."email", "private"."users"."role", "private"."users"."status" FROM "private"."users" WHERE ("private"."users"."id" = $1 AND 1=1) LIMIT $2 OFFSET $3 -- params: [1,1,0] -- duration: 0ms
2025-09-27 00:12:24 [INFO]: [QUERY] SELECT "private"."users"."id", "private"."users"."fullname", "private"."users"."email", "private"."users"."role", "private"."users"."status" FROM "private"."users" WHERE ("private"."users"."id" = $1 AND 1=1) LIMIT $2 OFFSET $3 -- params: [2,1,0] -- duration: 0ms
2025-09-27 00:12:24 [INFO]: [QUERY] SELECT "private"."contacts"."id", "private"."contacts"."contact", "private"."contacts"."description", "private"."contacts"."createdAt", "private"."contacts"."updatedAt", "private"."contacts"."userId" FROM "private"."contacts" WHERE "private"."contacts"."userId" IN ($1) OFFSET $2 -- params: [2,0] -- duration: 2ms
2025-09-27 00:12:24 [INFO]: [QUERY] SELECT "private"."testimonials"."id", "private"."testimonials"."content", "private"."testimonials"."rating", "private"."testimonials"."createdAt", "private"."testimonials"."updatedAt", "private"."testimonials"."userId" FROM "private"."testimonials" WHERE "private"."testimonials"."userId" IN ($1) OFFSET $2 -- params: [2,0] -- duration: 0ms
2025-09-27 00:12:24 [INFO]: [QUERY] SELECT "private"."orders"."id", "private"."orders"."amount", "private"."orders"."status", "private"."orders"."createdAt", "private"."orders"."updatedAt", "private"."orders"."userId" FROM "private"."orders" WHERE "private"."orders"."userId" IN ($1) OFFSET $2 -- params: [2,0] -- duration: 2ms
2025-09-27 00:12:24 [INFO]: [QUERY] SELECT "private"."users"."id", "private"."users"."fullname", "private"."users"."email", "private"."users"."role", "private"."users"."status" FROM "private"."users" WHERE ("private"."users"."id" = $1 AND 1=1) LIMIT $2 OFFSET $3 -- params: [2,1,0] -- duration: 0ms
2025-09-27 00:12:24 [INFO]: [QUERY] SELECT "private"."contacts"."id", "private"."contacts"."contact", "private"."contacts"."description", "private"."contacts"."createdAt", "private"."contacts"."updatedAt", "private"."contacts"."userId" FROM "private"."contacts" WHERE "private"."contacts"."userId" IN ($1) OFFSET $2 -- params: [2,0] -- duration: 0ms
2025-09-27 00:12:24 [INFO]: [QUERY] SELECT "private"."testimonials"."id", "private"."testimonials"."content", "private"."testimonials"."rating", "private"."testimonials"."createdAt", "private"."testimonials"."updatedAt", "private"."testimonials"."userId" FROM "private"."testimonials" WHERE "private"."testimonials"."userId" IN ($1) OFFSET $2 -- params: [2,0] -- duration: 2ms
2025-09-27 00:12:24 [INFO]: [QUERY] SELECT "private"."orders"."id", "private"."orders"."amount", "private"."orders"."status", "private"."orders"."createdAt", "private"."orders"."updatedAt", "private"."orders"."userId" FROM "private"."orders" WHERE "private"."orders"."userId" IN ($1) OFFSET $2 -- params: [2,0] -- duration: 1ms
2025-09-27 00:12:30 [INFO]: [QUERY] SELECT "private"."users"."id", "private"."users"."fullname", "private"."users"."email", "private"."users"."role", "private"."users"."status" FROM "private"."users" WHERE ("private"."users"."id" = $1 AND 1=1) LIMIT $2 OFFSET $3 -- params: [2,1,0] -- duration: 0ms
2025-09-27 00:12:30 [INFO]: [QUERY] SELECT "private"."contacts"."id", "private"."contacts"."contact", "private"."contacts"."description", "private"."contacts"."createdAt", "private"."contacts"."updatedAt", "private"."contacts"."userId" FROM "private"."contacts" WHERE "private"."contacts"."userId" IN ($1) OFFSET $2 -- params: [2,0] -- duration: 0ms
2025-09-27 00:12:30 [INFO]: [QUERY] SELECT "private"."testimonials"."id", "private"."testimonials"."content", "private"."testimonials"."rating", "private"."testimonials"."createdAt", "private"."testimonials"."updatedAt", "private"."testimonials"."userId" FROM "private"."testimonials" WHERE "private"."testimonials"."userId" IN ($1) OFFSET $2 -- params: [2,0] -- duration: 0ms
2025-09-27 00:12:30 [INFO]: [QUERY] SELECT "private"."orders"."id", "private"."orders"."amount", "private"."orders"."status", "private"."orders"."createdAt", "private"."orders"."updatedAt", "private"."orders"."userId" FROM "private"."orders" WHERE "private"."orders"."userId" IN ($1) OFFSET $2 -- params: [2,0] -- duration: 0ms
2025-09-27 00:12:30 [INFO]: [QUERY] SELECT "private"."users"."id", "private"."users"."fullname", "private"."users"."email", "private"."users"."role", "private"."users"."status" FROM "private"."users" WHERE ("private"."users"."id" = $1 AND 1=1) LIMIT $2 OFFSET $3 -- params: [3,1,0] -- duration: 1ms
2025-09-27 00:12:30 [INFO]: [QUERY] SELECT "private"."contacts"."id", "private"."contacts"."contact", "private"."contacts"."description", "private"."contacts"."createdAt", "private"."contacts"."updatedAt", "private"."contacts"."userId" FROM "private"."contacts" WHERE "private"."contacts"."userId" IN ($1) OFFSET $2 -- params: [3,0] -- duration: 0ms
2025-09-27 00:12:30 [INFO]: [QUERY] SELECT "private"."testimonials"."id", "private"."testimonials"."content", "private"."testimonials"."rating", "private"."testimonials"."createdAt", "private"."testimonials"."updatedAt", "private"."testimonials"."userId" FROM "private"."testimonials" WHERE "private"."testimonials"."userId" IN ($1) OFFSET $2 -- params: [3,0] -- duration: 0ms
2025-09-27 00:12:30 [INFO]: [QUERY] SELECT "private"."orders"."id", "private"."orders"."amount", "private"."orders"."status", "private"."orders"."createdAt", "private"."orders"."updatedAt", "private"."orders"."userId" FROM "private"."orders" WHERE "private"."orders"."userId" IN ($1) OFFSET $2 -- params: [3,0] -- duration: 1ms
2025-09-27 00:15:18 [INFO]: [INFO] Starting a postgresql pool with 5 connections.
2025-09-27 00:15:18 [INFO]: [QUERY] SELECT "private"."users"."id", "private"."users"."fullname", "private"."users"."email", "private"."users"."role", "private"."users"."status" FROM "private"."users" WHERE ("private"."users"."id" = $1 AND 1=1) LIMIT $2 OFFSET $3 -- params: [2,1,0] -- duration: 2ms
2025-09-27 00:15:18 [INFO]: [QUERY] SELECT "private"."contacts"."id", "private"."contacts"."contact", "private"."contacts"."description", "private"."contacts"."createdAt", "private"."contacts"."updatedAt", "private"."contacts"."userId" FROM "private"."contacts" WHERE "private"."contacts"."userId" IN ($1) OFFSET $2 -- params: [2,0] -- duration: 1ms
2025-09-27 00:15:18 [INFO]: [QUERY] SELECT "private"."testimonials"."id", "private"."testimonials"."content", "private"."testimonials"."rating", "private"."testimonials"."createdAt", "private"."testimonials"."updatedAt", "private"."testimonials"."userId" FROM "private"."testimonials" WHERE "private"."testimonials"."userId" IN ($1) OFFSET $2 -- params: [2,0] -- duration: 1ms
2025-09-27 00:15:18 [INFO]: [QUERY] SELECT "private"."orders"."id", "private"."orders"."amount", "private"."orders"."status", "private"."orders"."createdAt", "private"."orders"."updatedAt", "private"."orders"."userId" FROM "private"."orders" WHERE "private"."orders"."userId" IN ($1) OFFSET $2 -- params: [2,0] -- duration: 1ms
2025-09-27 00:15:18 [INFO]: [QUERY] SELECT "private"."users"."id", "private"."users"."fullname", "private"."users"."email", "private"."users"."role", "private"."users"."status" FROM "private"."users" WHERE ("private"."users"."id" = $1 AND 1=1) LIMIT $2 OFFSET $3 -- params: [3,1,0] -- duration: 1ms
2025-09-27 00:15:18 [INFO]: [QUERY] SELECT "private"."contacts"."id", "private"."contacts"."contact", "private"."contacts"."description", "private"."contacts"."createdAt", "private"."contacts"."updatedAt", "private"."contacts"."userId" FROM "private"."contacts" WHERE "private"."contacts"."userId" IN ($1) OFFSET $2 -- params: [3,0] -- duration: 2ms
2025-09-27 00:15:18 [INFO]: [QUERY] SELECT "private"."testimonials"."id", "private"."testimonials"."content", "private"."testimonials"."rating", "private"."testimonials"."createdAt", "private"."testimonials"."updatedAt", "private"."testimonials"."userId" FROM "private"."testimonials" WHERE "private"."testimonials"."userId" IN ($1) OFFSET $2 -- params: [3,0] -- duration: 2ms
2025-09-27 00:15:18 [INFO]: [QUERY] SELECT "private"."orders"."id", "private"."orders"."amount", "private"."orders"."status", "private"."orders"."createdAt", "private"."orders"."updatedAt", "private"."orders"."userId" FROM "private"."orders" WHERE "private"."orders"."userId" IN ($1) OFFSET $2 -- params: [3,0] -- duration: 1ms
2025-09-27 00:15:18 [INFO]: [QUERY] SELECT "private"."attachment"."id", "private"."attachment"."fileName", "private"."attachment"."fileType", "private"."attachment"."filePath", "private"."attachment"."fileSize", "private"."attachment"."attachmentAbleId", "private"."attachment"."attachmentAbleType" FROM "private"."attachment" WHERE ("private"."attachment"."attachmentAbleId" = $1 AND "private"."attachment"."attachmentAbleType" = $2) LIMIT $3 OFFSET $4 -- params: [3,"user",1,0] -- duration: 7ms
2025-09-27 00:15:48 [INFO]: [QUERY] SELECT 1 -- params: [] -- duration: 0ms
2025-09-27 00:15:48 [INFO]: [QUERY] SELECT "private"."users"."id", "private"."users"."fullname", "private"."users"."email", "private"."users"."role", "private"."users"."status" FROM "private"."users" WHERE ("private"."users"."id" = $1 AND 1=1) LIMIT $2 OFFSET $3 -- params: [2,1,0] -- duration: 0ms
2025-09-27 00:15:48 [INFO]: [QUERY] SELECT "private"."contacts"."id", "private"."contacts"."contact", "private"."contacts"."description", "private"."contacts"."createdAt", "private"."contacts"."updatedAt", "private"."contacts"."userId" FROM "private"."contacts" WHERE "private"."contacts"."userId" IN ($1) OFFSET $2 -- params: [2,0] -- duration: 0ms
2025-09-27 00:15:48 [INFO]: [QUERY] SELECT "private"."testimonials"."id", "private"."testimonials"."content", "private"."testimonials"."rating", "private"."testimonials"."createdAt", "private"."testimonials"."updatedAt", "private"."testimonials"."userId" FROM "private"."testimonials" WHERE "private"."testimonials"."userId" IN ($1) OFFSET $2 -- params: [2,0] -- duration: 0ms
2025-09-27 00:15:48 [INFO]: [QUERY] SELECT "private"."orders"."id", "private"."orders"."amount", "private"."orders"."status", "private"."orders"."createdAt", "private"."orders"."updatedAt", "private"."orders"."userId" FROM "private"."orders" WHERE "private"."orders"."userId" IN ($1) OFFSET $2 -- params: [2,0] -- duration: 0ms
2025-09-27 00:15:48 [INFO]: [QUERY] SELECT "private"."users"."id", "private"."users"."fullname", "private"."users"."email", "private"."users"."role", "private"."users"."status" FROM "private"."users" WHERE ("private"."users"."id" = $1 AND 1=1) LIMIT $2 OFFSET $3 -- params: [25,1,0] -- duration: 0ms
2025-09-27 00:15:48 [INFO]: [QUERY] SELECT "private"."contacts"."id", "private"."contacts"."contact", "private"."contacts"."description", "private"."contacts"."createdAt", "private"."contacts"."updatedAt", "private"."contacts"."userId" FROM "private"."contacts" WHERE "private"."contacts"."userId" IN ($1) OFFSET $2 -- params: [25,0] -- duration: 0ms
2025-09-27 00:15:48 [INFO]: [QUERY] SELECT "private"."testimonials"."id", "private"."testimonials"."content", "private"."testimonials"."rating", "private"."testimonials"."createdAt", "private"."testimonials"."updatedAt", "private"."testimonials"."userId" FROM "private"."testimonials" WHERE "private"."testimonials"."userId" IN ($1) OFFSET $2 -- params: [25,0] -- duration: 0ms
2025-09-27 00:15:48 [INFO]: [QUERY] SELECT "private"."orders"."id", "private"."orders"."amount", "private"."orders"."status", "private"."orders"."createdAt", "private"."orders"."updatedAt", "private"."orders"."userId" FROM "private"."orders" WHERE "private"."orders"."userId" IN ($1) OFFSET $2 -- params: [25,0] -- duration: 0ms
2025-09-27 00:15:48 [INFO]: [QUERY] SELECT "private"."attachment"."id", "private"."attachment"."fileName", "private"."attachment"."fileType", "private"."attachment"."filePath", "private"."attachment"."fileSize", "private"."attachment"."attachmentAbleId", "private"."attachment"."attachmentAbleType" FROM "private"."attachment" WHERE ("private"."attachment"."attachmentAbleId" = $1 AND "private"."attachment"."attachmentAbleType" = $2) LIMIT $3 OFFSET $4 -- params: [25,"user",1,0] -- duration: 1ms
2025-09-27 00:16:24 [INFO]: [INFO] Starting a postgresql pool with 5 connections.
2025-09-27 00:16:24 [INFO]: [QUERY] SELECT "private"."users"."id", "private"."users"."fullname", "private"."users"."email", "private"."users"."role", "private"."users"."status" FROM "private"."users" WHERE ("private"."users"."id" = $1 AND 1=1) LIMIT $2 OFFSET $3 -- params: [2,1,0] -- duration: 4ms
2025-09-27 00:16:24 [INFO]: [QUERY] SELECT "private"."contacts"."id", "private"."contacts"."contact", "private"."contacts"."description", "private"."contacts"."createdAt", "private"."contacts"."updatedAt", "private"."contacts"."userId" FROM "private"."contacts" WHERE "private"."contacts"."userId" IN ($1) OFFSET $2 -- params: [2,0] -- duration: 1ms
2025-09-27 00:16:24 [INFO]: [QUERY] SELECT "private"."testimonials"."id", "private"."testimonials"."content", "private"."testimonials"."rating", "private"."testimonials"."createdAt", "private"."testimonials"."updatedAt", "private"."testimonials"."userId" FROM "private"."testimonials" WHERE "private"."testimonials"."userId" IN ($1) OFFSET $2 -- params: [2,0] -- duration: 5ms
2025-09-27 00:16:24 [INFO]: [QUERY] SELECT "private"."orders"."id", "private"."orders"."amount", "private"."orders"."status", "private"."orders"."createdAt", "private"."orders"."updatedAt", "private"."orders"."userId" FROM "private"."orders" WHERE "private"."orders"."userId" IN ($1) OFFSET $2 -- params: [2,0] -- duration: 4ms
2025-09-27 00:16:24 [INFO]: [QUERY] SELECT "private"."users"."id", "private"."users"."fullname", "private"."users"."email", "private"."users"."role", "private"."users"."status" FROM "private"."users" WHERE ("private"."users"."id" = $1 AND 1=1) LIMIT $2 OFFSET $3 -- params: [25,1,0] -- duration: 0ms
2025-09-27 00:16:24 [INFO]: [QUERY] SELECT "private"."contacts"."id", "private"."contacts"."contact", "private"."contacts"."description", "private"."contacts"."createdAt", "private"."contacts"."updatedAt", "private"."contacts"."userId" FROM "private"."contacts" WHERE "private"."contacts"."userId" IN ($1) OFFSET $2 -- params: [25,0] -- duration: 0ms
2025-09-27 00:16:24 [INFO]: [QUERY] SELECT "private"."testimonials"."id", "private"."testimonials"."content", "private"."testimonials"."rating", "private"."testimonials"."createdAt", "private"."testimonials"."updatedAt", "private"."testimonials"."userId" FROM "private"."testimonials" WHERE "private"."testimonials"."userId" IN ($1) OFFSET $2 -- params: [25,0] -- duration: 1ms
2025-09-27 00:16:24 [INFO]: [QUERY] SELECT "private"."orders"."id", "private"."orders"."amount", "private"."orders"."status", "private"."orders"."createdAt", "private"."orders"."updatedAt", "private"."orders"."userId" FROM "private"."orders" WHERE "private"."orders"."userId" IN ($1) OFFSET $2 -- params: [25,0] -- duration: 3ms
2025-09-27 00:16:24 [INFO]: [QUERY] SELECT "private"."attachment"."id", "private"."attachment"."fileName", "private"."attachment"."fileType", "private"."attachment"."filePath", "private"."attachment"."fileSize", "private"."attachment"."attachmentAbleId", "private"."attachment"."attachmentAbleType" FROM "private"."attachment" WHERE ("private"."attachment"."attachmentAbleId" = $1 AND "private"."attachment"."attachmentAbleType" = $2) LIMIT $3 OFFSET $4 -- params: [25,"user",1,0] -- duration: 4ms
2025-09-27 00:16:59 [INFO]: [INFO] Starting a postgresql pool with 5 connections.
2025-09-27 00:17:00 [INFO]: [QUERY] SELECT "private"."users"."id", "private"."users"."fullname", "private"."users"."email", "private"."users"."role", "private"."users"."status" FROM "private"."users" WHERE ("private"."users"."id" = $1 AND 1=1) LIMIT $2 OFFSET $3 -- params: [2,1,0] -- duration: 1ms
2025-09-27 00:17:00 [INFO]: [QUERY] SELECT "private"."contacts"."id", "private"."contacts"."contact", "private"."contacts"."description", "private"."contacts"."createdAt", "private"."contacts"."updatedAt", "private"."contacts"."userId" FROM "private"."contacts" WHERE "private"."contacts"."userId" IN ($1) OFFSET $2 -- params: [2,0] -- duration: 1ms
2025-09-27 00:17:00 [INFO]: [QUERY] SELECT "private"."testimonials"."id", "private"."testimonials"."content", "private"."testimonials"."rating", "private"."testimonials"."createdAt", "private"."testimonials"."updatedAt", "private"."testimonials"."userId" FROM "private"."testimonials" WHERE "private"."testimonials"."userId" IN ($1) OFFSET $2 -- params: [2,0] -- duration: 1ms
2025-09-27 00:17:00 [INFO]: [QUERY] SELECT "private"."orders"."id", "private"."orders"."amount", "private"."orders"."status", "private"."orders"."createdAt", "private"."orders"."updatedAt", "private"."orders"."userId" FROM "private"."orders" WHERE "private"."orders"."userId" IN ($1) OFFSET $2 -- params: [2,0] -- duration: 2ms
2025-09-27 00:17:00 [INFO]: [QUERY] SELECT "private"."users"."id", "private"."users"."fullname", "private"."users"."email", "private"."users"."role", "private"."users"."status" FROM "private"."users" WHERE ("private"."users"."id" = $1 AND 1=1) LIMIT $2 OFFSET $3 -- params: [25,1,0] -- duration: 0ms
2025-09-27 00:17:00 [INFO]: [QUERY] SELECT "private"."contacts"."id", "private"."contacts"."contact", "private"."contacts"."description", "private"."contacts"."createdAt", "private"."contacts"."updatedAt", "private"."contacts"."userId" FROM "private"."contacts" WHERE "private"."contacts"."userId" IN ($1) OFFSET $2 -- params: [25,0] -- duration: 1ms
2025-09-27 00:17:00 [INFO]: [QUERY] SELECT "private"."testimonials"."id", "private"."testimonials"."content", "private"."testimonials"."rating", "private"."testimonials"."createdAt", "private"."testimonials"."updatedAt", "private"."testimonials"."userId" FROM "private"."testimonials" WHERE "private"."testimonials"."userId" IN ($1) OFFSET $2 -- params: [25,0] -- duration: 1ms
2025-09-27 00:17:00 [INFO]: [QUERY] SELECT "private"."orders"."id", "private"."orders"."amount", "private"."orders"."status", "private"."orders"."createdAt", "private"."orders"."updatedAt", "private"."orders"."userId" FROM "private"."orders" WHERE "private"."orders"."userId" IN ($1) OFFSET $2 -- params: [25,0] -- duration: 0ms
2025-09-27 00:17:00 [INFO]: [QUERY] SELECT "private"."attachment"."id", "private"."attachment"."fileName", "private"."attachment"."fileType", "private"."attachment"."filePath", "private"."attachment"."fileSize", "private"."attachment"."attachmentAbleId", "private"."attachment"."attachmentAbleType" FROM "private"."attachment" WHERE ("private"."attachment"."attachmentAbleId" = $1 AND "private"."attachment"."attachmentAbleType" = $2) LIMIT $3 OFFSET $4 -- params: [25,"user",1,0] -- duration: 4ms
2025-09-27 00:17:15 [INFO]: [QUERY] SELECT 1 -- params: [] -- duration: 0ms
2025-09-27 00:17:15 [INFO]: [QUERY] SELECT "private"."users"."id", "private"."users"."fullname", "private"."users"."email", "private"."users"."role", "private"."users"."status" FROM "private"."users" WHERE ("private"."users"."id" = $1 AND 1=1) LIMIT $2 OFFSET $3 -- params: [2,1,0] -- duration: 0ms
2025-09-27 00:17:15 [INFO]: [QUERY] SELECT "private"."contacts"."id", "private"."contacts"."contact", "private"."contacts"."description", "private"."contacts"."createdAt", "private"."contacts"."updatedAt", "private"."contacts"."userId" FROM "private"."contacts" WHERE "private"."contacts"."userId" IN ($1) OFFSET $2 -- params: [2,0] -- duration: 1ms
2025-09-27 00:17:15 [INFO]: [QUERY] SELECT "private"."testimonials"."id", "private"."testimonials"."content", "private"."testimonials"."rating", "private"."testimonials"."createdAt", "private"."testimonials"."updatedAt", "private"."testimonials"."userId" FROM "private"."testimonials" WHERE "private"."testimonials"."userId" IN ($1) OFFSET $2 -- params: [2,0] -- duration: 0ms
2025-09-27 00:17:15 [INFO]: [QUERY] SELECT "private"."orders"."id", "private"."orders"."amount", "private"."orders"."status", "private"."orders"."createdAt", "private"."orders"."updatedAt", "private"."orders"."userId" FROM "private"."orders" WHERE "private"."orders"."userId" IN ($1) OFFSET $2 -- params: [2,0] -- duration: 0ms
2025-09-27 00:17:15 [INFO]: [QUERY] SELECT "private"."users"."id", "private"."users"."fullname", "private"."users"."email", "private"."users"."role", "private"."users"."status" FROM "private"."users" WHERE ("private"."users"."id" = $1 AND 1=1) LIMIT $2 OFFSET $3 -- params: [26,1,0] -- duration: 1ms
2025-09-27 00:17:15 [INFO]: [QUERY] SELECT "private"."contacts"."id", "private"."contacts"."contact", "private"."contacts"."description", "private"."contacts"."createdAt", "private"."contacts"."updatedAt", "private"."contacts"."userId" FROM "private"."contacts" WHERE "private"."contacts"."userId" IN ($1) OFFSET $2 -- params: [26,0] -- duration: 1ms
2025-09-27 00:17:15 [INFO]: [QUERY] SELECT "private"."testimonials"."id", "private"."testimonials"."content", "private"."testimonials"."rating", "private"."testimonials"."createdAt", "private"."testimonials"."updatedAt", "private"."testimonials"."userId" FROM "private"."testimonials" WHERE "private"."testimonials"."userId" IN ($1) OFFSET $2 -- params: [26,0] -- duration: 0ms
2025-09-27 00:17:15 [INFO]: [QUERY] SELECT "private"."orders"."id", "private"."orders"."amount", "private"."orders"."status", "private"."orders"."createdAt", "private"."orders"."updatedAt", "private"."orders"."userId" FROM "private"."orders" WHERE "private"."orders"."userId" IN ($1) OFFSET $2 -- params: [26,0] -- duration: 0ms
2025-09-27 00:17:15 [INFO]: [QUERY] SELECT "private"."attachment"."id", "private"."attachment"."fileName", "private"."attachment"."fileType", "private"."attachment"."filePath", "private"."attachment"."fileSize", "private"."attachment"."attachmentAbleId", "private"."attachment"."attachmentAbleType" FROM "private"."attachment" WHERE ("private"."attachment"."attachmentAbleId" = $1 AND "private"."attachment"."attachmentAbleType" = $2) LIMIT $3 OFFSET $4 -- params: [26,"user",1,0] -- duration: 1ms
2025-09-27 03:35:37 [INFO]: [INFO] Starting a postgresql pool with 5 connections.
2025-09-27 03:35:38 [INFO]: [QUERY] SELECT "private"."users"."id", "private"."users"."fullname", "private"."users"."email", "private"."users"."role", "private"."users"."status" FROM "private"."users" WHERE ("private"."users"."id" = $1 AND 1=1) LIMIT $2 OFFSET $3 -- params: [2,1,0] -- duration: 3ms
2025-09-27 03:35:38 [INFO]: [QUERY] SELECT "private"."contacts"."id", "private"."contacts"."contact", "private"."contacts"."description", "private"."contacts"."createdAt", "private"."contacts"."updatedAt", "private"."contacts"."userId" FROM "private"."contacts" WHERE "private"."contacts"."userId" IN ($1) OFFSET $2 -- params: [2,0] -- duration: 2ms
2025-09-27 03:35:38 [INFO]: [QUERY] SELECT "private"."testimonials"."id", "private"."testimonials"."content", "private"."testimonials"."rating", "private"."testimonials"."createdAt", "private"."testimonials"."updatedAt", "private"."testimonials"."userId" FROM "private"."testimonials" WHERE "private"."testimonials"."userId" IN ($1) OFFSET $2 -- params: [2,0] -- duration: 2ms
2025-09-27 03:35:38 [INFO]: [QUERY] SELECT "private"."orders"."id", "private"."orders"."amount", "private"."orders"."status", "private"."orders"."createdAt", "private"."orders"."updatedAt", "private"."orders"."userId" FROM "private"."orders" WHERE "private"."orders"."userId" IN ($1) OFFSET $2 -- params: [2,0] -- duration: 1ms
2025-09-27 03:35:41 [INFO]: [QUERY] SELECT "private"."users"."id", "private"."users"."fullname", "private"."users"."email", "private"."users"."role", "private"."users"."status" FROM "private"."users" WHERE ("private"."users"."id" = $1 AND 1=1) LIMIT $2 OFFSET $3 -- params: [2,1,0] -- duration: 0ms
2025-09-27 03:35:41 [INFO]: [QUERY] SELECT "private"."contacts"."id", "private"."contacts"."contact", "private"."contacts"."description", "private"."contacts"."createdAt", "private"."contacts"."updatedAt", "private"."contacts"."userId" FROM "private"."contacts" WHERE "private"."contacts"."userId" IN ($1) OFFSET $2 -- params: [2,0] -- duration: 0ms
2025-09-27 03:35:41 [INFO]: [QUERY] SELECT "private"."testimonials"."id", "private"."testimonials"."content", "private"."testimonials"."rating", "private"."testimonials"."createdAt", "private"."testimonials"."updatedAt", "private"."testimonials"."userId" FROM "private"."testimonials" WHERE "private"."testimonials"."userId" IN ($1) OFFSET $2 -- params: [2,0] -- duration: 0ms
2025-09-27 03:35:41 [INFO]: [QUERY] SELECT "private"."orders"."id", "private"."orders"."amount", "private"."orders"."status", "private"."orders"."createdAt", "private"."orders"."updatedAt", "private"."orders"."userId" FROM "private"."orders" WHERE "private"."orders"."userId" IN ($1) OFFSET $2 -- params: [2,0] -- duration: 0ms
2025-09-27 03:36:01 [INFO]: [QUERY] SELECT 1 -- params: [] -- duration: 2ms
2025-09-27 03:36:01 [INFO]: [QUERY] SELECT "private"."users"."id", "private"."users"."fullname", "private"."users"."email", "private"."users"."role", "private"."users"."status" FROM "private"."users" WHERE ("private"."users"."id" = $1 AND 1=1) LIMIT $2 OFFSET $3 -- params: [2,1,0] -- duration: 0ms
2025-09-27 03:36:01 [INFO]: [QUERY] SELECT "private"."contacts"."id", "private"."contacts"."contact", "private"."contacts"."description", "private"."contacts"."createdAt", "private"."contacts"."updatedAt", "private"."contacts"."userId" FROM "private"."contacts" WHERE "private"."contacts"."userId" IN ($1) OFFSET $2 -- params: [2,0] -- duration: 1ms
2025-09-27 03:36:01 [INFO]: [QUERY] SELECT "private"."testimonials"."id", "private"."testimonials"."content", "private"."testimonials"."rating", "private"."testimonials"."createdAt", "private"."testimonials"."updatedAt", "private"."testimonials"."userId" FROM "private"."testimonials" WHERE "private"."testimonials"."userId" IN ($1) OFFSET $2 -- params: [2,0] -- duration: 2ms
2025-09-27 03:36:01 [INFO]: [QUERY] SELECT "private"."orders"."id", "private"."orders"."amount", "private"."orders"."status", "private"."orders"."createdAt", "private"."orders"."updatedAt", "private"."orders"."userId" FROM "private"."orders" WHERE "private"."orders"."userId" IN ($1) OFFSET $2 -- params: [2,0] -- duration: 1ms
2025-09-27 03:38:21 [INFO]: [INFO] Starting a postgresql pool with 5 connections.
2025-09-27 03:38:21 [INFO]: [QUERY] SELECT "private"."users"."id", "private"."users"."fullname", "private"."users"."email", "private"."users"."role", "private"."users"."status" FROM "private"."users" WHERE ("private"."users"."id" = $1 AND 1=1) LIMIT $2 OFFSET $3 -- params: [2,1,0] -- duration: 3ms
2025-09-27 03:38:21 [INFO]: [QUERY] SELECT "private"."contacts"."id", "private"."contacts"."contact", "private"."contacts"."description", "private"."contacts"."createdAt", "private"."contacts"."updatedAt", "private"."contacts"."userId" FROM "private"."contacts" WHERE "private"."contacts"."userId" IN ($1) OFFSET $2 -- params: [2,0] -- duration: 2ms
2025-09-27 03:38:21 [INFO]: [QUERY] SELECT "private"."testimonials"."id", "private"."testimonials"."content", "private"."testimonials"."rating", "private"."testimonials"."createdAt", "private"."testimonials"."updatedAt", "private"."testimonials"."userId" FROM "private"."testimonials" WHERE "private"."testimonials"."userId" IN ($1) OFFSET $2 -- params: [2,0] -- duration: 2ms
2025-09-27 03:38:21 [INFO]: [QUERY] SELECT "private"."orders"."id", "private"."orders"."amount", "private"."orders"."status", "private"."orders"."createdAt", "private"."orders"."updatedAt", "private"."orders"."userId" FROM "private"."orders" WHERE "private"."orders"."userId" IN ($1) OFFSET $2 -- params: [2,0] -- duration: 4ms
2025-09-27 03:38:21 [INFO]: [QUERY] SELECT "private"."users"."id", "private"."users"."fullname", "private"."users"."email", "private"."users"."role", "private"."users"."status" FROM "private"."users" WHERE ("private"."users"."id" = $1 AND 1=1) LIMIT $2 OFFSET $3 -- params: [5,1,0] -- duration: 1ms
2025-09-27 03:38:21 [INFO]: [QUERY] SELECT "private"."contacts"."id", "private"."contacts"."contact", "private"."contacts"."description", "private"."contacts"."createdAt", "private"."contacts"."updatedAt", "private"."contacts"."userId" FROM "private"."contacts" WHERE "private"."contacts"."userId" IN ($1) OFFSET $2 -- params: [5,0] -- duration: 3ms
2025-09-27 03:38:21 [INFO]: [QUERY] SELECT "private"."testimonials"."id", "private"."testimonials"."content", "private"."testimonials"."rating", "private"."testimonials"."createdAt", "private"."testimonials"."updatedAt", "private"."testimonials"."userId" FROM "private"."testimonials" WHERE "private"."testimonials"."userId" IN ($1) OFFSET $2 -- params: [5,0] -- duration: 1ms
2025-09-27 03:38:21 [INFO]: [QUERY] SELECT "private"."orders"."id", "private"."orders"."amount", "private"."orders"."status", "private"."orders"."createdAt", "private"."orders"."updatedAt", "private"."orders"."userId" FROM "private"."orders" WHERE "private"."orders"."userId" IN ($1) OFFSET $2 -- params: [5,0] -- duration: 0ms
2025-09-27 03:59:22 [INFO]: [QUERY] SELECT "private"."users"."id", "private"."users"."fullname", "private"."users"."email", "private"."users"."role", "private"."users"."status" FROM "private"."users" WHERE ("private"."users"."id" = $1 AND 1=1) LIMIT $2 OFFSET $3 -- params: [2,1,0] -- duration: 1ms
2025-09-27 03:59:22 [INFO]: [QUERY] SELECT "private"."contacts"."id", "private"."contacts"."contact", "private"."contacts"."description", "private"."contacts"."createdAt", "private"."contacts"."updatedAt", "private"."contacts"."userId" FROM "private"."contacts" WHERE "private"."contacts"."userId" IN ($1) OFFSET $2 -- params: [2,0] -- duration: 1ms
2025-09-27 03:59:22 [INFO]: [QUERY] SELECT "private"."testimonials"."id", "private"."testimonials"."content", "private"."testimonials"."rating", "private"."testimonials"."createdAt", "private"."testimonials"."updatedAt", "private"."testimonials"."userId" FROM "private"."testimonials" WHERE "private"."testimonials"."userId" IN ($1) OFFSET $2 -- params: [2,0] -- duration: 1ms
2025-09-27 03:59:22 [INFO]: [QUERY] SELECT "private"."orders"."id", "private"."orders"."amount", "private"."orders"."status", "private"."orders"."createdAt", "private"."orders"."updatedAt", "private"."orders"."userId" FROM "private"."orders" WHERE "private"."orders"."userId" IN ($1) OFFSET $2 -- params: [2,0] -- duration: 1ms
2025-09-27 03:59:22 [INFO]: [QUERY] SELECT "private"."users"."id", "private"."users"."fullname", "private"."users"."email", "private"."users"."role", "private"."users"."status" FROM "private"."users" WHERE ("private"."users"."id" = $1 AND 1=1) LIMIT $2 OFFSET $3 -- params: [5,1,0] -- duration: 0ms
2025-09-27 03:59:22 [INFO]: [QUERY] SELECT "private"."contacts"."id", "private"."contacts"."contact", "private"."contacts"."description", "private"."contacts"."createdAt", "private"."contacts"."updatedAt", "private"."contacts"."userId" FROM "private"."contacts" WHERE "private"."contacts"."userId" IN ($1) OFFSET $2 -- params: [5,0] -- duration: 0ms
2025-09-27 03:59:22 [INFO]: [QUERY] SELECT "private"."testimonials"."id", "private"."testimonials"."content", "private"."testimonials"."rating", "private"."testimonials"."createdAt", "private"."testimonials"."updatedAt", "private"."testimonials"."userId" FROM "private"."testimonials" WHERE "private"."testimonials"."userId" IN ($1) OFFSET $2 -- params: [5,0] -- duration: 0ms
2025-09-27 03:59:22 [INFO]: [QUERY] SELECT "private"."orders"."id", "private"."orders"."amount", "private"."orders"."status", "private"."orders"."createdAt", "private"."orders"."updatedAt", "private"."orders"."userId" FROM "private"."orders" WHERE "private"."orders"."userId" IN ($1) OFFSET $2 -- params: [5,0] -- duration: 0ms
2025-09-27 04:01:11 [INFO]: [QUERY] SELECT 1 -- params: [] -- duration: 0ms
2025-09-27 04:01:11 [INFO]: [QUERY] SELECT "private"."users"."id", "private"."users"."fullname", "private"."users"."email", "private"."users"."role", "private"."users"."status" FROM "private"."users" WHERE ("private"."users"."id" = $1 AND 1=1) LIMIT $2 OFFSET $3 -- params: [2,1,0] -- duration: 1ms
2025-09-27 04:01:11 [INFO]: [QUERY] SELECT "private"."contacts"."id", "private"."contacts"."contact", "private"."contacts"."description", "private"."contacts"."createdAt", "private"."contacts"."updatedAt", "private"."contacts"."userId" FROM "private"."contacts" WHERE "private"."contacts"."userId" IN ($1) OFFSET $2 -- params: [2,0] -- duration: 0ms
2025-09-27 04:01:11 [INFO]: [QUERY] SELECT "private"."testimonials"."id", "private"."testimonials"."content", "private"."testimonials"."rating", "private"."testimonials"."createdAt", "private"."testimonials"."updatedAt", "private"."testimonials"."userId" FROM "private"."testimonials" WHERE "private"."testimonials"."userId" IN ($1) OFFSET $2 -- params: [2,0] -- duration: 0ms
2025-09-27 04:01:11 [INFO]: [QUERY] SELECT "private"."orders"."id", "private"."orders"."amount", "private"."orders"."status", "private"."orders"."createdAt", "private"."orders"."updatedAt", "private"."orders"."userId" FROM "private"."orders" WHERE "private"."orders"."userId" IN ($1) OFFSET $2 -- params: [2,0] -- duration: 0ms
2025-09-27 04:01:11 [INFO]: [QUERY] SELECT "private"."users"."id", "private"."users"."fullname", "private"."users"."email", "private"."users"."role", "private"."users"."status" FROM "private"."users" WHERE ("private"."users"."id" = $1 AND 1=1) LIMIT $2 OFFSET $3 -- params: [5,1,0] -- duration: 0ms
2025-09-27 04:01:11 [INFO]: [QUERY] SELECT "private"."contacts"."id", "private"."contacts"."contact", "private"."contacts"."description", "private"."contacts"."createdAt", "private"."contacts"."updatedAt", "private"."contacts"."userId" FROM "private"."contacts" WHERE "private"."contacts"."userId" IN ($1) OFFSET $2 -- params: [5,0] -- duration: 0ms
2025-09-27 04:01:11 [INFO]: [QUERY] SELECT "private"."testimonials"."id", "private"."testimonials"."content", "private"."testimonials"."rating", "private"."testimonials"."createdAt", "private"."testimonials"."updatedAt", "private"."testimonials"."userId" FROM "private"."testimonials" WHERE "private"."testimonials"."userId" IN ($1) OFFSET $2 -- params: [5,0] -- duration: 0ms
2025-09-27 04:01:11 [INFO]: [QUERY] SELECT "private"."orders"."id", "private"."orders"."amount", "private"."orders"."status", "private"."orders"."createdAt", "private"."orders"."updatedAt", "private"."orders"."userId" FROM "private"."orders" WHERE "private"."orders"."userId" IN ($1) OFFSET $2 -- params: [5,0] -- duration: 0ms
2025-09-27 04:01:11 [INFO]: [QUERY] BEGIN -- params: [] -- duration: 0ms
2025-09-27 04:01:11 [INFO]: [QUERY] UPDATE "private"."users" SET "fullname" = $1, "email" = $2, "role" = $3, "status" = $4, "updatedAt" = $5 WHERE ("private"."users"."id" = $6 AND 1=1) RETURNING "private"."users"."id", "private"."users"."fullname", "private"."users"."email", "private"."users"."role", "private"."users"."status" -- params: ["customer3 updated","customer3@example.com",3,1,"2025-09-26 21:01:11.055 UTC",5] -- duration: 1ms
2025-09-27 04:01:11 [INFO]: [QUERY] SELECT "private"."users"."id", "private"."users"."fullname", "private"."users"."email", "private"."users"."role", "private"."users"."status" FROM "private"."users" WHERE "private"."users"."id" = $1 LIMIT $2 OFFSET $3 -- params: [5,1,0] -- duration: 1ms
2025-09-27 04:01:11 [INFO]: [QUERY] SELECT "private"."contacts"."id", "private"."contacts"."contact", "private"."contacts"."description", "private"."contacts"."createdAt", "private"."contacts"."updatedAt", "private"."contacts"."userId" FROM "private"."contacts" WHERE "private"."contacts"."userId" IN ($1) OFFSET $2 -- params: [5,0] -- duration: 0ms
2025-09-27 04:01:11 [INFO]: [QUERY] SELECT "private"."testimonials"."id", "private"."testimonials"."content", "private"."testimonials"."rating", "private"."testimonials"."createdAt", "private"."testimonials"."updatedAt", "private"."testimonials"."userId" FROM "private"."testimonials" WHERE "private"."testimonials"."userId" IN ($1) OFFSET $2 -- params: [5,0] -- duration: 0ms
2025-09-27 04:01:11 [INFO]: [QUERY] SELECT "private"."orders"."id", "private"."orders"."amount", "private"."orders"."status", "private"."orders"."createdAt", "private"."orders"."updatedAt", "private"."orders"."userId" FROM "private"."orders" WHERE "private"."orders"."userId" IN ($1) OFFSET $2 -- params: [5,0] -- duration: 0ms
2025-09-27 04:01:11 [INFO]: [QUERY] COMMIT -- params: [] -- duration: 29ms
2025-09-27 04:01:11 [INFO]: [QUERY] SELECT "private"."attachment"."id", "private"."attachment"."fileName", "private"."attachment"."fileType", "private"."attachment"."filePath", "private"."attachment"."fileSize", "private"."attachment"."attachmentAbleId", "private"."attachment"."attachmentAbleType" FROM "private"."attachment" WHERE ("private"."attachment"."attachmentAbleId" = $1 AND "private"."attachment"."attachmentAbleType" = $2) LIMIT $3 OFFSET $4 -- params: [5,"user",1,0] -- duration: 3ms
2025-09-27 04:01:11 [INFO]: [QUERY] INSERT INTO "private"."attachment" ("fileName","fileType","filePath","fileSize","attachmentAbleId","attachmentAbleType","createdAt","updatedAt") VALUES ($1,$2,$3,$4,$5,$6,$7,$8) RETURNING "private"."attachment"."id", "private"."attachment"."fileName", "private"."attachment"."fileType", "private"."attachment"."filePath", "private"."attachment"."fileSize", "private"."attachment"."attachmentAbleId", "private"."attachment"."attachmentAbleType" -- params: ["mysql.png","image/png","/home/hadi-rachmat-s/Documents/Project/finework/app-finework-backend/uploads/1758920471032-869664141-mysql.png",514065,5,"user","2025-09-26 21:01:11.103 UTC","2025-09-26 21:01:11.103 UTC"] -- duration: 10ms
2025-09-27 04:02:09 [INFO]: [QUERY] SELECT 1 -- params: [] -- duration: 0ms
2025-09-27 04:02:09 [INFO]: [QUERY] SELECT "private"."users"."id", "private"."users"."fullname", "private"."users"."email", "private"."users"."role", "private"."users"."status" FROM "private"."users" WHERE ("private"."users"."id" = $1 AND 1=1) LIMIT $2 OFFSET $3 -- params: [2,1,0] -- duration: 1ms
2025-09-27 04:02:09 [INFO]: [QUERY] SELECT "private"."contacts"."id", "private"."contacts"."contact", "private"."contacts"."description", "private"."contacts"."createdAt", "private"."contacts"."updatedAt", "private"."contacts"."userId" FROM "private"."contacts" WHERE "private"."contacts"."userId" IN ($1) OFFSET $2 -- params: [2,0] -- duration: 0ms
2025-09-27 04:02:09 [INFO]: [QUERY] SELECT "private"."testimonials"."id", "private"."testimonials"."content", "private"."testimonials"."rating", "private"."testimonials"."createdAt", "private"."testimonials"."updatedAt", "private"."testimonials"."userId" FROM "private"."testimonials" WHERE "private"."testimonials"."userId" IN ($1) OFFSET $2 -- params: [2,0] -- duration: 0ms
2025-09-27 04:02:09 [INFO]: [QUERY] SELECT "private"."orders"."id", "private"."orders"."amount", "private"."orders"."status", "private"."orders"."createdAt", "private"."orders"."updatedAt", "private"."orders"."userId" FROM "private"."orders" WHERE "private"."orders"."userId" IN ($1) OFFSET $2 -- params: [2,0] -- duration: 0ms
2025-09-27 04:02:09 [INFO]: [QUERY] SELECT "private"."users"."id", "private"."users"."fullname", "private"."users"."email", "private"."users"."role", "private"."users"."status" FROM "private"."users" WHERE ("private"."users"."id" = $1 AND 1=1) LIMIT $2 OFFSET $3 -- params: [5,1,0] -- duration: 0ms
2025-09-27 04:02:09 [INFO]: [QUERY] SELECT "private"."contacts"."id", "private"."contacts"."contact", "private"."contacts"."description", "private"."contacts"."createdAt", "private"."contacts"."updatedAt", "private"."contacts"."userId" FROM "private"."contacts" WHERE "private"."contacts"."userId" IN ($1) OFFSET $2 -- params: [5,0] -- duration: 0ms
2025-09-27 04:02:09 [INFO]: [QUERY] SELECT "private"."testimonials"."id", "private"."testimonials"."content", "private"."testimonials"."rating", "private"."testimonials"."createdAt", "private"."testimonials"."updatedAt", "private"."testimonials"."userId" FROM "private"."testimonials" WHERE "private"."testimonials"."userId" IN ($1) OFFSET $2 -- params: [5,0] -- duration: 0ms
2025-09-27 04:02:09 [INFO]: [QUERY] SELECT "private"."orders"."id", "private"."orders"."amount", "private"."orders"."status", "private"."orders"."createdAt", "private"."orders"."updatedAt", "private"."orders"."userId" FROM "private"."orders" WHERE "private"."orders"."userId" IN ($1) OFFSET $2 -- params: [5,0] -- duration: 0ms
2025-09-27 04:02:09 [INFO]: [QUERY] BEGIN -- params: [] -- duration: 0ms
2025-09-27 04:02:09 [INFO]: [QUERY] UPDATE "private"."users" SET "fullname" = $1, "email" = $2, "role" = $3, "status" = $4, "updatedAt" = $5 WHERE ("private"."users"."id" = $6 AND 1=1) RETURNING "private"."users"."id", "private"."users"."fullname", "private"."users"."email", "private"."users"."role", "private"."users"."status" -- params: ["customer3 updated","customer3@example.com",3,1,"2025-09-26 21:02:09.571 UTC",5] -- duration: 1ms
2025-09-27 04:02:09 [INFO]: [QUERY] SELECT "private"."users"."id", "private"."users"."fullname", "private"."users"."email", "private"."users"."role", "private"."users"."status" FROM "private"."users" WHERE "private"."users"."id" = $1 LIMIT $2 OFFSET $3 -- params: [5,1,0] -- duration: 0ms
2025-09-27 04:02:09 [INFO]: [QUERY] SELECT "private"."contacts"."id", "private"."contacts"."contact", "private"."contacts"."description", "private"."contacts"."createdAt", "private"."contacts"."updatedAt", "private"."contacts"."userId" FROM "private"."contacts" WHERE "private"."contacts"."userId" IN ($1) OFFSET $2 -- params: [5,0] -- duration: 0ms
2025-09-27 04:02:09 [INFO]: [QUERY] SELECT "private"."testimonials"."id", "private"."testimonials"."content", "private"."testimonials"."rating", "private"."testimonials"."createdAt", "private"."testimonials"."updatedAt", "private"."testimonials"."userId" FROM "private"."testimonials" WHERE "private"."testimonials"."userId" IN ($1) OFFSET $2 -- params: [5,0] -- duration: 0ms
2025-09-27 04:02:09 [INFO]: [QUERY] SELECT "private"."orders"."id", "private"."orders"."amount", "private"."orders"."status", "private"."orders"."createdAt", "private"."orders"."updatedAt", "private"."orders"."userId" FROM "private"."orders" WHERE "private"."orders"."userId" IN ($1) OFFSET $2 -- params: [5,0] -- duration: 0ms
2025-09-27 04:02:09 [INFO]: [QUERY] COMMIT -- params: [] -- duration: 18ms
2025-09-27 04:02:09 [INFO]: [QUERY] SELECT "private"."attachment"."id", "private"."attachment"."fileName", "private"."attachment"."fileType", "private"."attachment"."filePath", "private"."attachment"."fileSize", "private"."attachment"."attachmentAbleId", "private"."attachment"."attachmentAbleType" FROM "private"."attachment" WHERE ("private"."attachment"."attachmentAbleId" = $1 AND "private"."attachment"."attachmentAbleType" = $2) LIMIT $3 OFFSET $4 -- params: [5,"user",1,0] -- duration: 0ms
2025-09-27 04:05:46 [INFO]: [INFO] Starting a postgresql pool with 5 connections.
2025-09-27 04:05:46 [INFO]: [QUERY] SELECT "private"."users"."id", "private"."users"."fullname", "private"."users"."email", "private"."users"."role", "private"."users"."status" FROM "private"."users" WHERE ("private"."users"."id" = $1 AND 1=1) LIMIT $2 OFFSET $3 -- params: [2,1,0] -- duration: 2ms
2025-09-27 04:05:46 [INFO]: [QUERY] SELECT "private"."contacts"."id", "private"."contacts"."contact", "private"."contacts"."description", "private"."contacts"."createdAt", "private"."contacts"."updatedAt", "private"."contacts"."userId" FROM "private"."contacts" WHERE "private"."contacts"."userId" IN ($1) OFFSET $2 -- params: [2,0] -- duration: 1ms
2025-09-27 04:05:46 [INFO]: [QUERY] SELECT "private"."testimonials"."id", "private"."testimonials"."content", "private"."testimonials"."rating", "private"."testimonials"."createdAt", "private"."testimonials"."updatedAt", "private"."testimonials"."userId" FROM "private"."testimonials" WHERE "private"."testimonials"."userId" IN ($1) OFFSET $2 -- params: [2,0] -- duration: 1ms
2025-09-27 04:05:46 [INFO]: [QUERY] SELECT "private"."orders"."id", "private"."orders"."amount", "private"."orders"."status", "private"."orders"."createdAt", "private"."orders"."updatedAt", "private"."orders"."userId" FROM "private"."orders" WHERE "private"."orders"."userId" IN ($1) OFFSET $2 -- params: [2,0] -- duration: 1ms
2025-09-27 04:05:46 [INFO]: [QUERY] SELECT "private"."users"."id", "private"."users"."fullname", "private"."users"."email", "private"."users"."role", "private"."users"."status" FROM "private"."users" WHERE ("private"."users"."id" = $1 AND 1=1) LIMIT $2 OFFSET $3 -- params: [5,1,0] -- duration: 0ms
2025-09-27 04:05:46 [INFO]: [QUERY] SELECT "private"."contacts"."id", "private"."contacts"."contact", "private"."contacts"."description", "private"."contacts"."createdAt", "private"."contacts"."updatedAt", "private"."contacts"."userId" FROM "private"."contacts" WHERE "private"."contacts"."userId" IN ($1) OFFSET $2 -- params: [5,0] -- duration: 0ms
2025-09-27 04:05:46 [INFO]: [QUERY] SELECT "private"."testimonials"."id", "private"."testimonials"."content", "private"."testimonials"."rating", "private"."testimonials"."createdAt", "private"."testimonials"."updatedAt", "private"."testimonials"."userId" FROM "private"."testimonials" WHERE "private"."testimonials"."userId" IN ($1) OFFSET $2 -- params: [5,0] -- duration: 0ms
2025-09-27 04:05:46 [INFO]: [QUERY] SELECT "private"."orders"."id", "private"."orders"."amount", "private"."orders"."status", "private"."orders"."createdAt", "private"."orders"."updatedAt", "private"."orders"."userId" FROM "private"."orders" WHERE "private"."orders"."userId" IN ($1) OFFSET $2 -- params: [5,0] -- duration: 0ms
2025-09-27 04:05:46 [INFO]: [QUERY] BEGIN -- params: [] -- duration: 0ms
2025-09-27 04:05:46 [INFO]: [QUERY] UPDATE "private"."users" SET "fullname" = $1, "email" = $2, "role" = $3, "status" = $4, "updatedAt" = $5 WHERE ("private"."users"."id" = $6 AND 1=1) RETURNING "private"."users"."id", "private"."users"."fullname", "private"."users"."email", "private"."users"."role", "private"."users"."status" -- params: ["customer3 updated","customer3@example.com",3,1,"2025-09-26 21:05:46.378 UTC",5] -- duration: 2ms
2025-09-27 04:05:46 [INFO]: [QUERY] SELECT "private"."users"."id", "private"."users"."fullname", "private"."users"."email", "private"."users"."role", "private"."users"."status" FROM "private"."users" WHERE "private"."users"."id" = $1 LIMIT $2 OFFSET $3 -- params: [5,1,0] -- duration: 2ms
2025-09-27 04:05:46 [INFO]: [QUERY] SELECT "private"."contacts"."id", "private"."contacts"."contact", "private"."contacts"."description", "private"."contacts"."createdAt", "private"."contacts"."updatedAt", "private"."contacts"."userId" FROM "private"."contacts" WHERE "private"."contacts"."userId" IN ($1) OFFSET $2 -- params: [5,0] -- duration: 0ms
2025-09-27 04:05:46 [INFO]: [QUERY] SELECT "private"."testimonials"."id", "private"."testimonials"."content", "private"."testimonials"."rating", "private"."testimonials"."createdAt", "private"."testimonials"."updatedAt", "private"."testimonials"."userId" FROM "private"."testimonials" WHERE "private"."testimonials"."userId" IN ($1) OFFSET $2 -- params: [5,0] -- duration: 2ms
2025-09-27 04:05:46 [INFO]: [QUERY] SELECT "private"."orders"."id", "private"."orders"."amount", "private"."orders"."status", "private"."orders"."createdAt", "private"."orders"."updatedAt", "private"."orders"."userId" FROM "private"."orders" WHERE "private"."orders"."userId" IN ($1) OFFSET $2 -- params: [5,0] -- duration: 1ms
2025-09-27 04:05:46 [INFO]: [QUERY] COMMIT -- params: [] -- duration: 24ms
2025-09-27 04:05:46 [INFO]: [QUERY] SELECT "private"."attachment"."id", "private"."attachment"."fileName", "private"."attachment"."fileType", "private"."attachment"."filePath", "private"."attachment"."fileSize", "private"."attachment"."attachmentAbleId", "private"."attachment"."attachmentAbleType" FROM "private"."attachment" WHERE ("private"."attachment"."attachmentAbleId" = $1 AND "private"."attachment"."attachmentAbleType" = $2) LIMIT $3 OFFSET $4 -- params: [5,"user",1,0] -- duration: 2ms
2025-09-27 04:05:46 [INFO]: [QUERY] DELETE FROM "private"."attachment" WHERE ("private"."attachment"."id" = $1 AND 1=1) RETURNING "private"."attachment"."id", "private"."attachment"."fileName", "private"."attachment"."fileType", "private"."attachment"."filePath", "private"."attachment"."fileSize", "private"."attachment"."attachmentAbleId", "private"."attachment"."attachmentAbleType" -- params: [15] -- duration: 3ms
2025-09-27 04:05:46 [INFO]: [QUERY] INSERT INTO "private"."attachment" ("fileName","fileType","filePath","fileSize","attachmentAbleId","attachmentAbleType","createdAt","updatedAt") VALUES ($1,$2,$3,$4,$5,$6,$7,$8) RETURNING "private"."attachment"."id", "private"."attachment"."fileName", "private"."attachment"."fileType", "private"."attachment"."filePath", "private"."attachment"."fileSize", "private"."attachment"."attachmentAbleId", "private"."attachment"."attachmentAbleType" -- params: ["mysql.png","image/png","/home/hadi-rachmat-s/Documents/Project/finework/app-finework-backend/uploads/1758920746337-591898847-mysql.png",514065,5,"user","2025-09-26 21:05:46.428 UTC","2025-09-26 21:05:46.428 UTC"] -- duration: 8ms
2025-09-27 04:06:38 [INFO]: [INFO] Starting a postgresql pool with 5 connections.
2025-09-27 04:06:39 [INFO]: [QUERY] SELECT "private"."users"."id", "private"."users"."fullname", "private"."users"."email", "private"."users"."role", "private"."users"."status" FROM "private"."users" WHERE ("private"."users"."id" = $1 AND 1=1) LIMIT $2 OFFSET $3 -- params: [2,1,0] -- duration: 2ms
2025-09-27 04:06:39 [INFO]: [QUERY] SELECT "private"."contacts"."id", "private"."contacts"."contact", "private"."contacts"."description", "private"."contacts"."createdAt", "private"."contacts"."updatedAt", "private"."contacts"."userId" FROM "private"."contacts" WHERE "private"."contacts"."userId" IN ($1) OFFSET $2 -- params: [2,0] -- duration: 3ms
2025-09-27 04:06:39 [INFO]: [QUERY] SELECT "private"."testimonials"."id", "private"."testimonials"."content", "private"."testimonials"."rating", "private"."testimonials"."createdAt", "private"."testimonials"."updatedAt", "private"."testimonials"."userId" FROM "private"."testimonials" WHERE "private"."testimonials"."userId" IN ($1) OFFSET $2 -- params: [2,0] -- duration: 2ms
2025-09-27 04:06:39 [INFO]: [QUERY] SELECT "private"."orders"."id", "private"."orders"."amount", "private"."orders"."status", "private"."orders"."createdAt", "private"."orders"."updatedAt", "private"."orders"."userId" FROM "private"."orders" WHERE "private"."orders"."userId" IN ($1) OFFSET $2 -- params: [2,0] -- duration: 1ms
2025-09-27 04:06:39 [INFO]: [QUERY] SELECT "private"."users"."id", "private"."users"."fullname", "private"."users"."email", "private"."users"."role", "private"."users"."status" FROM "private"."users" WHERE ("private"."users"."id" = $1 AND 1=1) LIMIT $2 OFFSET $3 -- params: [5,1,0] -- duration: 0ms
2025-09-27 04:06:39 [INFO]: [QUERY] SELECT "private"."contacts"."id", "private"."contacts"."contact", "private"."contacts"."description", "private"."contacts"."createdAt", "private"."contacts"."updatedAt", "private"."contacts"."userId" FROM "private"."contacts" WHERE "private"."contacts"."userId" IN ($1) OFFSET $2 -- params: [5,0] -- duration: 0ms
2025-09-27 04:06:39 [INFO]: [QUERY] SELECT "private"."testimonials"."id", "private"."testimonials"."content", "private"."testimonials"."rating", "private"."testimonials"."createdAt", "private"."testimonials"."updatedAt", "private"."testimonials"."userId" FROM "private"."testimonials" WHERE "private"."testimonials"."userId" IN ($1) OFFSET $2 -- params: [5,0] -- duration: 1ms
2025-09-27 04:06:39 [INFO]: [QUERY] SELECT "private"."orders"."id", "private"."orders"."amount", "private"."orders"."status", "private"."orders"."createdAt", "private"."orders"."updatedAt", "private"."orders"."userId" FROM "private"."orders" WHERE "private"."orders"."userId" IN ($1) OFFSET $2 -- params: [5,0] -- duration: 0ms
2025-09-27 04:06:39 [INFO]: [QUERY] BEGIN -- params: [] -- duration: 0ms
2025-09-27 04:06:39 [INFO]: [QUERY] UPDATE "private"."users" SET "fullname" = $1, "email" = $2, "role" = $3, "status" = $4, "updatedAt" = $5 WHERE ("private"."users"."id" = $6 AND 1=1) RETURNING "private"."users"."id", "private"."users"."fullname", "private"."users"."email", "private"."users"."role", "private"."users"."status" -- params: ["customer3 updated","customer3@example.com",3,1,"2025-09-26 21:06:39.087 UTC",5] -- duration: 2ms
2025-09-27 04:06:39 [INFO]: [QUERY] SELECT "private"."users"."id", "private"."users"."fullname", "private"."users"."email", "private"."users"."role", "private"."users"."status" FROM "private"."users" WHERE "private"."users"."id" = $1 LIMIT $2 OFFSET $3 -- params: [5,1,0] -- duration: 2ms
2025-09-27 04:06:39 [INFO]: [QUERY] SELECT "private"."contacts"."id", "private"."contacts"."contact", "private"."contacts"."description", "private"."contacts"."createdAt", "private"."contacts"."updatedAt", "private"."contacts"."userId" FROM "private"."contacts" WHERE "private"."contacts"."userId" IN ($1) OFFSET $2 -- params: [5,0] -- duration: 0ms
2025-09-27 04:06:39 [INFO]: [QUERY] SELECT "private"."testimonials"."id", "private"."testimonials"."content", "private"."testimonials"."rating", "private"."testimonials"."createdAt", "private"."testimonials"."updatedAt", "private"."testimonials"."userId" FROM "private"."testimonials" WHERE "private"."testimonials"."userId" IN ($1) OFFSET $2 -- params: [5,0] -- duration: 0ms
2025-09-27 04:06:39 [INFO]: [QUERY] SELECT "private"."orders"."id", "private"."orders"."amount", "private"."orders"."status", "private"."orders"."createdAt", "private"."orders"."updatedAt", "private"."orders"."userId" FROM "private"."orders" WHERE "private"."orders"."userId" IN ($1) OFFSET $2 -- params: [5,0] -- duration: 1ms
2025-09-27 04:06:39 [INFO]: [QUERY] COMMIT -- params: [] -- duration: 32ms
2025-09-27 04:06:39 [INFO]: [QUERY] SELECT "private"."attachment"."id", "private"."attachment"."fileName", "private"."attachment"."fileType", "private"."attachment"."filePath", "private"."attachment"."fileSize", "private"."attachment"."attachmentAbleId", "private"."attachment"."attachmentAbleType" FROM "private"."attachment" WHERE ("private"."attachment"."attachmentAbleId" = $1 AND "private"."attachment"."attachmentAbleType" = $2) LIMIT $3 OFFSET $4 -- params: [5,"user",1,0] -- duration: 2ms
2025-09-27 04:06:39 [INFO]: [QUERY] DELETE FROM "private"."attachment" WHERE ("private"."attachment"."id" = $1 AND 1=1) RETURNING "private"."attachment"."id", "private"."attachment"."fileName", "private"."attachment"."fileType", "private"."attachment"."filePath", "private"."attachment"."fileSize", "private"."attachment"."attachmentAbleId", "private"."attachment"."attachmentAbleType" -- params: [16] -- duration: 2ms
2025-09-27 04:06:39 [INFO]: [QUERY] INSERT INTO "private"."attachment" ("fileName","fileType","filePath","fileSize","attachmentAbleId","attachmentAbleType","createdAt","updatedAt") VALUES ($1,$2,$3,$4,$5,$6,$7,$8) RETURNING "private"."attachment"."id", "private"."attachment"."fileName", "private"."attachment"."fileType", "private"."attachment"."filePath", "private"."attachment"."fileSize", "private"."attachment"."attachmentAbleId", "private"."attachment"."attachmentAbleType" -- params: ["mysql.png","image/png","/home/hadi-rachmat-s/Documents/Project/finework/app-finework-backend/uploads/1758920799053-305388855-mysql.png",514065,5,"user","2025-09-26 21:06:39.146 UTC","2025-09-26 21:06:39.146 UTC"] -- duration: 5ms
2025-09-27 04:09:04 [INFO]: [INFO] Starting a postgresql pool with 5 connections.
2025-09-27 04:09:04 [INFO]: [QUERY] SELECT "private"."users"."id", "private"."users"."fullname", "private"."users"."email", "private"."users"."role", "private"."users"."status" FROM "private"."users" WHERE ("private"."users"."id" = $1 AND 1=1) LIMIT $2 OFFSET $3 -- params: [2,1,0] -- duration: 3ms
2025-09-27 04:09:04 [INFO]: [QUERY] SELECT "private"."contacts"."id", "private"."contacts"."contact", "private"."contacts"."description", "private"."contacts"."createdAt", "private"."contacts"."updatedAt", "private"."contacts"."userId" FROM "private"."contacts" WHERE "private"."contacts"."userId" IN ($1) OFFSET $2 -- params: [2,0] -- duration: 1ms
2025-09-27 04:09:04 [INFO]: [QUERY] SELECT "private"."testimonials"."id", "private"."testimonials"."content", "private"."testimonials"."rating", "private"."testimonials"."createdAt", "private"."testimonials"."updatedAt", "private"."testimonials"."userId" FROM "private"."testimonials" WHERE "private"."testimonials"."userId" IN ($1) OFFSET $2 -- params: [2,0] -- duration: 1ms
2025-09-27 04:09:04 [INFO]: [QUERY] SELECT "private"."orders"."id", "private"."orders"."amount", "private"."orders"."status", "private"."orders"."createdAt", "private"."orders"."updatedAt", "private"."orders"."userId" FROM "private"."orders" WHERE "private"."orders"."userId" IN ($1) OFFSET $2 -- params: [2,0] -- duration: 1ms
2025-09-27 04:09:04 [INFO]: [QUERY] SELECT "private"."users"."id", "private"."users"."fullname", "private"."users"."email", "private"."users"."role", "private"."users"."status" FROM "private"."users" WHERE ("private"."users"."id" = $1 AND 1=1) LIMIT $2 OFFSET $3 -- params: [5,1,0] -- duration: 0ms
2025-09-27 04:09:04 [INFO]: [QUERY] SELECT "private"."contacts"."id", "private"."contacts"."contact", "private"."contacts"."description", "private"."contacts"."createdAt", "private"."contacts"."updatedAt", "private"."contacts"."userId" FROM "private"."contacts" WHERE "private"."contacts"."userId" IN ($1) OFFSET $2 -- params: [5,0] -- duration: 0ms
2025-09-27 04:09:04 [INFO]: [QUERY] SELECT "private"."testimonials"."id", "private"."testimonials"."content", "private"."testimonials"."rating", "private"."testimonials"."createdAt", "private"."testimonials"."updatedAt", "private"."testimonials"."userId" FROM "private"."testimonials" WHERE "private"."testimonials"."userId" IN ($1) OFFSET $2 -- params: [5,0] -- duration: 0ms
2025-09-27 04:09:04 [INFO]: [QUERY] SELECT "private"."orders"."id", "private"."orders"."amount", "private"."orders"."status", "private"."orders"."createdAt", "private"."orders"."updatedAt", "private"."orders"."userId" FROM "private"."orders" WHERE "private"."orders"."userId" IN ($1) OFFSET $2 -- params: [5,0] -- duration: 0ms
2025-09-27 04:09:04 [INFO]: [QUERY] BEGIN -- params: [] -- duration: 0ms
2025-09-27 04:09:04 [INFO]: [QUERY] UPDATE "private"."users" SET "fullname" = $1, "email" = $2, "role" = $3, "status" = $4, "updatedAt" = $5 WHERE ("private"."users"."id" = $6 AND 1=1) RETURNING "private"."users"."id", "private"."users"."fullname", "private"."users"."email", "private"."users"."role", "private"."users"."status" -- params: ["customer3 updated","customer3@example.com",3,1,"2025-09-26 21:09:04.776 UTC",5] -- duration: 3ms
2025-09-27 04:09:04 [INFO]: [QUERY] SELECT "private"."users"."id", "private"."users"."fullname", "private"."users"."email", "private"."users"."role", "private"."users"."status" FROM "private"."users" WHERE "private"."users"."id" = $1 LIMIT $2 OFFSET $3 -- params: [5,1,0] -- duration: 1ms
2025-09-27 04:09:04 [INFO]: [QUERY] SELECT "private"."contacts"."id", "private"."contacts"."contact", "private"."contacts"."description", "private"."contacts"."createdAt", "private"."contacts"."updatedAt", "private"."contacts"."userId" FROM "private"."contacts" WHERE "private"."contacts"."userId" IN ($1) OFFSET $2 -- params: [5,0] -- duration: 0ms
2025-09-27 04:09:04 [INFO]: [QUERY] SELECT "private"."testimonials"."id", "private"."testimonials"."content", "private"."testimonials"."rating", "private"."testimonials"."createdAt", "private"."testimonials"."updatedAt", "private"."testimonials"."userId" FROM "private"."testimonials" WHERE "private"."testimonials"."userId" IN ($1) OFFSET $2 -- params: [5,0] -- duration: 0ms
2025-09-27 04:09:04 [INFO]: [QUERY] SELECT "private"."orders"."id", "private"."orders"."amount", "private"."orders"."status", "private"."orders"."createdAt", "private"."orders"."updatedAt", "private"."orders"."userId" FROM "private"."orders" WHERE "private"."orders"."userId" IN ($1) OFFSET $2 -- params: [5,0] -- duration: 0ms
2025-09-27 04:09:04 [INFO]: [QUERY] COMMIT -- params: [] -- duration: 35ms
2025-09-27 04:09:04 [INFO]: [QUERY] SELECT "private"."attachment"."id", "private"."attachment"."fileName", "private"."attachment"."fileType", "private"."attachment"."filePath", "private"."attachment"."fileSize", "private"."attachment"."attachmentAbleId", "private"."attachment"."attachmentAbleType" FROM "private"."attachment" WHERE ("private"."attachment"."attachmentAbleId" = $1 AND "private"."attachment"."attachmentAbleType" = $2) LIMIT $3 OFFSET $4 -- params: [5,"user",1,0] -- duration: 2ms
2025-09-27 04:09:04 [INFO]: [QUERY] DELETE FROM "private"."attachment" WHERE ("private"."attachment"."id" = $1 AND 1=1) RETURNING "private"."attachment"."id", "private"."attachment"."fileName", "private"."attachment"."fileType", "private"."attachment"."filePath", "private"."attachment"."fileSize", "private"."attachment"."attachmentAbleId", "private"."attachment"."attachmentAbleType" -- params: [17] -- duration: 4ms
2025-09-27 04:09:04 [INFO]: [QUERY] INSERT INTO "private"."attachment" ("fileName","fileType","filePath","fileSize","attachmentAbleId","attachmentAbleType","createdAt","updatedAt") VALUES ($1,$2,$3,$4,$5,$6,$7,$8) RETURNING "private"."attachment"."id", "private"."attachment"."fileName", "private"."attachment"."fileType", "private"."attachment"."filePath", "private"."attachment"."fileSize", "private"."attachment"."attachmentAbleId", "private"."attachment"."attachmentAbleType" -- params: ["mysql.png","image/png","/home/hadi-rachmat-s/Documents/Project/finework/app-finework-backend/uploads/1758920944737-979225548-mysql.png",514065,5,"user","2025-09-26 21:09:04.837 UTC","2025-09-26 21:09:04.837 UTC"] -- duration: 5ms
2025-09-27 04:09:40 [INFO]: [INFO] Starting a postgresql pool with 5 connections.
2025-09-27 04:09:41 [INFO]: [QUERY] SELECT "private"."users"."id", "private"."users"."fullname", "private"."users"."email", "private"."users"."role", "private"."users"."status" FROM "private"."users" WHERE ("private"."users"."id" = $1 AND 1=1) LIMIT $2 OFFSET $3 -- params: [2,1,0] -- duration: 2ms
2025-09-27 04:09:41 [INFO]: [QUERY] SELECT "private"."contacts"."id", "private"."contacts"."contact", "private"."contacts"."description", "private"."contacts"."createdAt", "private"."contacts"."updatedAt", "private"."contacts"."userId" FROM "private"."contacts" WHERE "private"."contacts"."userId" IN ($1) OFFSET $2 -- params: [2,0] -- duration: 2ms
2025-09-27 04:09:41 [INFO]: [QUERY] SELECT "private"."testimonials"."id", "private"."testimonials"."content", "private"."testimonials"."rating", "private"."testimonials"."createdAt", "private"."testimonials"."updatedAt", "private"."testimonials"."userId" FROM "private"."testimonials" WHERE "private"."testimonials"."userId" IN ($1) OFFSET $2 -- params: [2,0] -- duration: 1ms
2025-09-27 04:09:41 [INFO]: [QUERY] SELECT "private"."orders"."id", "private"."orders"."amount", "private"."orders"."status", "private"."orders"."createdAt", "private"."orders"."updatedAt", "private"."orders"."userId" FROM "private"."orders" WHERE "private"."orders"."userId" IN ($1) OFFSET $2 -- params: [2,0] -- duration: 1ms
2025-09-27 04:09:41 [INFO]: [QUERY] SELECT "private"."users"."id", "private"."users"."fullname", "private"."users"."email", "private"."users"."role", "private"."users"."status" FROM "private"."users" WHERE ("private"."users"."id" = $1 AND 1=1) LIMIT $2 OFFSET $3 -- params: [5,1,0] -- duration: 1ms
2025-09-27 04:09:41 [INFO]: [QUERY] SELECT "private"."contacts"."id", "private"."contacts"."contact", "private"."contacts"."description", "private"."contacts"."createdAt", "private"."contacts"."updatedAt", "private"."contacts"."userId" FROM "private"."contacts" WHERE "private"."contacts"."userId" IN ($1) OFFSET $2 -- params: [5,0] -- duration: 1ms
2025-09-27 04:09:41 [INFO]: [QUERY] SELECT "private"."testimonials"."id", "private"."testimonials"."content", "private"."testimonials"."rating", "private"."testimonials"."createdAt", "private"."testimonials"."updatedAt", "private"."testimonials"."userId" FROM "private"."testimonials" WHERE "private"."testimonials"."userId" IN ($1) OFFSET $2 -- params: [5,0] -- duration: 0ms
2025-09-27 04:09:41 [INFO]: [QUERY] SELECT "private"."orders"."id", "private"."orders"."amount", "private"."orders"."status", "private"."orders"."createdAt", "private"."orders"."updatedAt", "private"."orders"."userId" FROM "private"."orders" WHERE "private"."orders"."userId" IN ($1) OFFSET $2 -- params: [5,0] -- duration: 0ms
2025-09-27 04:09:41 [INFO]: [QUERY] BEGIN -- params: [] -- duration: 0ms
2025-09-27 04:09:41 [INFO]: [QUERY] UPDATE "private"."users" SET "fullname" = $1, "email" = $2, "role" = $3, "status" = $4, "updatedAt" = $5 WHERE ("private"."users"."id" = $6 AND 1=1) RETURNING "private"."users"."id", "private"."users"."fullname", "private"."users"."email", "private"."users"."role", "private"."users"."status" -- params: ["customer3 updated","customer3@example.com",3,1,"2025-09-26 21:09:41.213 UTC",5] -- duration: 2ms
2025-09-27 04:09:41 [INFO]: [QUERY] SELECT "private"."users"."id", "private"."users"."fullname", "private"."users"."email", "private"."users"."role", "private"."users"."status" FROM "private"."users" WHERE "private"."users"."id" = $1 LIMIT $2 OFFSET $3 -- params: [5,1,0] -- duration: 5ms
2025-09-27 04:09:41 [INFO]: [QUERY] SELECT "private"."contacts"."id", "private"."contacts"."contact", "private"."contacts"."description", "private"."contacts"."createdAt", "private"."contacts"."updatedAt", "private"."contacts"."userId" FROM "private"."contacts" WHERE "private"."contacts"."userId" IN ($1) OFFSET $2 -- params: [5,0] -- duration: 0ms
2025-09-27 04:09:41 [INFO]: [QUERY] SELECT "private"."testimonials"."id", "private"."testimonials"."content", "private"."testimonials"."rating", "private"."testimonials"."createdAt", "private"."testimonials"."updatedAt", "private"."testimonials"."userId" FROM "private"."testimonials" WHERE "private"."testimonials"."userId" IN ($1) OFFSET $2 -- params: [5,0] -- duration: 0ms
2025-09-27 04:09:41 [INFO]: [QUERY] SELECT "private"."orders"."id", "private"."orders"."amount", "private"."orders"."status", "private"."orders"."createdAt", "private"."orders"."updatedAt", "private"."orders"."userId" FROM "private"."orders" WHERE "private"."orders"."userId" IN ($1) OFFSET $2 -- params: [5,0] -- duration: 0ms
2025-09-27 04:09:41 [INFO]: [QUERY] COMMIT -- params: [] -- duration: 32ms
2025-09-27 04:09:41 [INFO]: [QUERY] SELECT "private"."attachment"."id", "private"."attachment"."fileName", "private"."attachment"."fileType", "private"."attachment"."filePath", "private"."attachment"."fileSize", "private"."attachment"."attachmentAbleId", "private"."attachment"."attachmentAbleType" FROM "private"."attachment" WHERE ("private"."attachment"."attachmentAbleId" = $1 AND "private"."attachment"."attachmentAbleType" = $2) LIMIT $3 OFFSET $4 -- params: [5,"user",1,0] -- duration: 1ms
2025-09-27 04:09:41 [INFO]: [QUERY] DELETE FROM "private"."attachment" WHERE ("private"."attachment"."id" = $1 AND 1=1) RETURNING "private"."attachment"."id", "private"."attachment"."fileName", "private"."attachment"."fileType", "private"."attachment"."filePath", "private"."attachment"."fileSize", "private"."attachment"."attachmentAbleId", "private"."attachment"."attachmentAbleType" -- params: [18] -- duration: 3ms
2025-09-27 04:09:41 [INFO]: [QUERY] INSERT INTO "private"."attachment" ("fileName","fileType","filePath","fileSize","attachmentAbleId","attachmentAbleType","createdAt","updatedAt") VALUES ($1,$2,$3,$4,$5,$6,$7,$8) RETURNING "private"."attachment"."id", "private"."attachment"."fileName", "private"."attachment"."fileType", "private"."attachment"."filePath", "private"."attachment"."fileSize", "private"."attachment"."attachmentAbleId", "private"."attachment"."attachmentAbleType" -- params: ["mysql.png","image/png","/home/hadi-rachmat-s/Documents/Project/finework/app-finework-backend/uploads/1758920981180-537153-mysql.png",514065,5,"user","2025-09-26 21:09:41.272 UTC","2025-09-26 21:09:41.272 UTC"] -- duration: 7ms
2025-09-27 04:10:16 [INFO]: [INFO] Starting a postgresql pool with 5 connections.
2025-09-27 04:10:16 [INFO]: [QUERY] SELECT "private"."users"."id", "private"."users"."fullname", "private"."users"."email", "private"."users"."role", "private"."users"."status" FROM "private"."users" WHERE ("private"."users"."id" = $1 AND 1=1) LIMIT $2 OFFSET $3 -- params: [2,1,0] -- duration: 2ms
2025-09-27 04:10:16 [INFO]: [QUERY] SELECT "private"."contacts"."id", "private"."contacts"."contact", "private"."contacts"."description", "private"."contacts"."createdAt", "private"."contacts"."updatedAt", "private"."contacts"."userId" FROM "private"."contacts" WHERE "private"."contacts"."userId" IN ($1) OFFSET $2 -- params: [2,0] -- duration: 2ms
2025-09-27 04:10:16 [INFO]: [QUERY] SELECT "private"."testimonials"."id", "private"."testimonials"."content", "private"."testimonials"."rating", "private"."testimonials"."createdAt", "private"."testimonials"."updatedAt", "private"."testimonials"."userId" FROM "private"."testimonials" WHERE "private"."testimonials"."userId" IN ($1) OFFSET $2 -- params: [2,0] -- duration: 4ms
2025-09-27 04:10:16 [INFO]: [QUERY] SELECT "private"."orders"."id", "private"."orders"."amount", "private"."orders"."status", "private"."orders"."createdAt", "private"."orders"."updatedAt", "private"."orders"."userId" FROM "private"."orders" WHERE "private"."orders"."userId" IN ($1) OFFSET $2 -- params: [2,0] -- duration: 2ms
2025-09-27 04:10:16 [INFO]: [QUERY] SELECT "private"."users"."id", "private"."users"."fullname", "private"."users"."email", "private"."users"."role", "private"."users"."status" FROM "private"."users" WHERE ("private"."users"."id" = $1 AND 1=1) LIMIT $2 OFFSET $3 -- params: [5,1,0] -- duration: 0ms
2025-09-27 04:10:16 [INFO]: [QUERY] SELECT "private"."contacts"."id", "private"."contacts"."contact", "private"."contacts"."description", "private"."contacts"."createdAt", "private"."contacts"."updatedAt", "private"."contacts"."userId" FROM "private"."contacts" WHERE "private"."contacts"."userId" IN ($1) OFFSET $2 -- params: [5,0] -- duration: 1ms
2025-09-27 04:10:16 [INFO]: [QUERY] SELECT "private"."testimonials"."id", "private"."testimonials"."content", "private"."testimonials"."rating", "private"."testimonials"."createdAt", "private"."testimonials"."updatedAt", "private"."testimonials"."userId" FROM "private"."testimonials" WHERE "private"."testimonials"."userId" IN ($1) OFFSET $2 -- params: [5,0] -- duration: 1ms
2025-09-27 04:10:16 [INFO]: [QUERY] SELECT "private"."orders"."id", "private"."orders"."amount", "private"."orders"."status", "private"."orders"."createdAt", "private"."orders"."updatedAt", "private"."orders"."userId" FROM "private"."orders" WHERE "private"."orders"."userId" IN ($1) OFFSET $2 -- params: [5,0] -- duration: 1ms
2025-09-27 04:10:16 [INFO]: [QUERY] BEGIN -- params: [] -- duration: 0ms
2025-09-27 04:10:16 [INFO]: [QUERY] UPDATE "private"."users" SET "fullname" = $1, "email" = $2, "role" = $3, "status" = $4, "updatedAt" = $5 WHERE ("private"."users"."id" = $6 AND 1=1) RETURNING "private"."users"."id", "private"."users"."fullname", "private"."users"."email", "private"."users"."role", "private"."users"."status" -- params: ["customer3 updated","customer3@example.com",3,1,"2025-09-26 21:10:16.724 UTC",5] -- duration: 1ms
2025-09-27 04:10:16 [INFO]: [QUERY] SELECT "private"."users"."id", "private"."users"."fullname", "private"."users"."email", "private"."users"."role", "private"."users"."status" FROM "private"."users" WHERE "private"."users"."id" = $1 LIMIT $2 OFFSET $3 -- params: [5,1,0] -- duration: 0ms
2025-09-27 04:10:16 [INFO]: [QUERY] SELECT "private"."contacts"."id", "private"."contacts"."contact", "private"."contacts"."description", "private"."contacts"."createdAt", "private"."contacts"."updatedAt", "private"."contacts"."userId" FROM "private"."contacts" WHERE "private"."contacts"."userId" IN ($1) OFFSET $2 -- params: [5,0] -- duration: 1ms
2025-09-27 04:10:16 [INFO]: [QUERY] SELECT "private"."testimonials"."id", "private"."testimonials"."content", "private"."testimonials"."rating", "private"."testimonials"."createdAt", "private"."testimonials"."updatedAt", "private"."testimonials"."userId" FROM "private"."testimonials" WHERE "private"."testimonials"."userId" IN ($1) OFFSET $2 -- params: [5,0] -- duration: 0ms
2025-09-27 04:10:16 [INFO]: [QUERY] SELECT "private"."orders"."id", "private"."orders"."amount", "private"."orders"."status", "private"."orders"."createdAt", "private"."orders"."updatedAt", "private"."orders"."userId" FROM "private"."orders" WHERE "private"."orders"."userId" IN ($1) OFFSET $2 -- params: [5,0] -- duration: 0ms
2025-09-27 04:10:16 [INFO]: [QUERY] COMMIT -- params: [] -- duration: 28ms
2025-09-27 04:10:16 [INFO]: [QUERY] SELECT "private"."attachment"."id", "private"."attachment"."fileName", "private"."attachment"."fileType", "private"."attachment"."filePath", "private"."attachment"."fileSize", "private"."attachment"."attachmentAbleId", "private"."attachment"."attachmentAbleType" FROM "private"."attachment" WHERE ("private"."attachment"."attachmentAbleId" = $1 AND "private"."attachment"."attachmentAbleType" = $2) LIMIT $3 OFFSET $4 -- params: [5,"user",1,0] -- duration: 2ms
2025-09-27 04:10:16 [INFO]: [QUERY] DELETE FROM "private"."attachment" WHERE ("private"."attachment"."id" = $1 AND 1=1) RETURNING "private"."attachment"."id", "private"."attachment"."fileName", "private"."attachment"."fileType", "private"."attachment"."filePath", "private"."attachment"."fileSize", "private"."attachment"."attachmentAbleId", "private"."attachment"."attachmentAbleType" -- params: [19] -- duration: 23ms
2025-09-27 04:10:16 [INFO]: [QUERY] INSERT INTO "private"."attachment" ("fileName","fileType","filePath","fileSize","attachmentAbleId","attachmentAbleType","createdAt","updatedAt") VALUES ($1,$2,$3,$4,$5,$6,$7,$8) RETURNING "private"."attachment"."id", "private"."attachment"."fileName", "private"."attachment"."fileType", "private"."attachment"."filePath", "private"."attachment"."fileSize", "private"."attachment"."attachmentAbleId", "private"."attachment"."attachmentAbleType" -- params: ["mysql.png","image/png","/home/hadi-rachmat-s/Documents/Project/finework/app-finework-backend/uploads/1758921016665-322557211-mysql.png",514065,5,"user","2025-09-26 21:10:16.799 UTC","2025-09-26 21:10:16.799 UTC"] -- duration: 6ms
2025-09-27 04:10:55 [INFO]: [QUERY] SELECT 1 -- params: [] -- duration: 0ms
2025-09-27 04:10:55 [INFO]: [QUERY] SELECT "private"."users"."id", "private"."users"."fullname", "private"."users"."email", "private"."users"."role", "private"."users"."status" FROM "private"."users" WHERE ("private"."users"."id" = $1 AND 1=1) LIMIT $2 OFFSET $3 -- params: [2,1,0] -- duration: 0ms
2025-09-27 04:10:55 [INFO]: [QUERY] SELECT "private"."contacts"."id", "private"."contacts"."contact", "private"."contacts"."description", "private"."contacts"."createdAt", "private"."contacts"."updatedAt", "private"."contacts"."userId" FROM "private"."contacts" WHERE "private"."contacts"."userId" IN ($1) OFFSET $2 -- params: [2,0] -- duration: 0ms
2025-09-27 04:10:55 [INFO]: [QUERY] SELECT "private"."testimonials"."id", "private"."testimonials"."content", "private"."testimonials"."rating", "private"."testimonials"."createdAt", "private"."testimonials"."updatedAt", "private"."testimonials"."userId" FROM "private"."testimonials" WHERE "private"."testimonials"."userId" IN ($1) OFFSET $2 -- params: [2,0] -- duration: 1ms
2025-09-27 04:10:55 [INFO]: [QUERY] SELECT "private"."orders"."id", "private"."orders"."amount", "private"."orders"."status", "private"."orders"."createdAt", "private"."orders"."updatedAt", "private"."orders"."userId" FROM "private"."orders" WHERE "private"."orders"."userId" IN ($1) OFFSET $2 -- params: [2,0] -- duration: 0ms
2025-09-27 04:10:55 [INFO]: [QUERY] SELECT "private"."users"."id", "private"."users"."fullname", "private"."users"."email", "private"."users"."role", "private"."users"."status" FROM "private"."users" WHERE ("private"."users"."id" = $1 AND 1=1) LIMIT $2 OFFSET $3 -- params: [5,1,0] -- duration: 1ms
2025-09-27 04:10:55 [INFO]: [QUERY] SELECT "private"."contacts"."id", "private"."contacts"."contact", "private"."contacts"."description", "private"."contacts"."createdAt", "private"."contacts"."updatedAt", "private"."contacts"."userId" FROM "private"."contacts" WHERE "private"."contacts"."userId" IN ($1) OFFSET $2 -- params: [5,0] -- duration: 0ms
2025-09-27 04:10:55 [INFO]: [QUERY] SELECT "private"."testimonials"."id", "private"."testimonials"."content", "private"."testimonials"."rating", "private"."testimonials"."createdAt", "private"."testimonials"."updatedAt", "private"."testimonials"."userId" FROM "private"."testimonials" WHERE "private"."testimonials"."userId" IN ($1) OFFSET $2 -- params: [5,0] -- duration: 1ms
2025-09-27 04:10:55 [INFO]: [QUERY] SELECT "private"."orders"."id", "private"."orders"."amount", "private"."orders"."status", "private"."orders"."createdAt", "private"."orders"."updatedAt", "private"."orders"."userId" FROM "private"."orders" WHERE "private"."orders"."userId" IN ($1) OFFSET $2 -- params: [5,0] -- duration: 1ms
2025-09-27 04:10:55 [INFO]: [QUERY] BEGIN -- params: [] -- duration: 0ms
2025-09-27 04:10:55 [INFO]: [QUERY] UPDATE "private"."users" SET "fullname" = $1, "email" = $2, "role" = $3, "status" = $4, "updatedAt" = $5 WHERE ("private"."users"."id" = $6 AND 1=1) RETURNING "private"."users"."id", "private"."users"."fullname", "private"."users"."email", "private"."users"."role", "private"."users"."status" -- params: ["customer3","customer3@example.com",3,1,"2025-09-26 21:10:55.330 UTC",5] -- duration: 0ms
2025-09-27 04:10:55 [INFO]: [QUERY] SELECT "private"."users"."id", "private"."users"."fullname", "private"."users"."email", "private"."users"."role", "private"."users"."status" FROM "private"."users" WHERE "private"."users"."id" = $1 LIMIT $2 OFFSET $3 -- params: [5,1,0] -- duration: 0ms
2025-09-27 04:10:55 [INFO]: [QUERY] SELECT "private"."contacts"."id", "private"."contacts"."contact", "private"."contacts"."description", "private"."contacts"."createdAt", "private"."contacts"."updatedAt", "private"."contacts"."userId" FROM "private"."contacts" WHERE "private"."contacts"."userId" IN ($1) OFFSET $2 -- params: [5,0] -- duration: 1ms
2025-09-27 04:10:55 [INFO]: [QUERY] SELECT "private"."testimonials"."id", "private"."testimonials"."content", "private"."testimonials"."rating", "private"."testimonials"."createdAt", "private"."testimonials"."updatedAt", "private"."testimonials"."userId" FROM "private"."testimonials" WHERE "private"."testimonials"."userId" IN ($1) OFFSET $2 -- params: [5,0] -- duration: 1ms
2025-09-27 04:10:55 [INFO]: [QUERY] SELECT "private"."orders"."id", "private"."orders"."amount", "private"."orders"."status", "private"."orders"."createdAt", "private"."orders"."updatedAt", "private"."orders"."userId" FROM "private"."orders" WHERE "private"."orders"."userId" IN ($1) OFFSET $2 -- params: [5,0] -- duration: 1ms
2025-09-27 04:10:55 [INFO]: [QUERY] COMMIT -- params: [] -- duration: 26ms
2025-09-27 04:10:55 [INFO]: [QUERY] SELECT "private"."attachment"."id", "private"."attachment"."fileName", "private"."attachment"."fileType", "private"."attachment"."filePath", "private"."attachment"."fileSize", "private"."attachment"."attachmentAbleId", "private"."attachment"."attachmentAbleType" FROM "private"."attachment" WHERE ("private"."attachment"."attachmentAbleId" = $1 AND "private"."attachment"."attachmentAbleType" = $2) LIMIT $3 OFFSET $4 -- params: [5,"user",1,0] -- duration: 0ms
2025-09-27 04:10:55 [INFO]: [QUERY] DELETE FROM "private"."attachment" WHERE ("private"."attachment"."id" = $1 AND 1=1) RETURNING "private"."attachment"."id", "private"."attachment"."fileName", "private"."attachment"."fileType", "private"."attachment"."filePath", "private"."attachment"."fileSize", "private"."attachment"."attachmentAbleId", "private"."attachment"."attachmentAbleType" -- params: [20] -- duration: 6ms
2025-09-27 04:10:55 [INFO]: [QUERY] INSERT INTO "private"."attachment" ("fileName","fileType","filePath","fileSize","attachmentAbleId","attachmentAbleType","createdAt","updatedAt") VALUES ($1,$2,$3,$4,$5,$6,$7,$8) RETURNING "private"."attachment"."id", "private"."attachment"."fileName", "private"."attachment"."fileType", "private"."attachment"."filePath", "private"."attachment"."fileSize", "private"."attachment"."attachmentAbleId", "private"."attachment"."attachmentAbleType" -- params: ["mysql.png","image/png","/home/hadi-rachmat-s/Documents/Project/finework/app-finework-backend/uploads/1758921055308-827960253-mysql.png",514065,5,"user","2025-09-26 21:10:55.379 UTC","2025-09-26 21:10:55.379 UTC"] -- duration: 8ms
2025-09-27 06:34:50 [INFO]: [INFO] Starting a postgresql pool with 5 connections.
2025-09-27 06:34:50 [INFO]: [QUERY] SELECT "private"."users"."id", "private"."users"."fullname", "private"."users"."email", "private"."users"."role", "private"."users"."status" FROM "private"."users" WHERE ("private"."users"."id" = $1 AND 1=1) LIMIT $2 OFFSET $3 -- params: [2,1,0] -- duration: 4ms
2025-09-27 06:34:50 [INFO]: [QUERY] SELECT "private"."contacts"."id", "private"."contacts"."contact", "private"."contacts"."description", "private"."contacts"."createdAt", "private"."contacts"."updatedAt", "private"."contacts"."userId" FROM "private"."contacts" WHERE "private"."contacts"."userId" IN ($1) OFFSET $2 -- params: [2,0] -- duration: 6ms
2025-09-27 06:34:50 [INFO]: [QUERY] SELECT "private"."testimonials"."id", "private"."testimonials"."content", "private"."testimonials"."rating", "private"."testimonials"."createdAt", "private"."testimonials"."updatedAt", "private"."testimonials"."userId" FROM "private"."testimonials" WHERE "private"."testimonials"."userId" IN ($1) OFFSET $2 -- params: [2,0] -- duration: 1ms
2025-09-27 06:34:50 [INFO]: [QUERY] SELECT "private"."orders"."id", "private"."orders"."amount", "private"."orders"."status", "private"."orders"."createdAt", "private"."orders"."updatedAt", "private"."orders"."userId" FROM "private"."orders" WHERE "private"."orders"."userId" IN ($1) OFFSET $2 -- params: [2,0] -- duration: 3ms
2025-09-27 06:35:05 [INFO]: [QUERY] SELECT 1 -- params: [] -- duration: 0ms
2025-09-27 06:35:05 [INFO]: [QUERY] SELECT "private"."users"."id", "private"."users"."fullname", "private"."users"."email", "private"."users"."role", "private"."users"."status" FROM "private"."users" WHERE ("private"."users"."id" = $1 AND 1=1) LIMIT $2 OFFSET $3 -- params: [2,1,0] -- duration: 0ms
2025-09-27 06:35:05 [INFO]: [QUERY] SELECT "private"."contacts"."id", "private"."contacts"."contact", "private"."contacts"."description", "private"."contacts"."createdAt", "private"."contacts"."updatedAt", "private"."contacts"."userId" FROM "private"."contacts" WHERE "private"."contacts"."userId" IN ($1) OFFSET $2 -- params: [2,0] -- duration: 0ms
2025-09-27 06:35:05 [INFO]: [QUERY] SELECT "private"."testimonials"."id", "private"."testimonials"."content", "private"."testimonials"."rating", "private"."testimonials"."createdAt", "private"."testimonials"."updatedAt", "private"."testimonials"."userId" FROM "private"."testimonials" WHERE "private"."testimonials"."userId" IN ($1) OFFSET $2 -- params: [2,0] -- duration: 0ms
2025-09-27 06:35:05 [INFO]: [QUERY] SELECT "private"."orders"."id", "private"."orders"."amount", "private"."orders"."status", "private"."orders"."createdAt", "private"."orders"."updatedAt", "private"."orders"."userId" FROM "private"."orders" WHERE "private"."orders"."userId" IN ($1) OFFSET $2 -- params: [2,0] -- duration: 1ms
2025-09-27 06:35:38 [INFO]: [INFO] Starting a postgresql pool with 5 connections.
2025-09-27 06:35:38 [INFO]: [QUERY] SELECT "private"."users"."id", "private"."users"."fullname", "private"."users"."email", "private"."users"."role", "private"."users"."status" FROM "private"."users" WHERE ("private"."users"."id" = $1 AND 1=1) LIMIT $2 OFFSET $3 -- params: [2,1,0] -- duration: 2ms
2025-09-27 06:35:38 [INFO]: [QUERY] SELECT "private"."contacts"."id", "private"."contacts"."contact", "private"."contacts"."description", "private"."contacts"."createdAt", "private"."contacts"."updatedAt", "private"."contacts"."userId" FROM "private"."contacts" WHERE "private"."contacts"."userId" IN ($1) OFFSET $2 -- params: [2,0] -- duration: 7ms
2025-09-27 06:35:38 [INFO]: [QUERY] SELECT "private"."testimonials"."id", "private"."testimonials"."content", "private"."testimonials"."rating", "private"."testimonials"."createdAt", "private"."testimonials"."updatedAt", "private"."testimonials"."userId" FROM "private"."testimonials" WHERE "private"."testimonials"."userId" IN ($1) OFFSET $2 -- params: [2,0] -- duration: 3ms
2025-09-27 06:35:38 [INFO]: [QUERY] SELECT "private"."orders"."id", "private"."orders"."amount", "private"."orders"."status", "private"."orders"."createdAt", "private"."orders"."updatedAt", "private"."orders"."userId" FROM "private"."orders" WHERE "private"."orders"."userId" IN ($1) OFFSET $2 -- params: [2,0] -- duration: 3ms
2025-09-27 06:37:03 [INFO]: [QUERY] SELECT 1 -- params: [] -- duration: 0ms
2025-09-27 06:37:03 [INFO]: [QUERY] SELECT "private"."users"."id", "private"."users"."fullname", "private"."users"."email", "private"."users"."role", "private"."users"."status" FROM "private"."users" WHERE ("private"."users"."id" = $1 AND 1=1) LIMIT $2 OFFSET $3 -- params: [2,1,0] -- duration: 0ms
2025-09-27 06:37:03 [INFO]: [QUERY] SELECT "private"."contacts"."id", "private"."contacts"."contact", "private"."contacts"."description", "private"."contacts"."createdAt", "private"."contacts"."updatedAt", "private"."contacts"."userId" FROM "private"."contacts" WHERE "private"."contacts"."userId" IN ($1) OFFSET $2 -- params: [2,0] -- duration: 0ms
2025-09-27 06:37:03 [INFO]: [QUERY] SELECT "private"."testimonials"."id", "private"."testimonials"."content", "private"."testimonials"."rating", "private"."testimonials"."createdAt", "private"."testimonials"."updatedAt", "private"."testimonials"."userId" FROM "private"."testimonials" WHERE "private"."testimonials"."userId" IN ($1) OFFSET $2 -- params: [2,0] -- duration: 0ms
2025-09-27 06:37:03 [INFO]: [QUERY] SELECT "private"."orders"."id", "private"."orders"."amount", "private"."orders"."status", "private"."orders"."createdAt", "private"."orders"."updatedAt", "private"."orders"."userId" FROM "private"."orders" WHERE "private"."orders"."userId" IN ($1) OFFSET $2 -- params: [2,0] -- duration: 0ms
2025-09-27 06:37:03 [INFO]: [QUERY] INSERT INTO "private"."categories" ("name","description","createdAt","updatedAt") VALUES ($1,$2,$3,$4) RETURNING "private"."categories"."id", "private"."categories"."name", "private"."categories"."description" -- params: ["microsoft","categories description example","2025-09-26 23:37:03.465 UTC","2025-09-26 23:37:03.465 UTC"] -- duration: 168ms
2025-09-27 06:40:25 [INFO]: [INFO] Starting a postgresql pool with 5 connections.
2025-09-27 06:40:26 [INFO]: [QUERY] SELECT "private"."users"."id", "private"."users"."fullname", "private"."users"."email", "private"."users"."role", "private"."users"."status" FROM "private"."users" WHERE ("private"."users"."id" = $1 AND 1=1) LIMIT $2 OFFSET $3 -- params: [2,1,0] -- duration: 4ms
2025-09-27 06:40:26 [INFO]: [QUERY] SELECT "private"."contacts"."id", "private"."contacts"."contact", "private"."contacts"."description", "private"."contacts"."createdAt", "private"."contacts"."updatedAt", "private"."contacts"."userId" FROM "private"."contacts" WHERE "private"."contacts"."userId" IN ($1) OFFSET $2 -- params: [2,0] -- duration: 3ms
2025-09-27 06:40:26 [INFO]: [QUERY] SELECT "private"."testimonials"."id", "private"."testimonials"."content", "private"."testimonials"."rating", "private"."testimonials"."createdAt", "private"."testimonials"."updatedAt", "private"."testimonials"."userId" FROM "private"."testimonials" WHERE "private"."testimonials"."userId" IN ($1) OFFSET $2 -- params: [2,0] -- duration: 1ms
2025-09-27 06:40:26 [INFO]: [QUERY] SELECT "private"."orders"."id", "private"."orders"."amount", "private"."orders"."status", "private"."orders"."createdAt", "private"."orders"."updatedAt", "private"."orders"."userId" FROM "private"."orders" WHERE "private"."orders"."userId" IN ($1) OFFSET $2 -- params: [2,0] -- duration: 2ms
2025-09-27 06:40:26 [INFO]: [QUERY] INSERT INTO "private"."categories" ("name","description","createdAt","updatedAt") VALUES ($1,$2,$3,$4) RETURNING "private"."categories"."id", "private"."categories"."name", "private"."categories"."description" -- params: ["Adobe","Adobe categories description example","2025-09-26 23:40:26.071 UTC","2025-09-26 23:40:26.071 UTC"] -- duration: 38ms
2025-09-27 06:41:32 [INFO]: [INFO] Starting a postgresql pool with 5 connections.
2025-09-27 06:41:32 [INFO]: [QUERY] SELECT "private"."users"."id", "private"."users"."fullname", "private"."users"."email", "private"."users"."role", "private"."users"."status" FROM "private"."users" WHERE ("private"."users"."id" = $1 AND 1=1) LIMIT $2 OFFSET $3 -- params: [2,1,0] -- duration: 3ms
2025-09-27 06:41:32 [INFO]: [QUERY] SELECT "private"."contacts"."id", "private"."contacts"."contact", "private"."contacts"."description", "private"."contacts"."createdAt", "private"."contacts"."updatedAt", "private"."contacts"."userId" FROM "private"."contacts" WHERE "private"."contacts"."userId" IN ($1) OFFSET $2 -- params: [2,0] -- duration: 3ms
2025-09-27 06:41:32 [INFO]: [QUERY] SELECT "private"."testimonials"."id", "private"."testimonials"."content", "private"."testimonials"."rating", "private"."testimonials"."createdAt", "private"."testimonials"."updatedAt", "private"."testimonials"."userId" FROM "private"."testimonials" WHERE "private"."testimonials"."userId" IN ($1) OFFSET $2 -- params: [2,0] -- duration: 9ms
2025-09-27 06:41:32 [INFO]: [QUERY] SELECT "private"."orders"."id", "private"."orders"."amount", "private"."orders"."status", "private"."orders"."createdAt", "private"."orders"."updatedAt", "private"."orders"."userId" FROM "private"."orders" WHERE "private"."orders"."userId" IN ($1) OFFSET $2 -- params: [2,0] -- duration: 4ms
2025-09-27 06:41:32 [INFO]: [QUERY] SELECT "private"."categories"."id", "private"."categories"."name", "private"."categories"."description" FROM "private"."categories" WHERE 1=1 OFFSET $1 -- params: [0] -- duration: 2ms
2025-09-27 06:43:49 [INFO]: [INFO] Starting a postgresql pool with 5 connections.
2025-09-27 06:43:49 [INFO]: [QUERY] SELECT "private"."users"."id", "private"."users"."fullname", "private"."users"."email", "private"."users"."role", "private"."users"."status" FROM "private"."users" WHERE ("private"."users"."id" = $1 AND 1=1) LIMIT $2 OFFSET $3 -- params: [2,1,0] -- duration: 7ms
2025-09-27 06:43:49 [INFO]: [QUERY] SELECT "private"."contacts"."id", "private"."contacts"."contact", "private"."contacts"."description", "private"."contacts"."createdAt", "private"."contacts"."updatedAt", "private"."contacts"."userId" FROM "private"."contacts" WHERE "private"."contacts"."userId" IN ($1) OFFSET $2 -- params: [2,0] -- duration: 1ms
2025-09-27 06:43:49 [INFO]: [QUERY] SELECT "private"."testimonials"."id", "private"."testimonials"."content", "private"."testimonials"."rating", "private"."testimonials"."createdAt", "private"."testimonials"."updatedAt", "private"."testimonials"."userId" FROM "private"."testimonials" WHERE "private"."testimonials"."userId" IN ($1) OFFSET $2 -- params: [2,0] -- duration: 1ms
2025-09-27 06:43:49 [INFO]: [QUERY] SELECT "private"."orders"."id", "private"."orders"."amount", "private"."orders"."status", "private"."orders"."createdAt", "private"."orders"."updatedAt", "private"."orders"."userId" FROM "private"."orders" WHERE "private"."orders"."userId" IN ($1) OFFSET $2 -- params: [2,0] -- duration: 2ms
2025-09-27 06:43:49 [INFO]: [QUERY] SELECT "private"."categories"."id", "private"."categories"."name", "private"."categories"."description" FROM "private"."categories" WHERE ("private"."categories"."id" = $1 AND 1=1) LIMIT $2 OFFSET $3 -- params: [1,1,0] -- duration: 5ms
2025-09-27 06:47:09 [INFO]: [INFO] Starting a postgresql pool with 5 connections.
2025-09-27 06:47:10 [INFO]: [QUERY] SELECT "private"."users"."id", "private"."users"."fullname", "private"."users"."email", "private"."users"."role", "private"."users"."status" FROM "private"."users" WHERE ("private"."users"."id" = $1 AND 1=1) LIMIT $2 OFFSET $3 -- params: [2,1,0] -- duration: 3ms
2025-09-27 06:47:10 [INFO]: [QUERY] SELECT "private"."contacts"."id", "private"."contacts"."contact", "private"."contacts"."description", "private"."contacts"."createdAt", "private"."contacts"."updatedAt", "private"."contacts"."userId" FROM "private"."contacts" WHERE "private"."contacts"."userId" IN ($1) OFFSET $2 -- params: [2,0] -- duration: 3ms
2025-09-27 06:47:10 [INFO]: [QUERY] SELECT "private"."testimonials"."id", "private"."testimonials"."content", "private"."testimonials"."rating", "private"."testimonials"."createdAt", "private"."testimonials"."updatedAt", "private"."testimonials"."userId" FROM "private"."testimonials" WHERE "private"."testimonials"."userId" IN ($1) OFFSET $2 -- params: [2,0] -- duration: 3ms
2025-09-27 06:47:10 [INFO]: [QUERY] SELECT "private"."orders"."id", "private"."orders"."amount", "private"."orders"."status", "private"."orders"."createdAt", "private"."orders"."updatedAt", "private"."orders"."userId" FROM "private"."orders" WHERE "private"."orders"."userId" IN ($1) OFFSET $2 -- params: [2,0] -- duration: 3ms
2025-09-27 06:47:42 [INFO]: [INFO] Starting a postgresql pool with 5 connections.
2025-09-27 06:47:42 [INFO]: [QUERY] SELECT "private"."users"."id", "private"."users"."fullname", "private"."users"."email", "private"."users"."role", "private"."users"."status" FROM "private"."users" WHERE ("private"."users"."id" = $1 AND 1=1) LIMIT $2 OFFSET $3 -- params: [2,1,0] -- duration: 5ms
2025-09-27 06:47:42 [INFO]: [QUERY] SELECT "private"."contacts"."id", "private"."contacts"."contact", "private"."contacts"."description", "private"."contacts"."createdAt", "private"."contacts"."updatedAt", "private"."contacts"."userId" FROM "private"."contacts" WHERE "private"."contacts"."userId" IN ($1) OFFSET $2 -- params: [2,0] -- duration: 2ms
2025-09-27 06:47:42 [INFO]: [QUERY] SELECT "private"."testimonials"."id", "private"."testimonials"."content", "private"."testimonials"."rating", "private"."testimonials"."createdAt", "private"."testimonials"."updatedAt", "private"."testimonials"."userId" FROM "private"."testimonials" WHERE "private"."testimonials"."userId" IN ($1) OFFSET $2 -- params: [2,0] -- duration: 3ms
2025-09-27 06:47:42 [INFO]: [QUERY] SELECT "private"."orders"."id", "private"."orders"."amount", "private"."orders"."status", "private"."orders"."createdAt", "private"."orders"."updatedAt", "private"."orders"."userId" FROM "private"."orders" WHERE "private"."orders"."userId" IN ($1) OFFSET $2 -- params: [2,0] -- duration: 8ms
2025-09-27 06:47:42 [INFO]: [QUERY] SELECT "private"."categories"."id", "private"."categories"."name", "private"."categories"."description" FROM "private"."categories" WHERE ("private"."categories"."id" = $1 AND 1=1) LIMIT $2 OFFSET $3 -- params: [1,1,0] -- duration: 2ms
2025-09-27 06:49:40 [INFO]: [INFO] Starting a postgresql pool with 5 connections.
2025-09-27 06:49:41 [INFO]: [QUERY] SELECT "private"."users"."id", "private"."users"."fullname", "private"."users"."email", "private"."users"."role", "private"."users"."status" FROM "private"."users" WHERE ("private"."users"."id" = $1 AND 1=1) LIMIT $2 OFFSET $3 -- params: [2,1,0] -- duration: 3ms
2025-09-27 06:49:41 [INFO]: [QUERY] SELECT "private"."contacts"."id", "private"."contacts"."contact", "private"."contacts"."description", "private"."contacts"."createdAt", "private"."contacts"."updatedAt", "private"."contacts"."userId" FROM "private"."contacts" WHERE "private"."contacts"."userId" IN ($1) OFFSET $2 -- params: [2,0] -- duration: 2ms
2025-09-27 06:49:41 [INFO]: [QUERY] SELECT "private"."testimonials"."id", "private"."testimonials"."content", "private"."testimonials"."rating", "private"."testimonials"."createdAt", "private"."testimonials"."updatedAt", "private"."testimonials"."userId" FROM "private"."testimonials" WHERE "private"."testimonials"."userId" IN ($1) OFFSET $2 -- params: [2,0] -- duration: 2ms
2025-09-27 06:49:41 [INFO]: [QUERY] SELECT "private"."orders"."id", "private"."orders"."amount", "private"."orders"."status", "private"."orders"."createdAt", "private"."orders"."updatedAt", "private"."orders"."userId" FROM "private"."orders" WHERE "private"."orders"."userId" IN ($1) OFFSET $2 -- params: [2,0] -- duration: 1ms
2025-09-27 06:49:41 [INFO]: [QUERY] SELECT "private"."categories"."id", "private"."categories"."name", "private"."categories"."description" FROM "private"."categories" WHERE ("private"."categories"."id" = $1 AND 1=1) LIMIT $2 OFFSET $3 -- params: [1,1,0] -- duration: 2ms
2025-09-27 06:50:09 [INFO]: [INFO] Starting a postgresql pool with 5 connections.
2025-09-27 06:50:09 [INFO]: [QUERY] SELECT "private"."users"."id", "private"."users"."fullname", "private"."users"."email", "private"."users"."role", "private"."users"."status" FROM "private"."users" WHERE ("private"."users"."id" = $1 AND 1=1) LIMIT $2 OFFSET $3 -- params: [2,1,0] -- duration: 5ms
2025-09-27 06:50:09 [INFO]: [QUERY] SELECT "private"."contacts"."id", "private"."contacts"."contact", "private"."contacts"."description", "private"."contacts"."createdAt", "private"."contacts"."updatedAt", "private"."contacts"."userId" FROM "private"."contacts" WHERE "private"."contacts"."userId" IN ($1) OFFSET $2 -- params: [2,0] -- duration: 3ms
2025-09-27 06:50:09 [INFO]: [QUERY] SELECT "private"."testimonials"."id", "private"."testimonials"."content", "private"."testimonials"."rating", "private"."testimonials"."createdAt", "private"."testimonials"."updatedAt", "private"."testimonials"."userId" FROM "private"."testimonials" WHERE "private"."testimonials"."userId" IN ($1) OFFSET $2 -- params: [2,0] -- duration: 2ms
2025-09-27 06:50:09 [INFO]: [QUERY] SELECT "private"."orders"."id", "private"."orders"."amount", "private"."orders"."status", "private"."orders"."createdAt", "private"."orders"."updatedAt", "private"."orders"."userId" FROM "private"."orders" WHERE "private"."orders"."userId" IN ($1) OFFSET $2 -- params: [2,0] -- duration: 1ms
2025-09-27 06:50:44 [INFO]: [INFO] Starting a postgresql pool with 5 connections.
2025-09-27 06:50:45 [INFO]: [QUERY] SELECT "private"."users"."id", "private"."users"."fullname", "private"."users"."email", "private"."users"."role", "private"."users"."status" FROM "private"."users" WHERE ("private"."users"."id" = $1 AND 1=1) LIMIT $2 OFFSET $3 -- params: [2,1,0] -- duration: 11ms
2025-09-27 06:50:45 [INFO]: [QUERY] SELECT "private"."contacts"."id", "private"."contacts"."contact", "private"."contacts"."description", "private"."contacts"."createdAt", "private"."contacts"."updatedAt", "private"."contacts"."userId" FROM "private"."contacts" WHERE "private"."contacts"."userId" IN ($1) OFFSET $2 -- params: [2,0] -- duration: 6ms
2025-09-27 06:50:45 [INFO]: [QUERY] SELECT "private"."testimonials"."id", "private"."testimonials"."content", "private"."testimonials"."rating", "private"."testimonials"."createdAt", "private"."testimonials"."updatedAt", "private"."testimonials"."userId" FROM "private"."testimonials" WHERE "private"."testimonials"."userId" IN ($1) OFFSET $2 -- params: [2,0] -- duration: 10ms
2025-09-27 06:50:45 [INFO]: [QUERY] SELECT "private"."orders"."id", "private"."orders"."amount", "private"."orders"."status", "private"."orders"."createdAt", "private"."orders"."updatedAt", "private"."orders"."userId" FROM "private"."orders" WHERE "private"."orders"."userId" IN ($1) OFFSET $2 -- params: [2,0] -- duration: 8ms
2025-09-27 06:51:24 [INFO]: [QUERY] SELECT 1 -- params: [] -- duration: 0ms
2025-09-27 06:51:24 [INFO]: [QUERY] SELECT "private"."users"."id", "private"."users"."fullname", "private"."users"."email", "private"."users"."role", "private"."users"."status" FROM "private"."users" WHERE ("private"."users"."id" = $1 AND 1=1) LIMIT $2 OFFSET $3 -- params: [2,1,0] -- duration: 1ms
2025-09-27 06:51:24 [INFO]: [QUERY] SELECT "private"."contacts"."id", "private"."contacts"."contact", "private"."contacts"."description", "private"."contacts"."createdAt", "private"."contacts"."updatedAt", "private"."contacts"."userId" FROM "private"."contacts" WHERE "private"."contacts"."userId" IN ($1) OFFSET $2 -- params: [2,0] -- duration: 0ms
2025-09-27 06:51:24 [INFO]: [QUERY] SELECT "private"."testimonials"."id", "private"."testimonials"."content", "private"."testimonials"."rating", "private"."testimonials"."createdAt", "private"."testimonials"."updatedAt", "private"."testimonials"."userId" FROM "private"."testimonials" WHERE "private"."testimonials"."userId" IN ($1) OFFSET $2 -- params: [2,0] -- duration: 0ms
2025-09-27 06:51:24 [INFO]: [QUERY] SELECT "private"."orders"."id", "private"."orders"."amount", "private"."orders"."status", "private"."orders"."createdAt", "private"."orders"."updatedAt", "private"."orders"."userId" FROM "private"."orders" WHERE "private"."orders"."userId" IN ($1) OFFSET $2 -- params: [2,0] -- duration: 1ms
2025-09-27 06:51:24 [INFO]: [QUERY] SELECT "private"."categories"."id", "private"."categories"."name", "private"."categories"."description" FROM "private"."categories" WHERE ("private"."categories"."id" = $1 AND 1=1) LIMIT $2 OFFSET $3 -- params: [1,1,0] -- duration: 2ms
2025-09-27 06:51:24 [INFO]: [QUERY] UPDATE "private"."categories" SET "id" = $1, "name" = $2, "description" = $3, "updatedAt" = $4 WHERE ("private"."categories"."id" = $5 AND 1=1) RETURNING "private"."categories"."id", "private"."categories"."name", "private"."categories"."description" -- params: [1,"Microsoft Licenses","Microsoft Licenses category description","2025-09-26 23:51:24.180 UTC",1] -- duration: 29ms
2025-09-27 06:55:29 [INFO]: [INFO] Starting a postgresql pool with 5 connections.
2025-09-27 06:55:29 [INFO]: [QUERY] SELECT "private"."users"."id", "private"."users"."fullname", "private"."users"."email", "private"."users"."role", "private"."users"."status" FROM "private"."users" WHERE ("private"."users"."id" = $1 AND 1=1) LIMIT $2 OFFSET $3 -- params: [2,1,0] -- duration: 1ms
2025-09-27 06:55:29 [INFO]: [QUERY] SELECT "private"."contacts"."id", "private"."contacts"."contact", "private"."contacts"."description", "private"."contacts"."createdAt", "private"."contacts"."updatedAt", "private"."contacts"."userId" FROM "private"."contacts" WHERE "private"."contacts"."userId" IN ($1) OFFSET $2 -- params: [2,0] -- duration: 1ms
2025-09-27 06:55:29 [INFO]: [QUERY] SELECT "private"."testimonials"."id", "private"."testimonials"."content", "private"."testimonials"."rating", "private"."testimonials"."createdAt", "private"."testimonials"."updatedAt", "private"."testimonials"."userId" FROM "private"."testimonials" WHERE "private"."testimonials"."userId" IN ($1) OFFSET $2 -- params: [2,0] -- duration: 2ms
2025-09-27 06:55:29 [INFO]: [QUERY] SELECT "private"."orders"."id", "private"."orders"."amount", "private"."orders"."status", "private"."orders"."createdAt", "private"."orders"."updatedAt", "private"."orders"."userId" FROM "private"."orders" WHERE "private"."orders"."userId" IN ($1) OFFSET $2 -- params: [2,0] -- duration: 3ms
2025-09-27 06:55:29 [INFO]: [QUERY] INSERT INTO "private"."categories" ("name","description","createdAt","updatedAt") VALUES ($1,$2,$3,$4) RETURNING "private"."categories"."id", "private"."categories"."name", "private"."categories"."description" -- params: ["will deleted data","will deleted description","2025-09-26 23:55:29.439 UTC","2025-09-26 23:55:29.439 UTC"] -- duration: 35ms
2025-09-27 06:56:05 [INFO]: [QUERY] SELECT 1 -- params: [] -- duration: 0ms
2025-09-27 06:56:05 [INFO]: [QUERY] SELECT "private"."users"."id", "private"."users"."fullname", "private"."users"."email", "private"."users"."role", "private"."users"."status" FROM "private"."users" WHERE ("private"."users"."id" = $1 AND 1=1) LIMIT $2 OFFSET $3 -- params: [2,1,0] -- duration: 0ms
2025-09-27 06:56:05 [INFO]: [QUERY] SELECT "private"."contacts"."id", "private"."contacts"."contact", "private"."contacts"."description", "private"."contacts"."createdAt", "private"."contacts"."updatedAt", "private"."contacts"."userId" FROM "private"."contacts" WHERE "private"."contacts"."userId" IN ($1) OFFSET $2 -- params: [2,0] -- duration: 1ms
2025-09-27 06:56:05 [INFO]: [QUERY] SELECT "private"."testimonials"."id", "private"."testimonials"."content", "private"."testimonials"."rating", "private"."testimonials"."createdAt", "private"."testimonials"."updatedAt", "private"."testimonials"."userId" FROM "private"."testimonials" WHERE "private"."testimonials"."userId" IN ($1) OFFSET $2 -- params: [2,0] -- duration: 0ms
2025-09-27 06:56:05 [INFO]: [QUERY] SELECT "private"."orders"."id", "private"."orders"."amount", "private"."orders"."status", "private"."orders"."createdAt", "private"."orders"."updatedAt", "private"."orders"."userId" FROM "private"."orders" WHERE "private"."orders"."userId" IN ($1) OFFSET $2 -- params: [2,0] -- duration: 0ms
2025-09-27 06:56:05 [INFO]: [QUERY] SELECT "private"."categories"."id", "private"."categories"."name", "private"."categories"."description" FROM "private"."categories" WHERE ("private"."categories"."id" = $1 AND 1=1) LIMIT $2 OFFSET $3 -- params: [3,1,0] -- duration: 1ms
2025-09-27 06:56:05 [INFO]: [QUERY] DELETE FROM "private"."categories" WHERE ("private"."categories"."id" = $1 AND 1=1) RETURNING "private"."categories"."id", "private"."categories"."name", "private"."categories"."description", "private"."categories"."createdAt", "private"."categories"."updatedAt" -- params: [3] -- duration: 66ms
2025-09-30 08:43:18 [INFO]: [INFO] Starting a postgresql pool with 5 connections.
2025-09-30 08:43:20 [INFO]: [QUERY] SELECT "private"."users"."id", "private"."users"."fullname", "private"."users"."email", "private"."users"."password", "private"."users"."role", "private"."users"."status" FROM "private"."users" WHERE ("private"."users"."email" = $1 AND 1=1) LIMIT $2 OFFSET $3 -- params: ["admin@gmail.com",1,0] -- duration: 942ms
2025-09-30 08:43:20 [INFO]: [QUERY] SELECT "private"."contacts"."id", "private"."contacts"."contact", "private"."contacts"."description", "private"."contacts"."createdAt", "private"."contacts"."updatedAt", "private"."contacts"."userId" FROM "private"."contacts" WHERE "private"."contacts"."userId" IN ($1) OFFSET $2 -- params: [2,0] -- duration: 74ms
2025-09-30 08:43:20 [INFO]: [QUERY] SELECT "private"."testimonials"."id", "private"."testimonials"."content", "private"."testimonials"."rating", "private"."testimonials"."createdAt", "private"."testimonials"."updatedAt", "private"."testimonials"."userId" FROM "private"."testimonials" WHERE "private"."testimonials"."userId" IN ($1) OFFSET $2 -- params: [2,0] -- duration: 2ms
2025-09-30 08:43:20 [INFO]: [QUERY] SELECT "private"."orders"."id", "private"."orders"."amount", "private"."orders"."status", "private"."orders"."createdAt", "private"."orders"."updatedAt", "private"."orders"."userId" FROM "private"."orders" WHERE "private"."orders"."userId" IN ($1) OFFSET $2 -- params: [2,0] -- duration: 4ms
2025-09-30 08:47:14 [INFO]: [QUERY] SELECT 1 -- params: [] -- duration: 1ms
2025-09-30 08:47:14 [INFO]: [QUERY] SELECT "private"."users"."id", "private"."users"."fullname", "private"."users"."email", "private"."users"."password", "private"."users"."role", "private"."users"."status" FROM "private"."users" WHERE ("private"."users"."email" = $1 AND 1=1) LIMIT $2 OFFSET $3 -- params: ["admin@gmail.com",1,0] -- duration: 0ms
2025-09-30 08:47:14 [INFO]: [QUERY] SELECT "private"."contacts"."id", "private"."contacts"."contact", "private"."contacts"."description", "private"."contacts"."createdAt", "private"."contacts"."updatedAt", "private"."contacts"."userId" FROM "private"."contacts" WHERE "private"."contacts"."userId" IN ($1) OFFSET $2 -- params: [2,0] -- duration: 0ms
2025-09-30 08:47:14 [INFO]: [QUERY] SELECT "private"."testimonials"."id", "private"."testimonials"."content", "private"."testimonials"."rating", "private"."testimonials"."createdAt", "private"."testimonials"."updatedAt", "private"."testimonials"."userId" FROM "private"."testimonials" WHERE "private"."testimonials"."userId" IN ($1) OFFSET $2 -- params: [2,0] -- duration: 0ms
2025-09-30 08:47:14 [INFO]: [QUERY] SELECT "private"."orders"."id", "private"."orders"."amount", "private"."orders"."status", "private"."orders"."createdAt", "private"."orders"."updatedAt", "private"."orders"."userId" FROM "private"."orders" WHERE "private"."orders"."userId" IN ($1) OFFSET $2 -- params: [2,0] -- duration: 0ms
2025-09-30 08:47:24 [INFO]: [QUERY] SELECT "private"."users"."id", "private"."users"."fullname", "private"."users"."email", "private"."users"."role", "private"."users"."status" FROM "private"."users" WHERE ("private"."users"."id" = $1 AND 1=1) LIMIT $2 OFFSET $3 -- params: [2,1,0] -- duration: 1ms
2025-09-30 08:47:24 [INFO]: [QUERY] SELECT "private"."contacts"."id", "private"."contacts"."contact", "private"."contacts"."description", "private"."contacts"."createdAt", "private"."contacts"."updatedAt", "private"."contacts"."userId" FROM "private"."contacts" WHERE "private"."contacts"."userId" IN ($1) OFFSET $2 -- params: [2,0] -- duration: 0ms
2025-09-30 08:47:24 [INFO]: [QUERY] SELECT "private"."testimonials"."id", "private"."testimonials"."content", "private"."testimonials"."rating", "private"."testimonials"."createdAt", "private"."testimonials"."updatedAt", "private"."testimonials"."userId" FROM "private"."testimonials" WHERE "private"."testimonials"."userId" IN ($1) OFFSET $2 -- params: [2,0] -- duration: 1ms
2025-09-30 08:47:24 [INFO]: [QUERY] SELECT "private"."orders"."id", "private"."orders"."amount", "private"."orders"."status", "private"."orders"."createdAt", "private"."orders"."updatedAt", "private"."orders"."userId" FROM "private"."orders" WHERE "private"."orders"."userId" IN ($1) OFFSET $2 -- params: [2,0] -- duration: 3ms
2025-09-30 08:53:55 [INFO]: [INFO] Starting a postgresql pool with 5 connections.
2025-09-30 08:53:55 [INFO]: [QUERY] SELECT "private"."users"."id", "private"."users"."fullname", "private"."users"."email", "private"."users"."role", "private"."users"."status" FROM "private"."users" WHERE ("private"."users"."id" = $1 AND 1=1) LIMIT $2 OFFSET $3 -- params: [2,1,0] -- duration: 2ms
2025-09-30 08:53:55 [INFO]: [QUERY] SELECT "private"."contacts"."id", "private"."contacts"."contact", "private"."contacts"."description", "private"."contacts"."createdAt", "private"."contacts"."updatedAt", "private"."contacts"."userId" FROM "private"."contacts" WHERE "private"."contacts"."userId" IN ($1) OFFSET $2 -- params: [2,0] -- duration: 2ms
2025-09-30 08:53:55 [INFO]: [QUERY] SELECT "private"."testimonials"."id", "private"."testimonials"."content", "private"."testimonials"."rating", "private"."testimonials"."createdAt", "private"."testimonials"."updatedAt", "private"."testimonials"."userId" FROM "private"."testimonials" WHERE "private"."testimonials"."userId" IN ($1) OFFSET $2 -- params: [2,0] -- duration: 2ms
2025-09-30 08:53:55 [INFO]: [QUERY] SELECT "private"."orders"."id", "private"."orders"."amount", "private"."orders"."status", "private"."orders"."createdAt", "private"."orders"."updatedAt", "private"."orders"."userId" FROM "private"."orders" WHERE "private"."orders"."userId" IN ($1) OFFSET $2 -- params: [2,0] -- duration: 4ms
2025-09-30 08:59:19 [INFO]: [INFO] Starting a postgresql pool with 5 connections.
2025-09-30 08:59:19 [INFO]: [QUERY] SELECT "private"."users"."id", "private"."users"."fullname", "private"."users"."email", "private"."users"."role", "private"."users"."status" FROM "private"."users" WHERE ("private"."users"."id" = $1 AND 1=1) LIMIT $2 OFFSET $3 -- params: [2,1,0] -- duration: 2ms
2025-09-30 08:59:19 [INFO]: [QUERY] SELECT "private"."contacts"."id", "private"."contacts"."contact", "private"."contacts"."description", "private"."contacts"."createdAt", "private"."contacts"."updatedAt", "private"."contacts"."userId" FROM "private"."contacts" WHERE "private"."contacts"."userId" IN ($1) OFFSET $2 -- params: [2,0] -- duration: 1ms
2025-09-30 08:59:19 [INFO]: [QUERY] SELECT "private"."testimonials"."id", "private"."testimonials"."content", "private"."testimonials"."rating", "private"."testimonials"."createdAt", "private"."testimonials"."updatedAt", "private"."testimonials"."userId" FROM "private"."testimonials" WHERE "private"."testimonials"."userId" IN ($1) OFFSET $2 -- params: [2,0] -- duration: 1ms
2025-09-30 08:59:19 [INFO]: [QUERY] SELECT "private"."orders"."id", "private"."orders"."amount", "private"."orders"."status", "private"."orders"."createdAt", "private"."orders"."updatedAt", "private"."orders"."userId" FROM "private"."orders" WHERE "private"."orders"."userId" IN ($1) OFFSET $2 -- params: [2,0] -- duration: 2ms
2025-09-30 08:59:43 [INFO]: [INFO] Starting a postgresql pool with 5 connections.
2025-09-30 08:59:43 [INFO]: [QUERY] SELECT "private"."users"."id", "private"."users"."fullname", "private"."users"."email", "private"."users"."role", "private"."users"."status" FROM "private"."users" WHERE ("private"."users"."id" = $1 AND 1=1) LIMIT $2 OFFSET $3 -- params: [2,1,0] -- duration: 8ms
2025-09-30 08:59:43 [INFO]: [QUERY] SELECT "private"."contacts"."id", "private"."contacts"."contact", "private"."contacts"."description", "private"."contacts"."createdAt", "private"."contacts"."updatedAt", "private"."contacts"."userId" FROM "private"."contacts" WHERE "private"."contacts"."userId" IN ($1) OFFSET $2 -- params: [2,0] -- duration: 1ms
2025-09-30 08:59:43 [INFO]: [QUERY] SELECT "private"."testimonials"."id", "private"."testimonials"."content", "private"."testimonials"."rating", "private"."testimonials"."createdAt", "private"."testimonials"."updatedAt", "private"."testimonials"."userId" FROM "private"."testimonials" WHERE "private"."testimonials"."userId" IN ($1) OFFSET $2 -- params: [2,0] -- duration: 7ms
2025-09-30 08:59:43 [INFO]: [QUERY] SELECT "private"."orders"."id", "private"."orders"."amount", "private"."orders"."status", "private"."orders"."createdAt", "private"."orders"."updatedAt", "private"."orders"."userId" FROM "private"."orders" WHERE "private"."orders"."userId" IN ($1) OFFSET $2 -- params: [2,0] -- duration: 1ms
2025-09-30 08:59:43 [INFO]: [QUERY] SELECT "private"."categories"."id", "private"."categories"."name", "private"."categories"."description" FROM "private"."categories" WHERE ("private"."categories"."id" = $1 AND 1=1) LIMIT $2 OFFSET $3 -- params: [1,1,0] -- duration: 17ms
2025-09-30 08:59:44 [INFO]: [QUERY] INSERT INTO "private"."products" ("name","description","price","stock","status","createdAt","updatedAt","categoryId") VALUES ($1,$2,$3,$4,$5,$6,$7,$8) RETURNING "private"."products"."id", "private"."products"."name", "private"."products"."description", "private"."products"."price", "private"."products"."stock", "private"."products"."status", "private"."products"."categoryId" -- params: ["microsoft word","product name description","100000",20,1,"2025-09-30 01:59:43.939 UTC","2025-09-30 01:59:43.939 UTC",1] -- duration: 283ms
2025-09-30 09:01:56 [INFO]: [INFO] Starting a postgresql pool with 5 connections.
2025-09-30 09:01:56 [INFO]: [QUERY] SELECT "private"."users"."id", "private"."users"."fullname", "private"."users"."email", "private"."users"."role", "private"."users"."status" FROM "private"."users" WHERE ("private"."users"."id" = $1 AND 1=1) LIMIT $2 OFFSET $3 -- params: [2,1,0] -- duration: 1ms
2025-09-30 09:01:56 [INFO]: [QUERY] SELECT "private"."contacts"."id", "private"."contacts"."contact", "private"."contacts"."description", "private"."contacts"."createdAt", "private"."contacts"."updatedAt", "private"."contacts"."userId" FROM "private"."contacts" WHERE "private"."contacts"."userId" IN ($1) OFFSET $2 -- params: [2,0] -- duration: 1ms
2025-09-30 09:01:56 [INFO]: [QUERY] SELECT "private"."testimonials"."id", "private"."testimonials"."content", "private"."testimonials"."rating", "private"."testimonials"."createdAt", "private"."testimonials"."updatedAt", "private"."testimonials"."userId" FROM "private"."testimonials" WHERE "private"."testimonials"."userId" IN ($1) OFFSET $2 -- params: [2,0] -- duration: 2ms
2025-09-30 09:01:56 [INFO]: [QUERY] SELECT "private"."orders"."id", "private"."orders"."amount", "private"."orders"."status", "private"."orders"."createdAt", "private"."orders"."updatedAt", "private"."orders"."userId" FROM "private"."orders" WHERE "private"."orders"."userId" IN ($1) OFFSET $2 -- params: [2,0] -- duration: 1ms
2025-09-30 09:01:56 [INFO]: [QUERY] SELECT "private"."categories"."id", "private"."categories"."name", "private"."categories"."description" FROM "private"."categories" WHERE ("private"."categories"."id" = $1 AND 1=1) LIMIT $2 OFFSET $3 -- params: [1,1,0] -- duration: 2ms
2025-09-30 09:01:56 [INFO]: [QUERY] INSERT INTO "private"."products" ("name","description","price","stock","status","createdAt","updatedAt","categoryId") VALUES ($1,$2,$3,$4,$5,$6,$7,$8) RETURNING "private"."products"."id", "private"."products"."name", "private"."products"."description", "private"."products"."price", "private"."products"."stock", "private"."products"."status", "private"."products"."categoryId" -- params: ["microsoft power point","product name description","100000",20,1,"2025-09-30 02:01:56.694 UTC","2025-09-30 02:01:56.694 UTC",1] -- duration: 21ms
2025-09-30 09:06:33 [INFO]: [INFO] Starting a postgresql pool with 5 connections.
2025-09-30 09:06:33 [INFO]: [QUERY] SELECT "private"."users"."id", "private"."users"."fullname", "private"."users"."email", "private"."users"."role", "private"."users"."status" FROM "private"."users" WHERE ("private"."users"."id" = $1 AND 1=1) LIMIT $2 OFFSET $3 -- params: [2,1,0] -- duration: 2ms
2025-09-30 09:06:33 [INFO]: [QUERY] SELECT "private"."contacts"."id", "private"."contacts"."contact", "private"."contacts"."description", "private"."contacts"."createdAt", "private"."contacts"."updatedAt", "private"."contacts"."userId" FROM "private"."contacts" WHERE "private"."contacts"."userId" IN ($1) OFFSET $2 -- params: [2,0] -- duration: 1ms
2025-09-30 09:06:33 [INFO]: [QUERY] SELECT "private"."testimonials"."id", "private"."testimonials"."content", "private"."testimonials"."rating", "private"."testimonials"."createdAt", "private"."testimonials"."updatedAt", "private"."testimonials"."userId" FROM "private"."testimonials" WHERE "private"."testimonials"."userId" IN ($1) OFFSET $2 -- params: [2,0] -- duration: 2ms
2025-09-30 09:06:33 [INFO]: [QUERY] SELECT "private"."orders"."id", "private"."orders"."amount", "private"."orders"."status", "private"."orders"."createdAt", "private"."orders"."updatedAt", "private"."orders"."userId" FROM "private"."orders" WHERE "private"."orders"."userId" IN ($1) OFFSET $2 -- params: [2,0] -- duration: 1ms
2025-09-30 09:06:33 [INFO]: [QUERY] SELECT "private"."categories"."id", "private"."categories"."name", "private"."categories"."description" FROM "private"."categories" WHERE ("private"."categories"."id" = $1 AND 1=1) LIMIT $2 OFFSET $3 -- params: [1,1,0] -- duration: 1ms
2025-09-30 09:06:33 [INFO]: [QUERY] INSERT INTO "private"."products" ("name","description","price","stock","status","createdAt","updatedAt","categoryId") VALUES ($1,$2,$3,$4,$5,$6,$7,$8) RETURNING "private"."products"."id", "private"."products"."name", "private"."products"."description", "private"."products"."price", "private"."products"."stock", "private"."products"."status", "private"."products"."categoryId" -- params: ["Adobe photoshop","product name description","100000",20,1,"2025-09-30 02:06:33.731 UTC","2025-09-30 02:06:33.731 UTC",1] -- duration: 28ms
2025-09-30 09:06:39 [INFO]: [QUERY] SELECT "private"."users"."id", "private"."users"."fullname", "private"."users"."email", "private"."users"."role", "private"."users"."status" FROM "private"."users" WHERE ("private"."users"."id" = $1 AND 1=1) LIMIT $2 OFFSET $3 -- params: [2,1,0] -- duration: 0ms
2025-09-30 09:06:39 [INFO]: [QUERY] SELECT "private"."contacts"."id", "private"."contacts"."contact", "private"."contacts"."description", "private"."contacts"."createdAt", "private"."contacts"."updatedAt", "private"."contacts"."userId" FROM "private"."contacts" WHERE "private"."contacts"."userId" IN ($1) OFFSET $2 -- params: [2,0] -- duration: 0ms
2025-09-30 09:06:39 [INFO]: [QUERY] SELECT "private"."testimonials"."id", "private"."testimonials"."content", "private"."testimonials"."rating", "private"."testimonials"."createdAt", "private"."testimonials"."updatedAt", "private"."testimonials"."userId" FROM "private"."testimonials" WHERE "private"."testimonials"."userId" IN ($1) OFFSET $2 -- params: [2,0] -- duration: 1ms
2025-09-30 09:06:39 [INFO]: [QUERY] SELECT "private"."orders"."id", "private"."orders"."amount", "private"."orders"."status", "private"."orders"."createdAt", "private"."orders"."updatedAt", "private"."orders"."userId" FROM "private"."orders" WHERE "private"."orders"."userId" IN ($1) OFFSET $2 -- params: [2,0] -- duration: 0ms
2025-09-30 09:06:39 [INFO]: [QUERY] SELECT "private"."categories"."id", "private"."categories"."name", "private"."categories"."description" FROM "private"."categories" WHERE ("private"."categories"."id" = $1 AND 1=1) LIMIT $2 OFFSET $3 -- params: [3,1,0] -- duration: 2ms
2025-09-30 09:07:15 [INFO]: [QUERY] SELECT 1 -- params: [] -- duration: 0ms
2025-09-30 09:07:15 [INFO]: [QUERY] SELECT "private"."users"."id", "private"."users"."fullname", "private"."users"."email", "private"."users"."role", "private"."users"."status" FROM "private"."users" WHERE ("private"."users"."id" = $1 AND 1=1) LIMIT $2 OFFSET $3 -- params: [2,1,0] -- duration: 1ms
2025-09-30 09:07:15 [INFO]: [QUERY] SELECT "private"."contacts"."id", "private"."contacts"."contact", "private"."contacts"."description", "private"."contacts"."createdAt", "private"."contacts"."updatedAt", "private"."contacts"."userId" FROM "private"."contacts" WHERE "private"."contacts"."userId" IN ($1) OFFSET $2 -- params: [2,0] -- duration: 1ms
2025-09-30 09:07:15 [INFO]: [QUERY] SELECT "private"."testimonials"."id", "private"."testimonials"."content", "private"."testimonials"."rating", "private"."testimonials"."createdAt", "private"."testimonials"."updatedAt", "private"."testimonials"."userId" FROM "private"."testimonials" WHERE "private"."testimonials"."userId" IN ($1) OFFSET $2 -- params: [2,0] -- duration: 0ms
2025-09-30 09:07:15 [INFO]: [QUERY] SELECT "private"."orders"."id", "private"."orders"."amount", "private"."orders"."status", "private"."orders"."createdAt", "private"."orders"."updatedAt", "private"."orders"."userId" FROM "private"."orders" WHERE "private"."orders"."userId" IN ($1) OFFSET $2 -- params: [2,0] -- duration: 0ms
2025-09-30 09:07:15 [INFO]: [QUERY] SELECT "private"."categories"."id", "private"."categories"."name", "private"."categories"."description" FROM "private"."categories" WHERE ("private"."categories"."id" = $1 AND 1=1) LIMIT $2 OFFSET $3 -- params: [2,1,0] -- duration: 0ms
2025-09-30 09:07:15 [INFO]: [QUERY] INSERT INTO "private"."products" ("name","description","price","stock","status","createdAt","updatedAt","categoryId") VALUES ($1,$2,$3,$4,$5,$6,$7,$8) RETURNING "private"."products"."id", "private"."products"."name", "private"."products"."description", "private"."products"."price", "private"."products"."stock", "private"."products"."status", "private"."products"."categoryId" -- params: ["Adobe photoshop","product name description","100000",20,1,"2025-09-30 02:07:15.457 UTC","2025-09-30 02:07:15.457 UTC",2] -- duration: 18ms
2025-09-30 09:09:07 [INFO]: [QUERY] SELECT 1 -- params: [] -- duration: 2ms
2025-09-30 09:09:07 [INFO]: [QUERY] SELECT "private"."users"."id", "private"."users"."fullname", "private"."users"."email", "private"."users"."role", "private"."users"."status" FROM "private"."users" WHERE ("private"."users"."id" = $1 AND 1=1) LIMIT $2 OFFSET $3 -- params: [2,1,0] -- duration: 1ms
2025-09-30 09:09:07 [INFO]: [QUERY] SELECT "private"."contacts"."id", "private"."contacts"."contact", "private"."contacts"."description", "private"."contacts"."createdAt", "private"."contacts"."updatedAt", "private"."contacts"."userId" FROM "private"."contacts" WHERE "private"."contacts"."userId" IN ($1) OFFSET $2 -- params: [2,0] -- duration: 0ms
2025-09-30 09:09:07 [INFO]: [QUERY] SELECT "private"."testimonials"."id", "private"."testimonials"."content", "private"."testimonials"."rating", "private"."testimonials"."createdAt", "private"."testimonials"."updatedAt", "private"."testimonials"."userId" FROM "private"."testimonials" WHERE "private"."testimonials"."userId" IN ($1) OFFSET $2 -- params: [2,0] -- duration: 2ms
2025-09-30 09:09:07 [INFO]: [QUERY] SELECT "private"."orders"."id", "private"."orders"."amount", "private"."orders"."status", "private"."orders"."createdAt", "private"."orders"."updatedAt", "private"."orders"."userId" FROM "private"."orders" WHERE "private"."orders"."userId" IN ($1) OFFSET $2 -- params: [2,0] -- duration: 0ms
2025-09-30 09:09:16 [INFO]: [INFO] Starting a postgresql pool with 5 connections.
2025-09-30 09:09:16 [INFO]: [QUERY] SELECT "private"."users"."id", "private"."users"."fullname", "private"."users"."email", "private"."users"."role", "private"."users"."status" FROM "private"."users" WHERE ("private"."users"."id" = $1 AND 1=1) LIMIT $2 OFFSET $3 -- params: [2,1,0] -- duration: 1ms
2025-09-30 09:09:16 [INFO]: [QUERY] SELECT "private"."contacts"."id", "private"."contacts"."contact", "private"."contacts"."description", "private"."contacts"."createdAt", "private"."contacts"."updatedAt", "private"."contacts"."userId" FROM "private"."contacts" WHERE "private"."contacts"."userId" IN ($1) OFFSET $2 -- params: [2,0] -- duration: 1ms
2025-09-30 09:09:16 [INFO]: [QUERY] SELECT "private"."testimonials"."id", "private"."testimonials"."content", "private"."testimonials"."rating", "private"."testimonials"."createdAt", "private"."testimonials"."updatedAt", "private"."testimonials"."userId" FROM "private"."testimonials" WHERE "private"."testimonials"."userId" IN ($1) OFFSET $2 -- params: [2,0] -- duration: 2ms
2025-09-30 09:09:16 [INFO]: [QUERY] SELECT "private"."orders"."id", "private"."orders"."amount", "private"."orders"."status", "private"."orders"."createdAt", "private"."orders"."updatedAt", "private"."orders"."userId" FROM "private"."orders" WHERE "private"."orders"."userId" IN ($1) OFFSET $2 -- params: [2,0] -- duration: 2ms
2025-09-30 09:09:16 [INFO]: [QUERY] SELECT "private"."categories"."id", "private"."categories"."name", "private"."categories"."description" FROM "private"."categories" WHERE ("private"."categories"."id" = $1 AND 1=1) LIMIT $2 OFFSET $3 -- params: [2,1,0] -- duration: 8ms
2025-09-30 09:09:17 [INFO]: [QUERY] INSERT INTO "private"."products" ("name","description","price","stock","status","createdAt","updatedAt","categoryId") VALUES ($1,$2,$3,$4,$5,$6,$7,$8) RETURNING "private"."products"."id", "private"."products"."name", "private"."products"."description", "private"."products"."price", "private"."products"."stock", "private"."products"."status", "private"."products"."categoryId" -- params: ["Adobe ilustrator","product name description","100000",20,1,"2025-09-30 02:09:16.995 UTC","2025-09-30 02:09:16.995 UTC",2] -- duration: 17ms
2025-09-30 09:09:17 [ERROR]: [ERROR] 
Invalid `prisma.attachment.create()` invocation:

{
  data: {
+   fileName: String
  },
  select: {
    id: true,
    fileName: true,
    fileType: true,
    filePath: true,
    fileSize: true,
    attachmentAbleId: true,
    attachmentAbleType: true
  }
}

Argument `fileName` is missing.
2025-09-30 09:09:18 [INFO]: [QUERY] SELECT "private"."users"."id", "private"."users"."fullname", "private"."users"."email", "private"."users"."role", "private"."users"."status" FROM "private"."users" WHERE ("private"."users"."id" = $1 AND 1=1) LIMIT $2 OFFSET $3 -- params: [2,1,0] -- duration: 0ms
2025-09-30 09:09:18 [INFO]: [QUERY] SELECT "private"."contacts"."id", "private"."contacts"."contact", "private"."contacts"."description", "private"."contacts"."createdAt", "private"."contacts"."updatedAt", "private"."contacts"."userId" FROM "private"."contacts" WHERE "private"."contacts"."userId" IN ($1) OFFSET $2 -- params: [2,0] -- duration: 0ms
2025-09-30 09:09:18 [INFO]: [QUERY] SELECT "private"."testimonials"."id", "private"."testimonials"."content", "private"."testimonials"."rating", "private"."testimonials"."createdAt", "private"."testimonials"."updatedAt", "private"."testimonials"."userId" FROM "private"."testimonials" WHERE "private"."testimonials"."userId" IN ($1) OFFSET $2 -- params: [2,0] -- duration: 0ms
2025-09-30 09:09:18 [INFO]: [QUERY] SELECT "private"."orders"."id", "private"."orders"."amount", "private"."orders"."status", "private"."orders"."createdAt", "private"."orders"."updatedAt", "private"."orders"."userId" FROM "private"."orders" WHERE "private"."orders"."userId" IN ($1) OFFSET $2 -- params: [2,0] -- duration: 1ms
2025-09-30 09:09:18 [INFO]: [QUERY] SELECT "private"."categories"."id", "private"."categories"."name", "private"."categories"."description" FROM "private"."categories" WHERE ("private"."categories"."id" = $1 AND 1=1) LIMIT $2 OFFSET $3 -- params: [2,1,0] -- duration: 1ms
2025-09-30 09:09:18 [INFO]: [QUERY] INSERT INTO "private"."products" ("name","description","price","stock","status","createdAt","updatedAt","categoryId") VALUES ($1,$2,$3,$4,$5,$6,$7,$8) RETURNING "private"."products"."id", "private"."products"."name", "private"."products"."description", "private"."products"."price", "private"."products"."stock", "private"."products"."status", "private"."products"."categoryId" -- params: ["Adobe ilustrator","product name description","100000",20,1,"2025-09-30 02:09:18.858 UTC","2025-09-30 02:09:18.858 UTC",2] -- duration: 21ms
2025-09-30 09:09:18 [ERROR]: [ERROR] 
Invalid `prisma.attachment.create()` invocation:

{
  data: {
+   fileName: String
  },
  select: {
    id: true,
    fileName: true,
    fileType: true,
    filePath: true,
    fileSize: true,
    attachmentAbleId: true,
    attachmentAbleType: true
  }
}

Argument `fileName` is missing.
2025-09-30 09:10:37 [INFO]: [INFO] Starting a postgresql pool with 5 connections.
2025-09-30 09:10:37 [INFO]: [QUERY] SELECT "private"."users"."id", "private"."users"."fullname", "private"."users"."email", "private"."users"."role", "private"."users"."status" FROM "private"."users" WHERE ("private"."users"."id" = $1 AND 1=1) LIMIT $2 OFFSET $3 -- params: [2,1,0] -- duration: 3ms
2025-09-30 09:10:37 [INFO]: [QUERY] SELECT "private"."contacts"."id", "private"."contacts"."contact", "private"."contacts"."description", "private"."contacts"."createdAt", "private"."contacts"."updatedAt", "private"."contacts"."userId" FROM "private"."contacts" WHERE "private"."contacts"."userId" IN ($1) OFFSET $2 -- params: [2,0] -- duration: 2ms
2025-09-30 09:10:37 [INFO]: [QUERY] SELECT "private"."testimonials"."id", "private"."testimonials"."content", "private"."testimonials"."rating", "private"."testimonials"."createdAt", "private"."testimonials"."updatedAt", "private"."testimonials"."userId" FROM "private"."testimonials" WHERE "private"."testimonials"."userId" IN ($1) OFFSET $2 -- params: [2,0] -- duration: 1ms
2025-09-30 09:10:37 [INFO]: [QUERY] SELECT "private"."orders"."id", "private"."orders"."amount", "private"."orders"."status", "private"."orders"."createdAt", "private"."orders"."updatedAt", "private"."orders"."userId" FROM "private"."orders" WHERE "private"."orders"."userId" IN ($1) OFFSET $2 -- params: [2,0] -- duration: 2ms
2025-09-30 09:10:37 [INFO]: [QUERY] SELECT "private"."categories"."id", "private"."categories"."name", "private"."categories"."description" FROM "private"."categories" WHERE ("private"."categories"."id" = $1 AND 1=1) LIMIT $2 OFFSET $3 -- params: [2,1,0] -- duration: 2ms
2025-09-30 09:10:38 [INFO]: [QUERY] INSERT INTO "private"."products" ("name","description","price","stock","status","createdAt","updatedAt","categoryId") VALUES ($1,$2,$3,$4,$5,$6,$7,$8) RETURNING "private"."products"."id", "private"."products"."name", "private"."products"."description", "private"."products"."price", "private"."products"."stock", "private"."products"."status", "private"."products"."categoryId" -- params: ["Adobe ilustrator","product name description","100000",20,1,"2025-09-30 02:10:37.981 UTC","2025-09-30 02:10:37.981 UTC",2] -- duration: 18ms
2025-09-30 09:10:38 [ERROR]: [ERROR] 
Invalid `prisma.attachment.create()` invocation:

{
  data: {
+   fileName: String
  },
  select: {
    id: true,
    fileName: true,
    fileType: true,
    filePath: true,
    fileSize: true,
    attachmentAbleId: true,
    attachmentAbleType: true
  }
}

Argument `fileName` is missing.
2025-09-30 09:11:42 [INFO]: [INFO] Starting a postgresql pool with 5 connections.
2025-09-30 09:11:43 [INFO]: [QUERY] SELECT "private"."users"."id", "private"."users"."fullname", "private"."users"."email", "private"."users"."role", "private"."users"."status" FROM "private"."users" WHERE ("private"."users"."id" = $1 AND 1=1) LIMIT $2 OFFSET $3 -- params: [2,1,0] -- duration: 3ms
2025-09-30 09:11:43 [INFO]: [QUERY] SELECT "private"."contacts"."id", "private"."contacts"."contact", "private"."contacts"."description", "private"."contacts"."createdAt", "private"."contacts"."updatedAt", "private"."contacts"."userId" FROM "private"."contacts" WHERE "private"."contacts"."userId" IN ($1) OFFSET $2 -- params: [2,0] -- duration: 1ms
2025-09-30 09:11:43 [INFO]: [QUERY] SELECT "private"."testimonials"."id", "private"."testimonials"."content", "private"."testimonials"."rating", "private"."testimonials"."createdAt", "private"."testimonials"."updatedAt", "private"."testimonials"."userId" FROM "private"."testimonials" WHERE "private"."testimonials"."userId" IN ($1) OFFSET $2 -- params: [2,0] -- duration: 1ms
2025-09-30 09:11:43 [INFO]: [QUERY] SELECT "private"."orders"."id", "private"."orders"."amount", "private"."orders"."status", "private"."orders"."createdAt", "private"."orders"."updatedAt", "private"."orders"."userId" FROM "private"."orders" WHERE "private"."orders"."userId" IN ($1) OFFSET $2 -- params: [2,0] -- duration: 2ms
2025-09-30 09:11:43 [INFO]: [QUERY] SELECT "private"."categories"."id", "private"."categories"."name", "private"."categories"."description" FROM "private"."categories" WHERE ("private"."categories"."id" = $1 AND 1=1) LIMIT $2 OFFSET $3 -- params: [2,1,0] -- duration: 2ms
2025-09-30 09:11:43 [INFO]: [QUERY] INSERT INTO "private"."products" ("name","description","price","stock","status","createdAt","updatedAt","categoryId") VALUES ($1,$2,$3,$4,$5,$6,$7,$8) RETURNING "private"."products"."id", "private"."products"."name", "private"."products"."description", "private"."products"."price", "private"."products"."stock", "private"."products"."status", "private"."products"."categoryId" -- params: ["Adobe ilustrator","product name description","100000",20,1,"2025-09-30 02:11:43.131 UTC","2025-09-30 02:11:43.131 UTC",2] -- duration: 13ms
2025-09-30 09:12:40 [INFO]: [INFO] Starting a postgresql pool with 5 connections.
2025-09-30 09:12:41 [INFO]: [QUERY] SELECT "private"."users"."id", "private"."users"."fullname", "private"."users"."email", "private"."users"."role", "private"."users"."status" FROM "private"."users" WHERE ("private"."users"."id" = $1 AND 1=1) LIMIT $2 OFFSET $3 -- params: [2,1,0] -- duration: 3ms
2025-09-30 09:12:41 [INFO]: [QUERY] SELECT "private"."contacts"."id", "private"."contacts"."contact", "private"."contacts"."description", "private"."contacts"."createdAt", "private"."contacts"."updatedAt", "private"."contacts"."userId" FROM "private"."contacts" WHERE "private"."contacts"."userId" IN ($1) OFFSET $2 -- params: [2,0] -- duration: 1ms
2025-09-30 09:12:41 [INFO]: [QUERY] SELECT "private"."testimonials"."id", "private"."testimonials"."content", "private"."testimonials"."rating", "private"."testimonials"."createdAt", "private"."testimonials"."updatedAt", "private"."testimonials"."userId" FROM "private"."testimonials" WHERE "private"."testimonials"."userId" IN ($1) OFFSET $2 -- params: [2,0] -- duration: 2ms
2025-09-30 09:12:41 [INFO]: [QUERY] SELECT "private"."orders"."id", "private"."orders"."amount", "private"."orders"."status", "private"."orders"."createdAt", "private"."orders"."updatedAt", "private"."orders"."userId" FROM "private"."orders" WHERE "private"."orders"."userId" IN ($1) OFFSET $2 -- params: [2,0] -- duration: 4ms
2025-09-30 09:12:41 [INFO]: [QUERY] SELECT "private"."categories"."id", "private"."categories"."name", "private"."categories"."description" FROM "private"."categories" WHERE ("private"."categories"."id" = $1 AND 1=1) LIMIT $2 OFFSET $3 -- params: [2,1,0] -- duration: 1ms
2025-09-30 09:12:41 [INFO]: [QUERY] INSERT INTO "private"."products" ("name","description","price","stock","status","createdAt","updatedAt","categoryId") VALUES ($1,$2,$3,$4,$5,$6,$7,$8) RETURNING "private"."products"."id", "private"."products"."name", "private"."products"."description", "private"."products"."price", "private"."products"."stock", "private"."products"."status", "private"."products"."categoryId" -- params: ["Adobe ilustrator","product name description","100000",20,1,"2025-09-30 02:12:41.327 UTC","2025-09-30 02:12:41.327 UTC",2] -- duration: 20ms
2025-09-30 09:12:41 [ERROR]: [ERROR] 
Invalid `prisma.attachment.create()` invocation:

{
  data: {
+   fileName: String
  },
  select: {
    id: true,
    fileName: true,
    fileType: true,
    filePath: true,
    fileSize: true,
    attachmentAbleId: true,
    attachmentAbleType: true
  }
}

Argument `fileName` is missing.
2025-09-30 09:14:58 [INFO]: [INFO] Starting a postgresql pool with 5 connections.
2025-09-30 09:14:58 [INFO]: [QUERY] SELECT "private"."users"."id", "private"."users"."fullname", "private"."users"."email", "private"."users"."role", "private"."users"."status" FROM "private"."users" WHERE ("private"."users"."id" = $1 AND 1=1) LIMIT $2 OFFSET $3 -- params: [2,1,0] -- duration: 2ms
2025-09-30 09:14:58 [INFO]: [QUERY] SELECT "private"."contacts"."id", "private"."contacts"."contact", "private"."contacts"."description", "private"."contacts"."createdAt", "private"."contacts"."updatedAt", "private"."contacts"."userId" FROM "private"."contacts" WHERE "private"."contacts"."userId" IN ($1) OFFSET $2 -- params: [2,0] -- duration: 1ms
2025-09-30 09:14:58 [INFO]: [QUERY] SELECT "private"."testimonials"."id", "private"."testimonials"."content", "private"."testimonials"."rating", "private"."testimonials"."createdAt", "private"."testimonials"."updatedAt", "private"."testimonials"."userId" FROM "private"."testimonials" WHERE "private"."testimonials"."userId" IN ($1) OFFSET $2 -- params: [2,0] -- duration: 1ms
2025-09-30 09:14:58 [INFO]: [QUERY] SELECT "private"."orders"."id", "private"."orders"."amount", "private"."orders"."status", "private"."orders"."createdAt", "private"."orders"."updatedAt", "private"."orders"."userId" FROM "private"."orders" WHERE "private"."orders"."userId" IN ($1) OFFSET $2 -- params: [2,0] -- duration: 1ms
2025-09-30 09:14:58 [INFO]: [QUERY] SELECT "private"."categories"."id", "private"."categories"."name", "private"."categories"."description" FROM "private"."categories" WHERE ("private"."categories"."id" = $1 AND 1=1) LIMIT $2 OFFSET $3 -- params: [2,1,0] -- duration: 1ms
2025-09-30 09:14:58 [INFO]: [QUERY] INSERT INTO "private"."products" ("name","description","price","stock","status","createdAt","updatedAt","categoryId") VALUES ($1,$2,$3,$4,$5,$6,$7,$8) RETURNING "private"."products"."id", "private"."products"."name", "private"."products"."description", "private"."products"."price", "private"."products"."stock", "private"."products"."status", "private"."products"."categoryId" -- params: ["Adobe ilustrator","product name description","100000",20,1,"2025-09-30 02:14:58.395 UTC","2025-09-30 02:14:58.395 UTC",2] -- duration: 19ms
2025-09-30 09:14:58 [ERROR]: [ERROR] 
Invalid `prisma.attachment.create()` invocation:

{
  data: {
    attachmentRequest: {},
+   fileName: String
  },
  select: {
    id: true,
    fileName: true,
    fileType: true,
    filePath: true,
    fileSize: true,
    attachmentAbleId: true,
    attachmentAbleType: true
  }
}

Argument `fileName` is missing.
2025-09-30 09:19:29 [INFO]: [INFO] Starting a postgresql pool with 5 connections.
2025-09-30 09:19:29 [INFO]: [QUERY] SELECT "private"."users"."id", "private"."users"."fullname", "private"."users"."email", "private"."users"."role", "private"."users"."status" FROM "private"."users" WHERE ("private"."users"."id" = $1 AND 1=1) LIMIT $2 OFFSET $3 -- params: [2,1,0] -- duration: 1ms
2025-09-30 09:19:29 [INFO]: [QUERY] SELECT "private"."contacts"."id", "private"."contacts"."contact", "private"."contacts"."description", "private"."contacts"."createdAt", "private"."contacts"."updatedAt", "private"."contacts"."userId" FROM "private"."contacts" WHERE "private"."contacts"."userId" IN ($1) OFFSET $2 -- params: [2,0] -- duration: 1ms
2025-09-30 09:19:29 [INFO]: [QUERY] SELECT "private"."testimonials"."id", "private"."testimonials"."content", "private"."testimonials"."rating", "private"."testimonials"."createdAt", "private"."testimonials"."updatedAt", "private"."testimonials"."userId" FROM "private"."testimonials" WHERE "private"."testimonials"."userId" IN ($1) OFFSET $2 -- params: [2,0] -- duration: 1ms
2025-09-30 09:19:29 [INFO]: [QUERY] SELECT "private"."orders"."id", "private"."orders"."amount", "private"."orders"."status", "private"."orders"."createdAt", "private"."orders"."updatedAt", "private"."orders"."userId" FROM "private"."orders" WHERE "private"."orders"."userId" IN ($1) OFFSET $2 -- params: [2,0] -- duration: 1ms
2025-09-30 09:19:29 [INFO]: [QUERY] SELECT "private"."categories"."id", "private"."categories"."name", "private"."categories"."description" FROM "private"."categories" WHERE ("private"."categories"."id" = $1 AND 1=1) LIMIT $2 OFFSET $3 -- params: [2,1,0] -- duration: 1ms
2025-09-30 09:19:29 [INFO]: [QUERY] INSERT INTO "private"."products" ("name","description","price","stock","status","createdAt","updatedAt","categoryId") VALUES ($1,$2,$3,$4,$5,$6,$7,$8) RETURNING "private"."products"."id", "private"."products"."name", "private"."products"."description", "private"."products"."price", "private"."products"."stock", "private"."products"."status", "private"."products"."categoryId" -- params: ["Adobe ilustrator","product name description","100000",20,1,"2025-09-30 02:19:29.716 UTC","2025-09-30 02:19:29.716 UTC",2] -- duration: 29ms
2025-09-30 09:19:29 [ERROR]: [ERROR] 
Invalid `prisma.attachment.create()` invocation:

{
  data: {
+   fileName: String
  },
  select: {
    id: true,
    fileName: true,
    fileType: true,
    filePath: true,
    fileSize: true,
    attachmentAbleId: true,
    attachmentAbleType: true
  }
}

Argument `fileName` is missing.
2025-09-30 09:19:52 [INFO]: [INFO] Starting a postgresql pool with 5 connections.
2025-09-30 09:19:52 [INFO]: [QUERY] SELECT "private"."users"."id", "private"."users"."fullname", "private"."users"."email", "private"."users"."role", "private"."users"."status" FROM "private"."users" WHERE ("private"."users"."id" = $1 AND 1=1) LIMIT $2 OFFSET $3 -- params: [2,1,0] -- duration: 2ms
2025-09-30 09:19:52 [INFO]: [QUERY] SELECT "private"."contacts"."id", "private"."contacts"."contact", "private"."contacts"."description", "private"."contacts"."createdAt", "private"."contacts"."updatedAt", "private"."contacts"."userId" FROM "private"."contacts" WHERE "private"."contacts"."userId" IN ($1) OFFSET $2 -- params: [2,0] -- duration: 4ms
2025-09-30 09:19:52 [INFO]: [QUERY] SELECT "private"."testimonials"."id", "private"."testimonials"."content", "private"."testimonials"."rating", "private"."testimonials"."createdAt", "private"."testimonials"."updatedAt", "private"."testimonials"."userId" FROM "private"."testimonials" WHERE "private"."testimonials"."userId" IN ($1) OFFSET $2 -- params: [2,0] -- duration: 1ms
2025-09-30 09:19:52 [INFO]: [QUERY] SELECT "private"."orders"."id", "private"."orders"."amount", "private"."orders"."status", "private"."orders"."createdAt", "private"."orders"."updatedAt", "private"."orders"."userId" FROM "private"."orders" WHERE "private"."orders"."userId" IN ($1) OFFSET $2 -- params: [2,0] -- duration: 2ms
2025-09-30 09:19:52 [INFO]: [QUERY] SELECT "private"."categories"."id", "private"."categories"."name", "private"."categories"."description" FROM "private"."categories" WHERE ("private"."categories"."id" = $1 AND 1=1) LIMIT $2 OFFSET $3 -- params: [2,1,0] -- duration: 2ms
2025-09-30 09:19:52 [INFO]: [QUERY] INSERT INTO "private"."products" ("name","description","price","stock","status","createdAt","updatedAt","categoryId") VALUES ($1,$2,$3,$4,$5,$6,$7,$8) RETURNING "private"."products"."id", "private"."products"."name", "private"."products"."description", "private"."products"."price", "private"."products"."stock", "private"."products"."status", "private"."products"."categoryId" -- params: ["Adobe ilustrator","product name description","100000",20,1,"2025-09-30 02:19:52.646 UTC","2025-09-30 02:19:52.646 UTC",2] -- duration: 43ms
2025-09-30 09:19:52 [ERROR]: [ERROR] 
Invalid `prisma.attachment.create()` invocation:

{
  data: {
+   fileName: String
  },
  select: {
    id: true,
    fileName: true,
    fileType: true,
    filePath: true,
    fileSize: true,
    attachmentAbleId: true,
    attachmentAbleType: true
  }
}

Argument `fileName` is missing.
2025-09-30 09:22:36 [INFO]: [INFO] Starting a postgresql pool with 5 connections.
2025-09-30 09:22:36 [INFO]: [QUERY] SELECT "private"."users"."id", "private"."users"."fullname", "private"."users"."email", "private"."users"."role", "private"."users"."status" FROM "private"."users" WHERE ("private"."users"."id" = $1 AND 1=1) LIMIT $2 OFFSET $3 -- params: [2,1,0] -- duration: 1ms
2025-09-30 09:22:36 [INFO]: [QUERY] SELECT "private"."contacts"."id", "private"."contacts"."contact", "private"."contacts"."description", "private"."contacts"."createdAt", "private"."contacts"."updatedAt", "private"."contacts"."userId" FROM "private"."contacts" WHERE "private"."contacts"."userId" IN ($1) OFFSET $2 -- params: [2,0] -- duration: 1ms
2025-09-30 09:22:36 [INFO]: [QUERY] SELECT "private"."testimonials"."id", "private"."testimonials"."content", "private"."testimonials"."rating", "private"."testimonials"."createdAt", "private"."testimonials"."updatedAt", "private"."testimonials"."userId" FROM "private"."testimonials" WHERE "private"."testimonials"."userId" IN ($1) OFFSET $2 -- params: [2,0] -- duration: 1ms
2025-09-30 09:22:36 [INFO]: [QUERY] SELECT "private"."orders"."id", "private"."orders"."amount", "private"."orders"."status", "private"."orders"."createdAt", "private"."orders"."updatedAt", "private"."orders"."userId" FROM "private"."orders" WHERE "private"."orders"."userId" IN ($1) OFFSET $2 -- params: [2,0] -- duration: 1ms
2025-09-30 09:22:37 [INFO]: [QUERY] SELECT "private"."categories"."id", "private"."categories"."name", "private"."categories"."description" FROM "private"."categories" WHERE ("private"."categories"."id" = $1 AND 1=1) LIMIT $2 OFFSET $3 -- params: [2,1,0] -- duration: 4ms
2025-09-30 09:22:37 [INFO]: [QUERY] INSERT INTO "private"."products" ("name","description","price","stock","status","createdAt","updatedAt","categoryId") VALUES ($1,$2,$3,$4,$5,$6,$7,$8) RETURNING "private"."products"."id", "private"."products"."name", "private"."products"."description", "private"."products"."price", "private"."products"."stock", "private"."products"."status", "private"."products"."categoryId" -- params: ["Adobe ilustrator","product name description","100000",20,1,"2025-09-30 02:22:37.073 UTC","2025-09-30 02:22:37.073 UTC",2] -- duration: 28ms
2025-09-30 09:22:37 [ERROR]: [ERROR] 
Invalid `prisma.attachment.create()` invocation:

{
  data: {
+   fileName: String
  },
  select: {
    id: true,
    fileName: true,
    fileType: true,
    filePath: true,
    fileSize: true,
    attachmentAbleId: true,
    attachmentAbleType: true
  }
}

Argument `fileName` is missing.
2025-09-30 09:24:32 [INFO]: [INFO] Starting a postgresql pool with 5 connections.
2025-09-30 09:24:32 [INFO]: [QUERY] SELECT "private"."users"."id", "private"."users"."fullname", "private"."users"."email", "private"."users"."role", "private"."users"."status" FROM "private"."users" WHERE ("private"."users"."id" = $1 AND 1=1) LIMIT $2 OFFSET $3 -- params: [2,1,0] -- duration: 2ms
2025-09-30 09:24:32 [INFO]: [QUERY] SELECT "private"."contacts"."id", "private"."contacts"."contact", "private"."contacts"."description", "private"."contacts"."createdAt", "private"."contacts"."updatedAt", "private"."contacts"."userId" FROM "private"."contacts" WHERE "private"."contacts"."userId" IN ($1) OFFSET $2 -- params: [2,0] -- duration: 3ms
2025-09-30 09:24:32 [INFO]: [QUERY] SELECT "private"."testimonials"."id", "private"."testimonials"."content", "private"."testimonials"."rating", "private"."testimonials"."createdAt", "private"."testimonials"."updatedAt", "private"."testimonials"."userId" FROM "private"."testimonials" WHERE "private"."testimonials"."userId" IN ($1) OFFSET $2 -- params: [2,0] -- duration: 2ms
2025-09-30 09:24:32 [INFO]: [QUERY] SELECT "private"."orders"."id", "private"."orders"."amount", "private"."orders"."status", "private"."orders"."createdAt", "private"."orders"."updatedAt", "private"."orders"."userId" FROM "private"."orders" WHERE "private"."orders"."userId" IN ($1) OFFSET $2 -- params: [2,0] -- duration: 2ms
2025-09-30 09:24:32 [INFO]: [QUERY] SELECT "private"."categories"."id", "private"."categories"."name", "private"."categories"."description" FROM "private"."categories" WHERE ("private"."categories"."id" = $1 AND 1=1) LIMIT $2 OFFSET $3 -- params: [2,1,0] -- duration: 3ms
2025-09-30 09:24:32 [INFO]: [QUERY] INSERT INTO "private"."products" ("name","description","price","stock","status","createdAt","updatedAt","categoryId") VALUES ($1,$2,$3,$4,$5,$6,$7,$8) RETURNING "private"."products"."id", "private"."products"."name", "private"."products"."description", "private"."products"."price", "private"."products"."stock", "private"."products"."status", "private"."products"."categoryId" -- params: ["Adobe ilustrator","product name description","100000",20,1,"2025-09-30 02:24:32.904 UTC","2025-09-30 02:24:32.904 UTC",2] -- duration: 23ms
2025-09-30 09:26:10 [INFO]: [INFO] Starting a postgresql pool with 5 connections.
2025-09-30 09:26:10 [INFO]: [QUERY] SELECT "private"."users"."id", "private"."users"."fullname", "private"."users"."email", "private"."users"."role", "private"."users"."status" FROM "private"."users" WHERE ("private"."users"."id" = $1 AND 1=1) LIMIT $2 OFFSET $3 -- params: [2,1,0] -- duration: 4ms
2025-09-30 09:26:10 [INFO]: [QUERY] SELECT "private"."contacts"."id", "private"."contacts"."contact", "private"."contacts"."description", "private"."contacts"."createdAt", "private"."contacts"."updatedAt", "private"."contacts"."userId" FROM "private"."contacts" WHERE "private"."contacts"."userId" IN ($1) OFFSET $2 -- params: [2,0] -- duration: 1ms
2025-09-30 09:26:10 [INFO]: [QUERY] SELECT "private"."testimonials"."id", "private"."testimonials"."content", "private"."testimonials"."rating", "private"."testimonials"."createdAt", "private"."testimonials"."updatedAt", "private"."testimonials"."userId" FROM "private"."testimonials" WHERE "private"."testimonials"."userId" IN ($1) OFFSET $2 -- params: [2,0] -- duration: 1ms
2025-09-30 09:26:10 [INFO]: [QUERY] SELECT "private"."orders"."id", "private"."orders"."amount", "private"."orders"."status", "private"."orders"."createdAt", "private"."orders"."updatedAt", "private"."orders"."userId" FROM "private"."orders" WHERE "private"."orders"."userId" IN ($1) OFFSET $2 -- params: [2,0] -- duration: 1ms
2025-09-30 09:26:10 [INFO]: [QUERY] SELECT "private"."categories"."id", "private"."categories"."name", "private"."categories"."description" FROM "private"."categories" WHERE ("private"."categories"."id" = $1 AND 1=1) LIMIT $2 OFFSET $3 -- params: [2,1,0] -- duration: 1ms
2025-09-30 09:26:10 [INFO]: [QUERY] INSERT INTO "private"."products" ("name","description","price","stock","status","createdAt","updatedAt","categoryId") VALUES ($1,$2,$3,$4,$5,$6,$7,$8) RETURNING "private"."products"."id", "private"."products"."name", "private"."products"."description", "private"."products"."price", "private"."products"."stock", "private"."products"."status", "private"."products"."categoryId" -- params: ["Adobe ilustrator","product name description","100000",20,1,"2025-09-30 02:26:10.385 UTC","2025-09-30 02:26:10.385 UTC",2] -- duration: 23ms
2025-09-30 09:26:10 [ERROR]: [ERROR] 
Invalid `prisma.attachment.create()` invocation:

{
  data: {
+   fileName: String
  },
  select: {
    id: true,
    fileName: true,
    fileType: true,
    filePath: true,
    fileSize: true,
    attachmentAbleId: true,
    attachmentAbleType: true
  }
}

Argument `fileName` is missing.
2025-09-30 09:28:45 [INFO]: [INFO] Starting a postgresql pool with 5 connections.
2025-09-30 09:28:45 [INFO]: [QUERY] SELECT "private"."users"."id", "private"."users"."fullname", "private"."users"."email", "private"."users"."role", "private"."users"."status" FROM "private"."users" WHERE ("private"."users"."id" = $1 AND 1=1) LIMIT $2 OFFSET $3 -- params: [2,1,0] -- duration: 1ms
2025-09-30 09:28:45 [INFO]: [QUERY] SELECT "private"."contacts"."id", "private"."contacts"."contact", "private"."contacts"."description", "private"."contacts"."createdAt", "private"."contacts"."updatedAt", "private"."contacts"."userId" FROM "private"."contacts" WHERE "private"."contacts"."userId" IN ($1) OFFSET $2 -- params: [2,0] -- duration: 1ms
2025-09-30 09:28:45 [INFO]: [QUERY] SELECT "private"."testimonials"."id", "private"."testimonials"."content", "private"."testimonials"."rating", "private"."testimonials"."createdAt", "private"."testimonials"."updatedAt", "private"."testimonials"."userId" FROM "private"."testimonials" WHERE "private"."testimonials"."userId" IN ($1) OFFSET $2 -- params: [2,0] -- duration: 1ms
2025-09-30 09:28:45 [INFO]: [QUERY] SELECT "private"."orders"."id", "private"."orders"."amount", "private"."orders"."status", "private"."orders"."createdAt", "private"."orders"."updatedAt", "private"."orders"."userId" FROM "private"."orders" WHERE "private"."orders"."userId" IN ($1) OFFSET $2 -- params: [2,0] -- duration: 4ms
2025-09-30 09:28:45 [INFO]: [QUERY] SELECT "private"."categories"."id", "private"."categories"."name", "private"."categories"."description" FROM "private"."categories" WHERE ("private"."categories"."id" = $1 AND 1=1) LIMIT $2 OFFSET $3 -- params: [2,1,0] -- duration: 1ms
2025-09-30 09:28:45 [INFO]: [QUERY] INSERT INTO "private"."products" ("name","description","price","stock","status","createdAt","updatedAt","categoryId") VALUES ($1,$2,$3,$4,$5,$6,$7,$8) RETURNING "private"."products"."id", "private"."products"."name", "private"."products"."description", "private"."products"."price", "private"."products"."stock", "private"."products"."status", "private"."products"."categoryId" -- params: ["Adobe ilustrator","product name description","100000",20,1,"2025-09-30 02:28:45.876 UTC","2025-09-30 02:28:45.876 UTC",2] -- duration: 17ms
2025-09-30 09:31:03 [INFO]: [INFO] Starting a postgresql pool with 5 connections.
2025-09-30 09:31:03 [INFO]: [QUERY] SELECT "private"."users"."id", "private"."users"."fullname", "private"."users"."email", "private"."users"."role", "private"."users"."status" FROM "private"."users" WHERE ("private"."users"."id" = $1 AND 1=1) LIMIT $2 OFFSET $3 -- params: [2,1,0] -- duration: 6ms
2025-09-30 09:31:03 [INFO]: [QUERY] SELECT "private"."contacts"."id", "private"."contacts"."contact", "private"."contacts"."description", "private"."contacts"."createdAt", "private"."contacts"."updatedAt", "private"."contacts"."userId" FROM "private"."contacts" WHERE "private"."contacts"."userId" IN ($1) OFFSET $2 -- params: [2,0] -- duration: 2ms
2025-09-30 09:31:03 [INFO]: [QUERY] SELECT "private"."testimonials"."id", "private"."testimonials"."content", "private"."testimonials"."rating", "private"."testimonials"."createdAt", "private"."testimonials"."updatedAt", "private"."testimonials"."userId" FROM "private"."testimonials" WHERE "private"."testimonials"."userId" IN ($1) OFFSET $2 -- params: [2,0] -- duration: 4ms
2025-09-30 09:31:03 [INFO]: [QUERY] SELECT "private"."orders"."id", "private"."orders"."amount", "private"."orders"."status", "private"."orders"."createdAt", "private"."orders"."updatedAt", "private"."orders"."userId" FROM "private"."orders" WHERE "private"."orders"."userId" IN ($1) OFFSET $2 -- params: [2,0] -- duration: 1ms
2025-09-30 09:31:03 [INFO]: [QUERY] SELECT "private"."categories"."id", "private"."categories"."name", "private"."categories"."description" FROM "private"."categories" WHERE ("private"."categories"."id" = $1 AND 1=1) LIMIT $2 OFFSET $3 -- params: [2,1,0] -- duration: 5ms
2025-09-30 09:31:03 [INFO]: [QUERY] INSERT INTO "private"."products" ("name","description","price","stock","status","createdAt","updatedAt","categoryId") VALUES ($1,$2,$3,$4,$5,$6,$7,$8) RETURNING "private"."products"."id", "private"."products"."name", "private"."products"."description", "private"."products"."price", "private"."products"."stock", "private"."products"."status", "private"."products"."categoryId" -- params: ["Adobe ilustrator","product name description","100000",20,1,"2025-09-30 02:31:03.730 UTC","2025-09-30 02:31:03.730 UTC",2] -- duration: 92ms
2025-09-30 09:31:14 [INFO]: [QUERY] SELECT "private"."users"."id", "private"."users"."fullname", "private"."users"."email", "private"."users"."role", "private"."users"."status" FROM "private"."users" WHERE ("private"."users"."id" = $1 AND 1=1) LIMIT $2 OFFSET $3 -- params: [2,1,0] -- duration: 2ms
2025-09-30 09:31:14 [INFO]: [QUERY] SELECT "private"."contacts"."id", "private"."contacts"."contact", "private"."contacts"."description", "private"."contacts"."createdAt", "private"."contacts"."updatedAt", "private"."contacts"."userId" FROM "private"."contacts" WHERE "private"."contacts"."userId" IN ($1) OFFSET $2 -- params: [2,0] -- duration: 1ms
2025-09-30 09:31:14 [INFO]: [QUERY] SELECT "private"."testimonials"."id", "private"."testimonials"."content", "private"."testimonials"."rating", "private"."testimonials"."createdAt", "private"."testimonials"."updatedAt", "private"."testimonials"."userId" FROM "private"."testimonials" WHERE "private"."testimonials"."userId" IN ($1) OFFSET $2 -- params: [2,0] -- duration: 0ms
2025-09-30 09:31:14 [INFO]: [QUERY] SELECT "private"."orders"."id", "private"."orders"."amount", "private"."orders"."status", "private"."orders"."createdAt", "private"."orders"."updatedAt", "private"."orders"."userId" FROM "private"."orders" WHERE "private"."orders"."userId" IN ($1) OFFSET $2 -- params: [2,0] -- duration: 0ms
2025-09-30 09:31:14 [INFO]: [QUERY] SELECT "private"."categories"."id", "private"."categories"."name", "private"."categories"."description" FROM "private"."categories" WHERE ("private"."categories"."id" = $1 AND 1=1) LIMIT $2 OFFSET $3 -- params: [2,1,0] -- duration: 2ms
2025-09-30 09:32:44 [INFO]: [INFO] Starting a postgresql pool with 5 connections.
2025-09-30 09:32:44 [INFO]: [QUERY] SELECT "private"."users"."id", "private"."users"."fullname", "private"."users"."email", "private"."users"."role", "private"."users"."status" FROM "private"."users" WHERE ("private"."users"."id" = $1 AND 1=1) LIMIT $2 OFFSET $3 -- params: [2,1,0] -- duration: 5ms
2025-09-30 09:32:44 [INFO]: [QUERY] SELECT "private"."contacts"."id", "private"."contacts"."contact", "private"."contacts"."description", "private"."contacts"."createdAt", "private"."contacts"."updatedAt", "private"."contacts"."userId" FROM "private"."contacts" WHERE "private"."contacts"."userId" IN ($1) OFFSET $2 -- params: [2,0] -- duration: 4ms
2025-09-30 09:32:44 [INFO]: [QUERY] SELECT "private"."testimonials"."id", "private"."testimonials"."content", "private"."testimonials"."rating", "private"."testimonials"."createdAt", "private"."testimonials"."updatedAt", "private"."testimonials"."userId" FROM "private"."testimonials" WHERE "private"."testimonials"."userId" IN ($1) OFFSET $2 -- params: [2,0] -- duration: 1ms
2025-09-30 09:32:44 [INFO]: [QUERY] SELECT "private"."orders"."id", "private"."orders"."amount", "private"."orders"."status", "private"."orders"."createdAt", "private"."orders"."updatedAt", "private"."orders"."userId" FROM "private"."orders" WHERE "private"."orders"."userId" IN ($1) OFFSET $2 -- params: [2,0] -- duration: 1ms
2025-09-30 09:32:44 [INFO]: [QUERY] SELECT "private"."categories"."id", "private"."categories"."name", "private"."categories"."description" FROM "private"."categories" WHERE ("private"."categories"."id" = $1 AND 1=1) LIMIT $2 OFFSET $3 -- params: [2,1,0] -- duration: 1ms
2025-09-30 09:32:44 [INFO]: [QUERY] INSERT INTO "private"."products" ("name","description","price","stock","status","createdAt","updatedAt","categoryId") VALUES ($1,$2,$3,$4,$5,$6,$7,$8) RETURNING "private"."products"."id", "private"."products"."name", "private"."products"."description", "private"."products"."price", "private"."products"."stock", "private"."products"."status", "private"."products"."categoryId" -- params: ["Adobe ilustrator","product name description","100000",20,1,"2025-09-30 02:32:44.493 UTC","2025-09-30 02:32:44.493 UTC",2] -- duration: 22ms
2025-09-30 09:32:44 [ERROR]: [ERROR] 
Invalid `prisma.attachment.create()` invocation:

{
  data: {
+   fileName: String
  },
  select: {
    id: true,
    fileName: true,
    fileType: true,
    filePath: true,
    fileSize: true,
    attachmentAbleId: true,
    attachmentAbleType: true
  }
}

Argument `fileName` is missing.
2025-09-30 09:33:19 [INFO]: [QUERY] SELECT 1 -- params: [] -- duration: 0ms
2025-09-30 09:33:19 [INFO]: [QUERY] SELECT "private"."users"."id", "private"."users"."fullname", "private"."users"."email", "private"."users"."role", "private"."users"."status" FROM "private"."users" WHERE ("private"."users"."id" = $1 AND 1=1) LIMIT $2 OFFSET $3 -- params: [2,1,0] -- duration: 1ms
2025-09-30 09:33:19 [INFO]: [QUERY] SELECT "private"."contacts"."id", "private"."contacts"."contact", "private"."contacts"."description", "private"."contacts"."createdAt", "private"."contacts"."updatedAt", "private"."contacts"."userId" FROM "private"."contacts" WHERE "private"."contacts"."userId" IN ($1) OFFSET $2 -- params: [2,0] -- duration: 1ms
2025-09-30 09:33:19 [INFO]: [QUERY] SELECT "private"."testimonials"."id", "private"."testimonials"."content", "private"."testimonials"."rating", "private"."testimonials"."createdAt", "private"."testimonials"."updatedAt", "private"."testimonials"."userId" FROM "private"."testimonials" WHERE "private"."testimonials"."userId" IN ($1) OFFSET $2 -- params: [2,0] -- duration: 0ms
2025-09-30 09:33:19 [INFO]: [QUERY] SELECT "private"."orders"."id", "private"."orders"."amount", "private"."orders"."status", "private"."orders"."createdAt", "private"."orders"."updatedAt", "private"."orders"."userId" FROM "private"."orders" WHERE "private"."orders"."userId" IN ($1) OFFSET $2 -- params: [2,0] -- duration: 0ms
2025-09-30 09:33:20 [INFO]: [QUERY] SELECT "private"."users"."id", "private"."users"."fullname", "private"."users"."email", "private"."users"."password", "private"."users"."role", "private"."users"."status" FROM "private"."users" WHERE ("private"."users"."email" = $1 AND 1=1) LIMIT $2 OFFSET $3 -- params: ["staff2@example.com",1,0] -- duration: 2ms
2025-09-30 09:33:20 [INFO]: [QUERY] SELECT "private"."contacts"."id", "private"."contacts"."contact", "private"."contacts"."description", "private"."contacts"."createdAt", "private"."contacts"."updatedAt", "private"."contacts"."userId" FROM "private"."contacts" WHERE "private"."contacts"."userId" IN ($1) OFFSET $2 -- params: [26,0] -- duration: 0ms
2025-09-30 09:33:20 [INFO]: [QUERY] SELECT "private"."testimonials"."id", "private"."testimonials"."content", "private"."testimonials"."rating", "private"."testimonials"."createdAt", "private"."testimonials"."updatedAt", "private"."testimonials"."userId" FROM "private"."testimonials" WHERE "private"."testimonials"."userId" IN ($1) OFFSET $2 -- params: [26,0] -- duration: 0ms
2025-09-30 09:33:20 [INFO]: [QUERY] SELECT "private"."orders"."id", "private"."orders"."amount", "private"."orders"."status", "private"."orders"."createdAt", "private"."orders"."updatedAt", "private"."orders"."userId" FROM "private"."orders" WHERE "private"."orders"."userId" IN ($1) OFFSET $2 -- params: [26,0] -- duration: 0ms
2025-09-30 09:33:45 [INFO]: [QUERY] SELECT 1 -- params: [] -- duration: 0ms
2025-09-30 09:33:45 [INFO]: [QUERY] SELECT "private"."users"."id", "private"."users"."fullname", "private"."users"."email", "private"."users"."role", "private"."users"."status" FROM "private"."users" WHERE ("private"."users"."id" = $1 AND 1=1) LIMIT $2 OFFSET $3 -- params: [2,1,0] -- duration: 1ms
2025-09-30 09:33:45 [INFO]: [QUERY] SELECT "private"."contacts"."id", "private"."contacts"."contact", "private"."contacts"."description", "private"."contacts"."createdAt", "private"."contacts"."updatedAt", "private"."contacts"."userId" FROM "private"."contacts" WHERE "private"."contacts"."userId" IN ($1) OFFSET $2 -- params: [2,0] -- duration: 1ms
2025-09-30 09:33:45 [INFO]: [QUERY] SELECT "private"."testimonials"."id", "private"."testimonials"."content", "private"."testimonials"."rating", "private"."testimonials"."createdAt", "private"."testimonials"."updatedAt", "private"."testimonials"."userId" FROM "private"."testimonials" WHERE "private"."testimonials"."userId" IN ($1) OFFSET $2 -- params: [2,0] -- duration: 3ms
2025-09-30 09:33:45 [INFO]: [QUERY] SELECT "private"."orders"."id", "private"."orders"."amount", "private"."orders"."status", "private"."orders"."createdAt", "private"."orders"."updatedAt", "private"."orders"."userId" FROM "private"."orders" WHERE "private"."orders"."userId" IN ($1) OFFSET $2 -- params: [2,0] -- duration: 2ms
2025-09-30 09:33:45 [INFO]: [QUERY] SELECT "private"."users"."id", "private"."users"."fullname", "private"."users"."email", "private"."users"."password", "private"."users"."role", "private"."users"."status" FROM "private"."users" WHERE ("private"."users"."email" = $1 AND 1=1) LIMIT $2 OFFSET $3 -- params: ["staff3@example.com",1,0] -- duration: 0ms
2025-09-30 09:33:46 [INFO]: [QUERY] BEGIN -- params: [] -- duration: 0ms
2025-09-30 09:33:46 [INFO]: [QUERY] INSERT INTO "private"."users" ("fullname","email","password","role","status","createdAt","updatedAt") VALUES ($1,$2,$3,$4,$5,$6,$7) RETURNING "private"."users"."id" -- params: ["staff 3","staff3@example.com","$2b$10$KrlwX5qyzweHBndLlKKQgeW0alODjOoJ3ebsvkIuiajr9RDElp6D6",2,1,"2025-09-30 02:33:46.187 UTC","2025-09-30 02:33:46.187 UTC"] -- duration: 37ms
2025-09-30 09:33:46 [INFO]: [QUERY] SELECT "private"."users"."id", "private"."users"."fullname", "private"."users"."email", "private"."users"."role", "private"."users"."status" FROM "private"."users" WHERE "private"."users"."id" = $1 LIMIT $2 OFFSET $3 -- params: [27,1,0] -- duration: 2ms
2025-09-30 09:33:46 [INFO]: [QUERY] SELECT "private"."contacts"."id", "private"."contacts"."contact", "private"."contacts"."description", "private"."contacts"."createdAt", "private"."contacts"."updatedAt", "private"."contacts"."userId" FROM "private"."contacts" WHERE "private"."contacts"."userId" IN ($1) OFFSET $2 -- params: [27,0] -- duration: 1ms
2025-09-30 09:33:46 [INFO]: [QUERY] SELECT "private"."testimonials"."id", "private"."testimonials"."content", "private"."testimonials"."rating", "private"."testimonials"."createdAt", "private"."testimonials"."updatedAt", "private"."testimonials"."userId" FROM "private"."testimonials" WHERE "private"."testimonials"."userId" IN ($1) OFFSET $2 -- params: [27,0] -- duration: 1ms
2025-09-30 09:33:46 [INFO]: [QUERY] SELECT "private"."orders"."id", "private"."orders"."amount", "private"."orders"."status", "private"."orders"."createdAt", "private"."orders"."updatedAt", "private"."orders"."userId" FROM "private"."orders" WHERE "private"."orders"."userId" IN ($1) OFFSET $2 -- params: [27,0] -- duration: 2ms
2025-09-30 09:33:46 [INFO]: [QUERY] COMMIT -- params: [] -- duration: 20ms
2025-09-30 09:33:46 [INFO]: [QUERY] INSERT INTO "private"."attachment" ("fileName","fileType","filePath","fileSize","attachmentAbleId","attachmentAbleType","createdAt","updatedAt") VALUES ($1,$2,$3,$4,$5,$6,$7,$8) RETURNING "private"."attachment"."id", "private"."attachment"."fileName", "private"."attachment"."fileType", "private"."attachment"."filePath", "private"."attachment"."fileSize", "private"."attachment"."attachmentAbleId", "private"."attachment"."attachmentAbleType" -- params: ["foto-hadi.jpeg","image/jpeg","/home/hadi-rachmat-s/Documents/Project/finework/app-finework-backend/uploads/1759199625852-542635507-foto-hadi.jpeg",2011107,27,"user","2025-09-30 02:33:46.258 UTC","2025-09-30 02:33:46.258 UTC"] -- duration: 49ms
2025-09-30 10:19:23 [INFO]: [INFO] Starting a postgresql pool with 5 connections.
2025-09-30 10:19:23 [INFO]: [QUERY] SELECT "private"."users"."id", "private"."users"."fullname", "private"."users"."email", "private"."users"."password", "private"."users"."role", "private"."users"."status" FROM "private"."users" WHERE ("private"."users"."email" = $1 AND 1=1) LIMIT $2 OFFSET $3 -- params: ["admin@gmail.com",1,0] -- duration: 8ms
2025-09-30 10:19:23 [INFO]: [QUERY] SELECT "private"."contacts"."id", "private"."contacts"."contact", "private"."contacts"."description", "private"."contacts"."createdAt", "private"."contacts"."updatedAt", "private"."contacts"."userId" FROM "private"."contacts" WHERE "private"."contacts"."userId" IN ($1) OFFSET $2 -- params: [2,0] -- duration: 1ms
2025-09-30 10:19:23 [INFO]: [QUERY] SELECT "private"."testimonials"."id", "private"."testimonials"."content", "private"."testimonials"."rating", "private"."testimonials"."createdAt", "private"."testimonials"."updatedAt", "private"."testimonials"."userId" FROM "private"."testimonials" WHERE "private"."testimonials"."userId" IN ($1) OFFSET $2 -- params: [2,0] -- duration: 6ms
2025-09-30 10:19:23 [INFO]: [QUERY] SELECT "private"."orders"."id", "private"."orders"."amount", "private"."orders"."status", "private"."orders"."createdAt", "private"."orders"."updatedAt", "private"."orders"."userId" FROM "private"."orders" WHERE "private"."orders"."userId" IN ($1) OFFSET $2 -- params: [2,0] -- duration: 3ms
2025-09-30 10:19:30 [INFO]: [QUERY] SELECT "private"."users"."id", "private"."users"."fullname", "private"."users"."email", "private"."users"."role", "private"."users"."status" FROM "private"."users" WHERE ("private"."users"."id" = $1 AND 1=1) LIMIT $2 OFFSET $3 -- params: [2,1,0] -- duration: 1ms
2025-09-30 10:19:30 [INFO]: [QUERY] SELECT "private"."contacts"."id", "private"."contacts"."contact", "private"."contacts"."description", "private"."contacts"."createdAt", "private"."contacts"."updatedAt", "private"."contacts"."userId" FROM "private"."contacts" WHERE "private"."contacts"."userId" IN ($1) OFFSET $2 -- params: [2,0] -- duration: 0ms
2025-09-30 10:19:30 [INFO]: [QUERY] SELECT "private"."testimonials"."id", "private"."testimonials"."content", "private"."testimonials"."rating", "private"."testimonials"."createdAt", "private"."testimonials"."updatedAt", "private"."testimonials"."userId" FROM "private"."testimonials" WHERE "private"."testimonials"."userId" IN ($1) OFFSET $2 -- params: [2,0] -- duration: 0ms
2025-09-30 10:19:30 [INFO]: [QUERY] SELECT "private"."orders"."id", "private"."orders"."amount", "private"."orders"."status", "private"."orders"."createdAt", "private"."orders"."updatedAt", "private"."orders"."userId" FROM "private"."orders" WHERE "private"."orders"."userId" IN ($1) OFFSET $2 -- params: [2,0] -- duration: 0ms
2025-09-30 10:19:30 [INFO]: [QUERY] SELECT "private"."categories"."id", "private"."categories"."name", "private"."categories"."description" FROM "private"."categories" WHERE ("private"."categories"."id" = $1 AND 1=1) LIMIT $2 OFFSET $3 -- params: [2,1,0] -- duration: 2ms
2025-09-30 10:19:30 [INFO]: [QUERY] INSERT INTO "private"."products" ("name","description","price","stock","status","createdAt","updatedAt","categoryId") VALUES ($1,$2,$3,$4,$5,$6,$7,$8) RETURNING "private"."products"."id", "private"."products"."name", "private"."products"."description", "private"."products"."price", "private"."products"."stock", "private"."products"."status", "private"."products"."categoryId" -- params: ["Adobe ilustrator","product name description","100000",20,1,"2025-09-30 03:19:30.335 UTC","2025-09-30 03:19:30.335 UTC",2] -- duration: 59ms
2025-09-30 10:19:30 [INFO]: [QUERY] INSERT INTO "private"."attachment" ("fileName","fileType","filePath","fileSize","attachmentAbleId","attachmentAbleType","createdAt","updatedAt") VALUES ($1,$2,$3,$4,$5,$6,$7,$8) RETURNING "private"."attachment"."id", "private"."attachment"."fileName", "private"."attachment"."fileType", "private"."attachment"."filePath", "private"."attachment"."fileSize", "private"."attachment"."attachmentAbleId", "private"."attachment"."attachmentAbleType" -- params: ["typescript.png","image/png","/home/hadi-rachmat-s/Documents/Project/finework/app-finework-backend/uploads/1759202370301-200982379-typescript.png",186561,20,"product","2025-09-30 03:19:30.407 UTC","2025-09-30 03:19:30.407 UTC"] -- duration: 14ms
2025-09-30 10:19:30 [INFO]: [QUERY] INSERT INTO "private"."attachment" ("fileName","fileType","filePath","fileSize","attachmentAbleId","attachmentAbleType","createdAt","updatedAt") VALUES ($1,$2,$3,$4,$5,$6,$7,$8) RETURNING "private"."attachment"."id", "private"."attachment"."fileName", "private"."attachment"."fileType", "private"."attachment"."filePath", "private"."attachment"."fileSize", "private"."attachment"."attachmentAbleId", "private"."attachment"."attachmentAbleType" -- params: ["javascript.png","image/png","/home/hadi-rachmat-s/Documents/Project/finework/app-finework-backend/uploads/1759202370307-149668827-javascript.png",159935,20,"product","2025-09-30 03:19:30.424 UTC","2025-09-30 03:19:30.424 UTC"] -- duration: 7ms
2025-09-30 12:04:29 [INFO]: [INFO] Starting a postgresql pool with 5 connections.
2025-09-30 12:04:29 [INFO]: [QUERY] SELECT "private"."users"."id", "private"."users"."fullname", "private"."users"."email", "private"."users"."password", "private"."users"."role", "private"."users"."status" FROM "private"."users" WHERE ("private"."users"."email" = $1 AND 1=1) LIMIT $2 OFFSET $3 -- params: ["admin@gmail.com",1,0] -- duration: 2ms
2025-09-30 12:04:29 [INFO]: [QUERY] SELECT "private"."contacts"."id", "private"."contacts"."contact", "private"."contacts"."description", "private"."contacts"."createdAt", "private"."contacts"."updatedAt", "private"."contacts"."userId" FROM "private"."contacts" WHERE "private"."contacts"."userId" IN ($1) OFFSET $2 -- params: [2,0] -- duration: 1ms
2025-09-30 12:04:29 [INFO]: [QUERY] SELECT "private"."testimonials"."id", "private"."testimonials"."content", "private"."testimonials"."rating", "private"."testimonials"."createdAt", "private"."testimonials"."updatedAt", "private"."testimonials"."userId" FROM "private"."testimonials" WHERE "private"."testimonials"."userId" IN ($1) OFFSET $2 -- params: [2,0] -- duration: 1ms
2025-09-30 12:04:29 [INFO]: [QUERY] SELECT "private"."orders"."id", "private"."orders"."amount", "private"."orders"."status", "private"."orders"."createdAt", "private"."orders"."updatedAt", "private"."orders"."userId" FROM "private"."orders" WHERE "private"."orders"."userId" IN ($1) OFFSET $2 -- params: [2,0] -- duration: 4ms
2025-09-30 12:04:53 [INFO]: [QUERY] SELECT 1 -- params: [] -- duration: 0ms
2025-09-30 12:04:53 [INFO]: [QUERY] SELECT "private"."users"."id", "private"."users"."fullname", "private"."users"."email", "private"."users"."role", "private"."users"."status" FROM "private"."users" WHERE ("private"."users"."id" = $1 AND 1=1) LIMIT $2 OFFSET $3 -- params: [2,1,0] -- duration: 1ms
2025-09-30 12:04:53 [INFO]: [QUERY] SELECT "private"."contacts"."id", "private"."contacts"."contact", "private"."contacts"."description", "private"."contacts"."createdAt", "private"."contacts"."updatedAt", "private"."contacts"."userId" FROM "private"."contacts" WHERE "private"."contacts"."userId" IN ($1) OFFSET $2 -- params: [2,0] -- duration: 0ms
2025-09-30 12:04:53 [INFO]: [QUERY] SELECT "private"."testimonials"."id", "private"."testimonials"."content", "private"."testimonials"."rating", "private"."testimonials"."createdAt", "private"."testimonials"."updatedAt", "private"."testimonials"."userId" FROM "private"."testimonials" WHERE "private"."testimonials"."userId" IN ($1) OFFSET $2 -- params: [2,0] -- duration: 0ms
2025-09-30 12:04:53 [INFO]: [QUERY] SELECT "private"."orders"."id", "private"."orders"."amount", "private"."orders"."status", "private"."orders"."createdAt", "private"."orders"."updatedAt", "private"."orders"."userId" FROM "private"."orders" WHERE "private"."orders"."userId" IN ($1) OFFSET $2 -- params: [2,0] -- duration: 1ms
2025-09-30 12:04:53 [INFO]: [QUERY] SELECT "private"."products"."id", "private"."products"."name", "private"."products"."description", "private"."products"."price", "private"."products"."stock", "private"."products"."status", "private"."products"."categoryId" FROM "private"."products" WHERE 1=1 OFFSET $1 -- params: [0] -- duration: 1ms
2025-09-30 12:04:53 [INFO]: [QUERY] SELECT "private"."attachment"."id", "private"."attachment"."fileName", "private"."attachment"."fileType", "private"."attachment"."filePath", "private"."attachment"."fileSize", "private"."attachment"."attachmentAbleId", "private"."attachment"."attachmentAbleType" FROM "private"."attachment" WHERE ("private"."attachment"."attachmentAbleId" = $1 AND "private"."attachment"."attachmentAbleType" = $2) LIMIT $3 OFFSET $4 -- params: [1,"product",1,0] -- duration: 1ms
2025-09-30 12:04:53 [INFO]: [QUERY] SELECT "private"."attachment"."id", "private"."attachment"."fileName", "private"."attachment"."fileType", "private"."attachment"."filePath", "private"."attachment"."fileSize", "private"."attachment"."attachmentAbleId", "private"."attachment"."attachmentAbleType" FROM "private"."attachment" WHERE ("private"."attachment"."attachmentAbleId" = $1 AND "private"."attachment"."attachmentAbleType" = $2) LIMIT $3 OFFSET $4 -- params: [2,"product",1,0] -- duration: 0ms
2025-09-30 12:04:53 [INFO]: [QUERY] SELECT "private"."attachment"."id", "private"."attachment"."fileName", "private"."attachment"."fileType", "private"."attachment"."filePath", "private"."attachment"."fileSize", "private"."attachment"."attachmentAbleId", "private"."attachment"."attachmentAbleType" FROM "private"."attachment" WHERE ("private"."attachment"."attachmentAbleId" = $1 AND "private"."attachment"."attachmentAbleType" = $2) LIMIT $3 OFFSET $4 -- params: [4,"product",1,0] -- duration: 0ms
2025-09-30 12:04:53 [INFO]: [QUERY] SELECT "private"."attachment"."id", "private"."attachment"."fileName", "private"."attachment"."fileType", "private"."attachment"."filePath", "private"."attachment"."fileSize", "private"."attachment"."attachmentAbleId", "private"."attachment"."attachmentAbleType" FROM "private"."attachment" WHERE ("private"."attachment"."attachmentAbleId" = $1 AND "private"."attachment"."attachmentAbleType" = $2) LIMIT $3 OFFSET $4 -- params: [5,"product",1,0] -- duration: 0ms
2025-09-30 12:04:53 [INFO]: [QUERY] SELECT "private"."attachment"."id", "private"."attachment"."fileName", "private"."attachment"."fileType", "private"."attachment"."filePath", "private"."attachment"."fileSize", "private"."attachment"."attachmentAbleId", "private"."attachment"."attachmentAbleType" FROM "private"."attachment" WHERE ("private"."attachment"."attachmentAbleId" = $1 AND "private"."attachment"."attachmentAbleType" = $2) LIMIT $3 OFFSET $4 -- params: [6,"product",1,0] -- duration: 0ms
2025-09-30 12:04:53 [INFO]: [QUERY] SELECT "private"."attachment"."id", "private"."attachment"."fileName", "private"."attachment"."fileType", "private"."attachment"."filePath", "private"."attachment"."fileSize", "private"."attachment"."attachmentAbleId", "private"."attachment"."attachmentAbleType" FROM "private"."attachment" WHERE ("private"."attachment"."attachmentAbleId" = $1 AND "private"."attachment"."attachmentAbleType" = $2) LIMIT $3 OFFSET $4 -- params: [7,"product",1,0] -- duration: 0ms
2025-09-30 12:04:53 [INFO]: [QUERY] SELECT "private"."attachment"."id", "private"."attachment"."fileName", "private"."attachment"."fileType", "private"."attachment"."filePath", "private"."attachment"."fileSize", "private"."attachment"."attachmentAbleId", "private"."attachment"."attachmentAbleType" FROM "private"."attachment" WHERE ("private"."attachment"."attachmentAbleId" = $1 AND "private"."attachment"."attachmentAbleType" = $2) LIMIT $3 OFFSET $4 -- params: [8,"product",1,0] -- duration: 0ms
2025-09-30 12:04:53 [INFO]: [QUERY] SELECT "private"."attachment"."id", "private"."attachment"."fileName", "private"."attachment"."fileType", "private"."attachment"."filePath", "private"."attachment"."fileSize", "private"."attachment"."attachmentAbleId", "private"."attachment"."attachmentAbleType" FROM "private"."attachment" WHERE ("private"."attachment"."attachmentAbleId" = $1 AND "private"."attachment"."attachmentAbleType" = $2) LIMIT $3 OFFSET $4 -- params: [9,"product",1,0] -- duration: 3ms
2025-09-30 12:04:53 [INFO]: [QUERY] SELECT "private"."attachment"."id", "private"."attachment"."fileName", "private"."attachment"."fileType", "private"."attachment"."filePath", "private"."attachment"."fileSize", "private"."attachment"."attachmentAbleId", "private"."attachment"."attachmentAbleType" FROM "private"."attachment" WHERE ("private"."attachment"."attachmentAbleId" = $1 AND "private"."attachment"."attachmentAbleType" = $2) LIMIT $3 OFFSET $4 -- params: [10,"product",1,0] -- duration: 0ms
2025-09-30 12:04:53 [INFO]: [QUERY] SELECT "private"."attachment"."id", "private"."attachment"."fileName", "private"."attachment"."fileType", "private"."attachment"."filePath", "private"."attachment"."fileSize", "private"."attachment"."attachmentAbleId", "private"."attachment"."attachmentAbleType" FROM "private"."attachment" WHERE ("private"."attachment"."attachmentAbleId" = $1 AND "private"."attachment"."attachmentAbleType" = $2) LIMIT $3 OFFSET $4 -- params: [11,"product",1,0] -- duration: 0ms
2025-09-30 12:04:53 [INFO]: [QUERY] SELECT "private"."attachment"."id", "private"."attachment"."fileName", "private"."attachment"."fileType", "private"."attachment"."filePath", "private"."attachment"."fileSize", "private"."attachment"."attachmentAbleId", "private"."attachment"."attachmentAbleType" FROM "private"."attachment" WHERE ("private"."attachment"."attachmentAbleId" = $1 AND "private"."attachment"."attachmentAbleType" = $2) LIMIT $3 OFFSET $4 -- params: [12,"product",1,0] -- duration: 0ms
2025-09-30 12:04:53 [INFO]: [QUERY] SELECT "private"."attachment"."id", "private"."attachment"."fileName", "private"."attachment"."fileType", "private"."attachment"."filePath", "private"."attachment"."fileSize", "private"."attachment"."attachmentAbleId", "private"."attachment"."attachmentAbleType" FROM "private"."attachment" WHERE ("private"."attachment"."attachmentAbleId" = $1 AND "private"."attachment"."attachmentAbleType" = $2) LIMIT $3 OFFSET $4 -- params: [13,"product",1,0] -- duration: 1ms
2025-09-30 12:04:53 [INFO]: [QUERY] SELECT "private"."attachment"."id", "private"."attachment"."fileName", "private"."attachment"."fileType", "private"."attachment"."filePath", "private"."attachment"."fileSize", "private"."attachment"."attachmentAbleId", "private"."attachment"."attachmentAbleType" FROM "private"."attachment" WHERE ("private"."attachment"."attachmentAbleId" = $1 AND "private"."attachment"."attachmentAbleType" = $2) LIMIT $3 OFFSET $4 -- params: [14,"product",1,0] -- duration: 0ms
2025-09-30 12:04:53 [INFO]: [QUERY] SELECT "private"."attachment"."id", "private"."attachment"."fileName", "private"."attachment"."fileType", "private"."attachment"."filePath", "private"."attachment"."fileSize", "private"."attachment"."attachmentAbleId", "private"."attachment"."attachmentAbleType" FROM "private"."attachment" WHERE ("private"."attachment"."attachmentAbleId" = $1 AND "private"."attachment"."attachmentAbleType" = $2) LIMIT $3 OFFSET $4 -- params: [15,"product",1,0] -- duration: 1ms
2025-09-30 12:04:53 [INFO]: [QUERY] SELECT "private"."attachment"."id", "private"."attachment"."fileName", "private"."attachment"."fileType", "private"."attachment"."filePath", "private"."attachment"."fileSize", "private"."attachment"."attachmentAbleId", "private"."attachment"."attachmentAbleType" FROM "private"."attachment" WHERE ("private"."attachment"."attachmentAbleId" = $1 AND "private"."attachment"."attachmentAbleType" = $2) LIMIT $3 OFFSET $4 -- params: [16,"product",1,0] -- duration: 0ms
2025-09-30 12:04:53 [INFO]: [QUERY] SELECT "private"."attachment"."id", "private"."attachment"."fileName", "private"."attachment"."fileType", "private"."attachment"."filePath", "private"."attachment"."fileSize", "private"."attachment"."attachmentAbleId", "private"."attachment"."attachmentAbleType" FROM "private"."attachment" WHERE ("private"."attachment"."attachmentAbleId" = $1 AND "private"."attachment"."attachmentAbleType" = $2) LIMIT $3 OFFSET $4 -- params: [17,"product",1,0] -- duration: 4ms
2025-09-30 12:04:53 [INFO]: [QUERY] SELECT "private"."attachment"."id", "private"."attachment"."fileName", "private"."attachment"."fileType", "private"."attachment"."filePath", "private"."attachment"."fileSize", "private"."attachment"."attachmentAbleId", "private"."attachment"."attachmentAbleType" FROM "private"."attachment" WHERE ("private"."attachment"."attachmentAbleId" = $1 AND "private"."attachment"."attachmentAbleType" = $2) LIMIT $3 OFFSET $4 -- params: [18,"product",1,0] -- duration: 6ms
2025-09-30 12:04:53 [INFO]: [QUERY] SELECT "private"."attachment"."id", "private"."attachment"."fileName", "private"."attachment"."fileType", "private"."attachment"."filePath", "private"."attachment"."fileSize", "private"."attachment"."attachmentAbleId", "private"."attachment"."attachmentAbleType" FROM "private"."attachment" WHERE ("private"."attachment"."attachmentAbleId" = $1 AND "private"."attachment"."attachmentAbleType" = $2) LIMIT $3 OFFSET $4 -- params: [19,"product",1,0] -- duration: 0ms
2025-09-30 12:04:53 [INFO]: [QUERY] SELECT "private"."attachment"."id", "private"."attachment"."fileName", "private"."attachment"."fileType", "private"."attachment"."filePath", "private"."attachment"."fileSize", "private"."attachment"."attachmentAbleId", "private"."attachment"."attachmentAbleType" FROM "private"."attachment" WHERE ("private"."attachment"."attachmentAbleId" = $1 AND "private"."attachment"."attachmentAbleType" = $2) LIMIT $3 OFFSET $4 -- params: [20,"product",1,0] -- duration: 0ms
2025-09-30 12:05:59 [INFO]: [QUERY] SELECT 1 -- params: [] -- duration: 0ms
2025-09-30 12:05:59 [INFO]: [QUERY] SELECT "private"."users"."id", "private"."users"."fullname", "private"."users"."email", "private"."users"."role", "private"."users"."status" FROM "private"."users" WHERE ("private"."users"."id" = $1 AND 1=1) LIMIT $2 OFFSET $3 -- params: [2,1,0] -- duration: 1ms
2025-09-30 12:05:59 [INFO]: [QUERY] SELECT "private"."contacts"."id", "private"."contacts"."contact", "private"."contacts"."description", "private"."contacts"."createdAt", "private"."contacts"."updatedAt", "private"."contacts"."userId" FROM "private"."contacts" WHERE "private"."contacts"."userId" IN ($1) OFFSET $2 -- params: [2,0] -- duration: 0ms
2025-09-30 12:05:59 [INFO]: [QUERY] SELECT "private"."testimonials"."id", "private"."testimonials"."content", "private"."testimonials"."rating", "private"."testimonials"."createdAt", "private"."testimonials"."updatedAt", "private"."testimonials"."userId" FROM "private"."testimonials" WHERE "private"."testimonials"."userId" IN ($1) OFFSET $2 -- params: [2,0] -- duration: 0ms
2025-09-30 12:05:59 [INFO]: [QUERY] SELECT "private"."orders"."id", "private"."orders"."amount", "private"."orders"."status", "private"."orders"."createdAt", "private"."orders"."updatedAt", "private"."orders"."userId" FROM "private"."orders" WHERE "private"."orders"."userId" IN ($1) OFFSET $2 -- params: [2,0] -- duration: 0ms
2025-09-30 12:05:59 [INFO]: [QUERY] SELECT "private"."categories"."id", "private"."categories"."name", "private"."categories"."description" FROM "private"."categories" WHERE ("private"."categories"."id" = $1 AND 1=1) LIMIT $2 OFFSET $3 -- params: [2,1,0] -- duration: 1ms
2025-09-30 12:05:59 [INFO]: [QUERY] INSERT INTO "private"."products" ("name","description","price","stock","status","createdAt","updatedAt","categoryId") VALUES ($1,$2,$3,$4,$5,$6,$7,$8) RETURNING "private"."products"."id", "private"."products"."name", "private"."products"."description", "private"."products"."price", "private"."products"."stock", "private"."products"."status", "private"."products"."categoryId" -- params: ["Adobe ilustrator","product name description","100000",20,1,"2025-09-30 05:05:59.930 UTC","2025-09-30 05:05:59.930 UTC",2] -- duration: 28ms
2025-09-30 12:05:59 [INFO]: [QUERY] INSERT INTO "private"."attachment" ("fileName","fileType","filePath","fileSize","attachmentAbleId","attachmentAbleType","createdAt","updatedAt") VALUES ($1,$2,$3,$4,$5,$6,$7,$8) RETURNING "private"."attachment"."id", "private"."attachment"."fileName", "private"."attachment"."fileType", "private"."attachment"."filePath", "private"."attachment"."fileSize", "private"."attachment"."attachmentAbleId", "private"."attachment"."attachmentAbleType" -- params: ["typescript.png","image/png","/home/hadi-rachmat-s/Documents/Project/finework/app-finework-backend/uploads/1759208759896-15410200-typescript.png",186561,21,"product","2025-09-30 05:05:59.962 UTC","2025-09-30 05:05:59.962 UTC"] -- duration: 8ms
2025-09-30 12:05:59 [INFO]: [QUERY] INSERT INTO "private"."attachment" ("fileName","fileType","filePath","fileSize","attachmentAbleId","attachmentAbleType","createdAt","updatedAt") VALUES ($1,$2,$3,$4,$5,$6,$7,$8) RETURNING "private"."attachment"."id", "private"."attachment"."fileName", "private"."attachment"."fileType", "private"."attachment"."filePath", "private"."attachment"."fileSize", "private"."attachment"."attachmentAbleId", "private"."attachment"."attachmentAbleType" -- params: ["javascript.png","image/png","/home/hadi-rachmat-s/Documents/Project/finework/app-finework-backend/uploads/1759208759904-855342716-javascript.png",159935,21,"product","2025-09-30 05:05:59.972 UTC","2025-09-30 05:05:59.972 UTC"] -- duration: 8ms
2025-09-30 12:06:22 [INFO]: [INFO] Starting a postgresql pool with 5 connections.
2025-09-30 12:06:22 [INFO]: [QUERY] SELECT "private"."users"."id", "private"."users"."fullname", "private"."users"."email", "private"."users"."role", "private"."users"."status" FROM "private"."users" WHERE ("private"."users"."id" = $1 AND 1=1) LIMIT $2 OFFSET $3 -- params: [2,1,0] -- duration: 2ms
2025-09-30 12:06:22 [INFO]: [QUERY] SELECT "private"."contacts"."id", "private"."contacts"."contact", "private"."contacts"."description", "private"."contacts"."createdAt", "private"."contacts"."updatedAt", "private"."contacts"."userId" FROM "private"."contacts" WHERE "private"."contacts"."userId" IN ($1) OFFSET $2 -- params: [2,0] -- duration: 2ms
2025-09-30 12:06:22 [INFO]: [QUERY] SELECT "private"."testimonials"."id", "private"."testimonials"."content", "private"."testimonials"."rating", "private"."testimonials"."createdAt", "private"."testimonials"."updatedAt", "private"."testimonials"."userId" FROM "private"."testimonials" WHERE "private"."testimonials"."userId" IN ($1) OFFSET $2 -- params: [2,0] -- duration: 2ms
2025-09-30 12:06:22 [INFO]: [QUERY] SELECT "private"."orders"."id", "private"."orders"."amount", "private"."orders"."status", "private"."orders"."createdAt", "private"."orders"."updatedAt", "private"."orders"."userId" FROM "private"."orders" WHERE "private"."orders"."userId" IN ($1) OFFSET $2 -- params: [2,0] -- duration: 2ms
2025-09-30 12:06:22 [INFO]: [QUERY] SELECT "private"."products"."id", "private"."products"."name", "private"."products"."description", "private"."products"."price", "private"."products"."stock", "private"."products"."status", "private"."products"."categoryId" FROM "private"."products" WHERE 1=1 OFFSET $1 -- params: [0] -- duration: 9ms
2025-09-30 12:06:22 [INFO]: [QUERY] SELECT "private"."attachment"."id", "private"."attachment"."fileName", "private"."attachment"."fileType", "private"."attachment"."filePath", "private"."attachment"."fileSize", "private"."attachment"."attachmentAbleId", "private"."attachment"."attachmentAbleType" FROM "private"."attachment" WHERE ("private"."attachment"."attachmentAbleId" = $1 AND "private"."attachment"."attachmentAbleType" = $2) LIMIT $3 OFFSET $4 -- params: [21,"product",1,0] -- duration: 5ms
2025-09-30 12:15:04 [INFO]: [INFO] Starting a postgresql pool with 5 connections.
2025-09-30 12:15:04 [INFO]: [QUERY] SELECT "private"."users"."id", "private"."users"."fullname", "private"."users"."email", "private"."users"."role", "private"."users"."status" FROM "private"."users" WHERE ("private"."users"."id" = $1 AND 1=1) LIMIT $2 OFFSET $3 -- params: [2,1,0] -- duration: 3ms
2025-09-30 12:15:04 [INFO]: [QUERY] SELECT "private"."contacts"."id", "private"."contacts"."contact", "private"."contacts"."description", "private"."contacts"."createdAt", "private"."contacts"."updatedAt", "private"."contacts"."userId" FROM "private"."contacts" WHERE "private"."contacts"."userId" IN ($1) OFFSET $2 -- params: [2,0] -- duration: 2ms
2025-09-30 12:15:04 [INFO]: [QUERY] SELECT "private"."testimonials"."id", "private"."testimonials"."content", "private"."testimonials"."rating", "private"."testimonials"."createdAt", "private"."testimonials"."updatedAt", "private"."testimonials"."userId" FROM "private"."testimonials" WHERE "private"."testimonials"."userId" IN ($1) OFFSET $2 -- params: [2,0] -- duration: 1ms
2025-09-30 12:15:04 [INFO]: [QUERY] SELECT "private"."orders"."id", "private"."orders"."amount", "private"."orders"."status", "private"."orders"."createdAt", "private"."orders"."updatedAt", "private"."orders"."userId" FROM "private"."orders" WHERE "private"."orders"."userId" IN ($1) OFFSET $2 -- params: [2,0] -- duration: 3ms
2025-09-30 12:15:04 [INFO]: [QUERY] SELECT "private"."products"."id", "private"."products"."name", "private"."products"."description", "private"."products"."price", "private"."products"."stock", "private"."products"."status", "private"."products"."categoryId" FROM "private"."products" WHERE 1=1 OFFSET $1 -- params: [0] -- duration: 3ms
2025-09-30 12:15:04 [INFO]: [QUERY] SELECT "private"."attachment"."id", "private"."attachment"."fileName", "private"."attachment"."fileType", "private"."attachment"."filePath", "private"."attachment"."fileSize", "private"."attachment"."attachmentAbleId", "private"."attachment"."attachmentAbleType" FROM "private"."attachment" WHERE ("private"."attachment"."attachmentAbleId" = $1 AND "private"."attachment"."attachmentAbleType" = $2) OFFSET $3 -- params: [21,"product",0] -- duration: 2ms
2025-09-30 12:16:35 [INFO]: [INFO] Starting a postgresql pool with 5 connections.
2025-09-30 12:16:35 [INFO]: [QUERY] SELECT "private"."users"."id", "private"."users"."fullname", "private"."users"."email", "private"."users"."role", "private"."users"."status" FROM "private"."users" WHERE ("private"."users"."id" = $1 AND 1=1) LIMIT $2 OFFSET $3 -- params: [2,1,0] -- duration: 2ms
2025-09-30 12:16:35 [INFO]: [QUERY] SELECT "private"."contacts"."id", "private"."contacts"."contact", "private"."contacts"."description", "private"."contacts"."createdAt", "private"."contacts"."updatedAt", "private"."contacts"."userId" FROM "private"."contacts" WHERE "private"."contacts"."userId" IN ($1) OFFSET $2 -- params: [2,0] -- duration: 3ms
2025-09-30 12:16:35 [INFO]: [QUERY] SELECT "private"."testimonials"."id", "private"."testimonials"."content", "private"."testimonials"."rating", "private"."testimonials"."createdAt", "private"."testimonials"."updatedAt", "private"."testimonials"."userId" FROM "private"."testimonials" WHERE "private"."testimonials"."userId" IN ($1) OFFSET $2 -- params: [2,0] -- duration: 4ms
2025-09-30 12:16:35 [INFO]: [QUERY] SELECT "private"."orders"."id", "private"."orders"."amount", "private"."orders"."status", "private"."orders"."createdAt", "private"."orders"."updatedAt", "private"."orders"."userId" FROM "private"."orders" WHERE "private"."orders"."userId" IN ($1) OFFSET $2 -- params: [2,0] -- duration: 2ms
2025-09-30 12:16:35 [INFO]: [QUERY] SELECT "private"."products"."id", "private"."products"."name", "private"."products"."description", "private"."products"."price", "private"."products"."stock", "private"."products"."status", "private"."products"."categoryId" FROM "private"."products" WHERE 1=1 OFFSET $1 -- params: [0] -- duration: 2ms
2025-09-30 12:16:49 [INFO]: [INFO] Starting a postgresql pool with 5 connections.
2025-09-30 12:16:49 [INFO]: [QUERY] SELECT "private"."users"."id", "private"."users"."fullname", "private"."users"."email", "private"."users"."role", "private"."users"."status" FROM "private"."users" WHERE ("private"."users"."id" = $1 AND 1=1) LIMIT $2 OFFSET $3 -- params: [2,1,0] -- duration: 2ms
2025-09-30 12:16:49 [INFO]: [QUERY] SELECT "private"."contacts"."id", "private"."contacts"."contact", "private"."contacts"."description", "private"."contacts"."createdAt", "private"."contacts"."updatedAt", "private"."contacts"."userId" FROM "private"."contacts" WHERE "private"."contacts"."userId" IN ($1) OFFSET $2 -- params: [2,0] -- duration: 1ms
2025-09-30 12:16:49 [INFO]: [QUERY] SELECT "private"."testimonials"."id", "private"."testimonials"."content", "private"."testimonials"."rating", "private"."testimonials"."createdAt", "private"."testimonials"."updatedAt", "private"."testimonials"."userId" FROM "private"."testimonials" WHERE "private"."testimonials"."userId" IN ($1) OFFSET $2 -- params: [2,0] -- duration: 1ms
2025-09-30 12:16:49 [INFO]: [QUERY] SELECT "private"."orders"."id", "private"."orders"."amount", "private"."orders"."status", "private"."orders"."createdAt", "private"."orders"."updatedAt", "private"."orders"."userId" FROM "private"."orders" WHERE "private"."orders"."userId" IN ($1) OFFSET $2 -- params: [2,0] -- duration: 2ms
2025-09-30 12:16:49 [INFO]: [QUERY] SELECT "private"."products"."id", "private"."products"."name", "private"."products"."description", "private"."products"."price", "private"."products"."stock", "private"."products"."status", "private"."products"."categoryId" FROM "private"."products" WHERE 1=1 OFFSET $1 -- params: [0] -- duration: 2ms
2025-09-30 12:16:49 [INFO]: [QUERY] SELECT "private"."attachment"."id", "private"."attachment"."fileName", "private"."attachment"."fileType", "private"."attachment"."filePath", "private"."attachment"."fileSize", "private"."attachment"."attachmentAbleId", "private"."attachment"."attachmentAbleType" FROM "private"."attachment" WHERE ("private"."attachment"."attachmentAbleId" = $1 AND "private"."attachment"."attachmentAbleType" = $2) OFFSET $3 -- params: [21,"product",0] -- duration: 3ms
2025-09-30 12:53:09 [INFO]: [INFO] Starting a postgresql pool with 5 connections.
2025-09-30 12:53:09 [INFO]: [QUERY] SELECT "private"."users"."id", "private"."users"."fullname", "private"."users"."email", "private"."users"."role", "private"."users"."status" FROM "private"."users" WHERE ("private"."users"."id" = $1 AND 1=1) LIMIT $2 OFFSET $3 -- params: [2,1,0] -- duration: 4ms
2025-09-30 12:53:09 [INFO]: [QUERY] SELECT "private"."contacts"."id", "private"."contacts"."contact", "private"."contacts"."description", "private"."contacts"."createdAt", "private"."contacts"."updatedAt", "private"."contacts"."userId" FROM "private"."contacts" WHERE "private"."contacts"."userId" IN ($1) OFFSET $2 -- params: [2,0] -- duration: 2ms
2025-09-30 12:53:09 [INFO]: [QUERY] SELECT "private"."testimonials"."id", "private"."testimonials"."content", "private"."testimonials"."rating", "private"."testimonials"."createdAt", "private"."testimonials"."updatedAt", "private"."testimonials"."userId" FROM "private"."testimonials" WHERE "private"."testimonials"."userId" IN ($1) OFFSET $2 -- params: [2,0] -- duration: 2ms
2025-09-30 12:53:09 [INFO]: [QUERY] SELECT "private"."orders"."id", "private"."orders"."amount", "private"."orders"."status", "private"."orders"."createdAt", "private"."orders"."updatedAt", "private"."orders"."userId" FROM "private"."orders" WHERE "private"."orders"."userId" IN ($1) OFFSET $2 -- params: [2,0] -- duration: 2ms
2025-09-30 12:53:09 [INFO]: [QUERY] SELECT "private"."categories"."id", "private"."categories"."name", "private"."categories"."description" FROM "private"."categories" WHERE ("private"."categories"."id" = $1 AND 1=1) LIMIT $2 OFFSET $3 -- params: [1,1,0] -- duration: 3ms
2025-09-30 12:53:09 [INFO]: [QUERY] INSERT INTO "private"."products" ("name","description","price","stock","status","createdAt","updatedAt","categoryId") VALUES ($1,$2,$3,$4,$5,$6,$7,$8) RETURNING "private"."products"."id", "private"."products"."name", "private"."products"."description", "private"."products"."price", "private"."products"."stock", "private"."products"."status", "private"."products"."categoryId" -- params: ["microsoft word","product name description","100000",20,1,"2025-09-30 05:53:09.737 UTC","2025-09-30 05:53:09.737 UTC",1] -- duration: 26ms
2025-09-30 12:53:09 [INFO]: [QUERY] INSERT INTO "private"."attachment" ("fileName","fileType","filePath","fileSize","attachmentAbleId","attachmentAbleType","createdAt","updatedAt") VALUES ($1,$2,$3,$4,$5,$6,$7,$8) RETURNING "private"."attachment"."id", "private"."attachment"."fileName", "private"."attachment"."fileType", "private"."attachment"."filePath", "private"."attachment"."fileSize", "private"."attachment"."attachmentAbleId", "private"."attachment"."attachmentAbleType" -- params: ["typescript.png","image/png","/home/hadi-rachmat-s/Documents/Project/finework/app-finework-backend/uploads/1759211589699-487977053-typescript.png",186561,22,"product","2025-09-30 05:53:09.769 UTC","2025-09-30 05:53:09.769 UTC"] -- duration: 50ms
2025-09-30 12:53:09 [INFO]: [QUERY] INSERT INTO "private"."attachment" ("fileName","fileType","filePath","fileSize","attachmentAbleId","attachmentAbleType","createdAt","updatedAt") VALUES ($1,$2,$3,$4,$5,$6,$7,$8) RETURNING "private"."attachment"."id", "private"."attachment"."fileName", "private"."attachment"."fileType", "private"."attachment"."filePath", "private"."attachment"."fileSize", "private"."attachment"."attachmentAbleId", "private"."attachment"."attachmentAbleType" -- params: ["javascript.png","image/png","/home/hadi-rachmat-s/Documents/Project/finework/app-finework-backend/uploads/1759211589707-175265300-javascript.png",159935,22,"product","2025-09-30 05:53:09.824 UTC","2025-09-30 05:53:09.824 UTC"] -- duration: 61ms
2025-09-30 12:53:16 [INFO]: [QUERY] SELECT "private"."users"."id", "private"."users"."fullname", "private"."users"."email", "private"."users"."role", "private"."users"."status" FROM "private"."users" WHERE ("private"."users"."id" = $1 AND 1=1) LIMIT $2 OFFSET $3 -- params: [2,1,0] -- duration: 1ms
2025-09-30 12:53:16 [INFO]: [QUERY] SELECT "private"."contacts"."id", "private"."contacts"."contact", "private"."contacts"."description", "private"."contacts"."createdAt", "private"."contacts"."updatedAt", "private"."contacts"."userId" FROM "private"."contacts" WHERE "private"."contacts"."userId" IN ($1) OFFSET $2 -- params: [2,0] -- duration: 3ms
2025-09-30 12:53:16 [INFO]: [QUERY] SELECT "private"."testimonials"."id", "private"."testimonials"."content", "private"."testimonials"."rating", "private"."testimonials"."createdAt", "private"."testimonials"."updatedAt", "private"."testimonials"."userId" FROM "private"."testimonials" WHERE "private"."testimonials"."userId" IN ($1) OFFSET $2 -- params: [2,0] -- duration: 1ms
2025-09-30 12:53:16 [INFO]: [QUERY] SELECT "private"."orders"."id", "private"."orders"."amount", "private"."orders"."status", "private"."orders"."createdAt", "private"."orders"."updatedAt", "private"."orders"."userId" FROM "private"."orders" WHERE "private"."orders"."userId" IN ($1) OFFSET $2 -- params: [2,0] -- duration: 1ms
2025-09-30 12:53:16 [INFO]: [QUERY] SELECT "private"."products"."id", "private"."products"."name", "private"."products"."description", "private"."products"."price", "private"."products"."stock", "private"."products"."status", "private"."products"."categoryId" FROM "private"."products" WHERE 1=1 OFFSET $1 -- params: [0] -- duration: 2ms
2025-09-30 12:53:16 [INFO]: [QUERY] SELECT "private"."attachment"."id", "private"."attachment"."fileName", "private"."attachment"."fileType", "private"."attachment"."filePath", "private"."attachment"."fileSize", "private"."attachment"."attachmentAbleId", "private"."attachment"."attachmentAbleType" FROM "private"."attachment" WHERE ("private"."attachment"."attachmentAbleId" = $1 AND "private"."attachment"."attachmentAbleType" = $2) OFFSET $3 -- params: [21,"product",0] -- duration: 4ms
2025-09-30 12:53:16 [INFO]: [QUERY] SELECT "private"."attachment"."id", "private"."attachment"."fileName", "private"."attachment"."fileType", "private"."attachment"."filePath", "private"."attachment"."fileSize", "private"."attachment"."attachmentAbleId", "private"."attachment"."attachmentAbleType" FROM "private"."attachment" WHERE ("private"."attachment"."attachmentAbleId" = $1 AND "private"."attachment"."attachmentAbleType" = $2) OFFSET $3 -- params: [22,"product",0] -- duration: 1ms
2025-09-30 13:07:44 [INFO]: [INFO] Starting a postgresql pool with 5 connections.
2025-09-30 13:07:44 [INFO]: [QUERY] SELECT "private"."users"."id", "private"."users"."fullname", "private"."users"."email", "private"."users"."role", "private"."users"."status" FROM "private"."users" WHERE ("private"."users"."id" = $1 AND 1=1) LIMIT $2 OFFSET $3 -- params: [2,1,0] -- duration: 3ms
2025-09-30 13:07:44 [INFO]: [QUERY] SELECT "private"."contacts"."id", "private"."contacts"."contact", "private"."contacts"."description", "private"."contacts"."createdAt", "private"."contacts"."updatedAt", "private"."contacts"."userId" FROM "private"."contacts" WHERE "private"."contacts"."userId" IN ($1) OFFSET $2 -- params: [2,0] -- duration: 3ms
2025-09-30 13:07:44 [INFO]: [QUERY] SELECT "private"."testimonials"."id", "private"."testimonials"."content", "private"."testimonials"."rating", "private"."testimonials"."createdAt", "private"."testimonials"."updatedAt", "private"."testimonials"."userId" FROM "private"."testimonials" WHERE "private"."testimonials"."userId" IN ($1) OFFSET $2 -- params: [2,0] -- duration: 1ms
2025-09-30 13:07:44 [INFO]: [QUERY] SELECT "private"."orders"."id", "private"."orders"."amount", "private"."orders"."status", "private"."orders"."createdAt", "private"."orders"."updatedAt", "private"."orders"."userId" FROM "private"."orders" WHERE "private"."orders"."userId" IN ($1) OFFSET $2 -- params: [2,0] -- duration: 5ms
2025-09-30 13:08:08 [INFO]: [QUERY] SELECT 1 -- params: [] -- duration: 0ms
2025-09-30 13:08:08 [INFO]: [QUERY] SELECT "private"."users"."id", "private"."users"."fullname", "private"."users"."email", "private"."users"."role", "private"."users"."status" FROM "private"."users" WHERE ("private"."users"."id" = $1 AND 1=1) LIMIT $2 OFFSET $3 -- params: [2,1,0] -- duration: 2ms
2025-09-30 13:08:08 [INFO]: [QUERY] SELECT "private"."contacts"."id", "private"."contacts"."contact", "private"."contacts"."description", "private"."contacts"."createdAt", "private"."contacts"."updatedAt", "private"."contacts"."userId" FROM "private"."contacts" WHERE "private"."contacts"."userId" IN ($1) OFFSET $2 -- params: [2,0] -- duration: 1ms
2025-09-30 13:08:08 [INFO]: [QUERY] SELECT "private"."testimonials"."id", "private"."testimonials"."content", "private"."testimonials"."rating", "private"."testimonials"."createdAt", "private"."testimonials"."updatedAt", "private"."testimonials"."userId" FROM "private"."testimonials" WHERE "private"."testimonials"."userId" IN ($1) OFFSET $2 -- params: [2,0] -- duration: 1ms
2025-09-30 13:08:08 [INFO]: [QUERY] SELECT "private"."orders"."id", "private"."orders"."amount", "private"."orders"."status", "private"."orders"."createdAt", "private"."orders"."updatedAt", "private"."orders"."userId" FROM "private"."orders" WHERE "private"."orders"."userId" IN ($1) OFFSET $2 -- params: [2,0] -- duration: 2ms
2025-09-30 13:08:41 [INFO]: [INFO] Starting a postgresql pool with 5 connections.
2025-09-30 13:08:41 [INFO]: [QUERY] SELECT "private"."users"."id", "private"."users"."fullname", "private"."users"."email", "private"."users"."role", "private"."users"."status" FROM "private"."users" WHERE ("private"."users"."id" = $1 AND 1=1) LIMIT $2 OFFSET $3 -- params: [2,1,0] -- duration: 3ms
2025-09-30 13:08:41 [INFO]: [QUERY] SELECT "private"."contacts"."id", "private"."contacts"."contact", "private"."contacts"."description", "private"."contacts"."createdAt", "private"."contacts"."updatedAt", "private"."contacts"."userId" FROM "private"."contacts" WHERE "private"."contacts"."userId" IN ($1) OFFSET $2 -- params: [2,0] -- duration: 3ms
2025-09-30 13:08:41 [INFO]: [QUERY] SELECT "private"."testimonials"."id", "private"."testimonials"."content", "private"."testimonials"."rating", "private"."testimonials"."createdAt", "private"."testimonials"."updatedAt", "private"."testimonials"."userId" FROM "private"."testimonials" WHERE "private"."testimonials"."userId" IN ($1) OFFSET $2 -- params: [2,0] -- duration: 2ms
2025-09-30 13:08:41 [INFO]: [QUERY] SELECT "private"."orders"."id", "private"."orders"."amount", "private"."orders"."status", "private"."orders"."createdAt", "private"."orders"."updatedAt", "private"."orders"."userId" FROM "private"."orders" WHERE "private"."orders"."userId" IN ($1) OFFSET $2 -- params: [2,0] -- duration: 3ms
2025-09-30 13:08:41 [ERROR]: [ERROR] 
Invalid `prisma.products.findUnique()` invocation:

{
  where: {
    id: "1"
        ~~~
  },
  select: {
    id: true,
    name: true,
    description: true,
    price: true,
    stock: true,
    status: true,
    categoryId: true
  }
}

Argument `id`: Invalid value provided. Expected Int, provided String.
2025-09-30 13:09:26 [INFO]: [INFO] Starting a postgresql pool with 5 connections.
2025-09-30 13:09:27 [INFO]: [QUERY] SELECT "private"."users"."id", "private"."users"."fullname", "private"."users"."email", "private"."users"."role", "private"."users"."status" FROM "private"."users" WHERE ("private"."users"."id" = $1 AND 1=1) LIMIT $2 OFFSET $3 -- params: [2,1,0] -- duration: 3ms
2025-09-30 13:09:27 [INFO]: [QUERY] SELECT "private"."contacts"."id", "private"."contacts"."contact", "private"."contacts"."description", "private"."contacts"."createdAt", "private"."contacts"."updatedAt", "private"."contacts"."userId" FROM "private"."contacts" WHERE "private"."contacts"."userId" IN ($1) OFFSET $2 -- params: [2,0] -- duration: 3ms
2025-09-30 13:09:27 [INFO]: [QUERY] SELECT "private"."testimonials"."id", "private"."testimonials"."content", "private"."testimonials"."rating", "private"."testimonials"."createdAt", "private"."testimonials"."updatedAt", "private"."testimonials"."userId" FROM "private"."testimonials" WHERE "private"."testimonials"."userId" IN ($1) OFFSET $2 -- params: [2,0] -- duration: 1ms
2025-09-30 13:09:27 [INFO]: [QUERY] SELECT "private"."orders"."id", "private"."orders"."amount", "private"."orders"."status", "private"."orders"."createdAt", "private"."orders"."updatedAt", "private"."orders"."userId" FROM "private"."orders" WHERE "private"."orders"."userId" IN ($1) OFFSET $2 -- params: [2,0] -- duration: 1ms
2025-09-30 13:09:27 [INFO]: [QUERY] SELECT "private"."products"."id", "private"."products"."name", "private"."products"."description", "private"."products"."price", "private"."products"."stock", "private"."products"."status", "private"."products"."categoryId" FROM "private"."products" WHERE ("private"."products"."id" = $1 AND 1=1) LIMIT $2 OFFSET $3 -- params: [1,1,0] -- duration: 3ms
2025-09-30 13:09:32 [INFO]: [QUERY] SELECT "private"."users"."id", "private"."users"."fullname", "private"."users"."email", "private"."users"."role", "private"."users"."status" FROM "private"."users" WHERE ("private"."users"."id" = $1 AND 1=1) LIMIT $2 OFFSET $3 -- params: [2,1,0] -- duration: 0ms
2025-09-30 13:09:32 [INFO]: [QUERY] SELECT "private"."contacts"."id", "private"."contacts"."contact", "private"."contacts"."description", "private"."contacts"."createdAt", "private"."contacts"."updatedAt", "private"."contacts"."userId" FROM "private"."contacts" WHERE "private"."contacts"."userId" IN ($1) OFFSET $2 -- params: [2,0] -- duration: 0ms
2025-09-30 13:09:32 [INFO]: [QUERY] SELECT "private"."testimonials"."id", "private"."testimonials"."content", "private"."testimonials"."rating", "private"."testimonials"."createdAt", "private"."testimonials"."updatedAt", "private"."testimonials"."userId" FROM "private"."testimonials" WHERE "private"."testimonials"."userId" IN ($1) OFFSET $2 -- params: [2,0] -- duration: 0ms
2025-09-30 13:09:32 [INFO]: [QUERY] SELECT "private"."orders"."id", "private"."orders"."amount", "private"."orders"."status", "private"."orders"."createdAt", "private"."orders"."updatedAt", "private"."orders"."userId" FROM "private"."orders" WHERE "private"."orders"."userId" IN ($1) OFFSET $2 -- params: [2,0] -- duration: 0ms
2025-09-30 13:09:32 [INFO]: [QUERY] SELECT "private"."products"."id", "private"."products"."name", "private"."products"."description", "private"."products"."price", "private"."products"."stock", "private"."products"."status", "private"."products"."categoryId" FROM "private"."products" WHERE ("private"."products"."id" = $1 AND 1=1) LIMIT $2 OFFSET $3 -- params: [26,1,0] -- duration: 0ms
2025-09-30 13:09:36 [INFO]: [QUERY] SELECT "private"."users"."id", "private"."users"."fullname", "private"."users"."email", "private"."users"."role", "private"."users"."status" FROM "private"."users" WHERE ("private"."users"."id" = $1 AND 1=1) LIMIT $2 OFFSET $3 -- params: [2,1,0] -- duration: 0ms
2025-09-30 13:09:36 [INFO]: [QUERY] SELECT "private"."contacts"."id", "private"."contacts"."contact", "private"."contacts"."description", "private"."contacts"."createdAt", "private"."contacts"."updatedAt", "private"."contacts"."userId" FROM "private"."contacts" WHERE "private"."contacts"."userId" IN ($1) OFFSET $2 -- params: [2,0] -- duration: 0ms
2025-09-30 13:09:36 [INFO]: [QUERY] SELECT "private"."testimonials"."id", "private"."testimonials"."content", "private"."testimonials"."rating", "private"."testimonials"."createdAt", "private"."testimonials"."updatedAt", "private"."testimonials"."userId" FROM "private"."testimonials" WHERE "private"."testimonials"."userId" IN ($1) OFFSET $2 -- params: [2,0] -- duration: 0ms
2025-09-30 13:09:36 [INFO]: [QUERY] SELECT "private"."orders"."id", "private"."orders"."amount", "private"."orders"."status", "private"."orders"."createdAt", "private"."orders"."updatedAt", "private"."orders"."userId" FROM "private"."orders" WHERE "private"."orders"."userId" IN ($1) OFFSET $2 -- params: [2,0] -- duration: 0ms
2025-09-30 13:09:36 [INFO]: [QUERY] SELECT "private"."products"."id", "private"."products"."name", "private"."products"."description", "private"."products"."price", "private"."products"."stock", "private"."products"."status", "private"."products"."categoryId" FROM "private"."products" WHERE ("private"."products"."id" = $1 AND 1=1) LIMIT $2 OFFSET $3 -- params: [27,1,0] -- duration: 0ms
2025-09-30 13:09:39 [INFO]: [QUERY] SELECT "private"."users"."id", "private"."users"."fullname", "private"."users"."email", "private"."users"."role", "private"."users"."status" FROM "private"."users" WHERE ("private"."users"."id" = $1 AND 1=1) LIMIT $2 OFFSET $3 -- params: [2,1,0] -- duration: 0ms
2025-09-30 13:09:39 [INFO]: [QUERY] SELECT "private"."contacts"."id", "private"."contacts"."contact", "private"."contacts"."description", "private"."contacts"."createdAt", "private"."contacts"."updatedAt", "private"."contacts"."userId" FROM "private"."contacts" WHERE "private"."contacts"."userId" IN ($1) OFFSET $2 -- params: [2,0] -- duration: 2ms
2025-09-30 13:09:39 [INFO]: [QUERY] SELECT "private"."testimonials"."id", "private"."testimonials"."content", "private"."testimonials"."rating", "private"."testimonials"."createdAt", "private"."testimonials"."updatedAt", "private"."testimonials"."userId" FROM "private"."testimonials" WHERE "private"."testimonials"."userId" IN ($1) OFFSET $2 -- params: [2,0] -- duration: 1ms
2025-09-30 13:09:39 [INFO]: [QUERY] SELECT "private"."orders"."id", "private"."orders"."amount", "private"."orders"."status", "private"."orders"."createdAt", "private"."orders"."updatedAt", "private"."orders"."userId" FROM "private"."orders" WHERE "private"."orders"."userId" IN ($1) OFFSET $2 -- params: [2,0] -- duration: 1ms
2025-09-30 13:09:39 [INFO]: [QUERY] SELECT "private"."products"."id", "private"."products"."name", "private"."products"."description", "private"."products"."price", "private"."products"."stock", "private"."products"."status", "private"."products"."categoryId" FROM "private"."products" WHERE ("private"."products"."id" = $1 AND 1=1) LIMIT $2 OFFSET $3 -- params: [22,1,0] -- duration: 1ms
2025-09-30 13:09:39 [INFO]: [QUERY] SELECT "private"."attachment"."id", "private"."attachment"."fileName", "private"."attachment"."fileType", "private"."attachment"."filePath", "private"."attachment"."fileSize", "private"."attachment"."attachmentAbleId", "private"."attachment"."attachmentAbleType" FROM "private"."attachment" WHERE ("private"."attachment"."attachmentAbleId" = $1 AND "private"."attachment"."attachmentAbleType" = $2) OFFSET $3 -- params: [22,"product",0] -- duration: 2ms
2025-09-30 13:23:09 [INFO]: [INFO] Starting a postgresql pool with 5 connections.
2025-09-30 13:23:10 [INFO]: [QUERY] SELECT "private"."users"."id", "private"."users"."fullname", "private"."users"."email", "private"."users"."role", "private"."users"."status" FROM "private"."users" WHERE ("private"."users"."id" = $1 AND 1=1) LIMIT $2 OFFSET $3 -- params: [2,1,0] -- duration: 3ms
2025-09-30 13:23:10 [INFO]: [QUERY] SELECT "private"."contacts"."id", "private"."contacts"."contact", "private"."contacts"."description", "private"."contacts"."createdAt", "private"."contacts"."updatedAt", "private"."contacts"."userId" FROM "private"."contacts" WHERE "private"."contacts"."userId" IN ($1) OFFSET $2 -- params: [2,0] -- duration: 1ms
2025-09-30 13:23:10 [INFO]: [QUERY] SELECT "private"."testimonials"."id", "private"."testimonials"."content", "private"."testimonials"."rating", "private"."testimonials"."createdAt", "private"."testimonials"."updatedAt", "private"."testimonials"."userId" FROM "private"."testimonials" WHERE "private"."testimonials"."userId" IN ($1) OFFSET $2 -- params: [2,0] -- duration: 1ms
2025-09-30 13:23:10 [INFO]: [QUERY] SELECT "private"."orders"."id", "private"."orders"."amount", "private"."orders"."status", "private"."orders"."createdAt", "private"."orders"."updatedAt", "private"."orders"."userId" FROM "private"."orders" WHERE "private"."orders"."userId" IN ($1) OFFSET $2 -- params: [2,0] -- duration: 1ms
2025-09-30 13:23:10 [INFO]: [QUERY] SELECT "private"."products"."id", "private"."products"."name", "private"."products"."description", "private"."products"."price", "private"."products"."stock", "private"."products"."status", "private"."products"."categoryId" FROM "private"."products" WHERE ("private"."products"."id" = $1 AND 1=1) LIMIT $2 OFFSET $3 -- params: [22,1,0] -- duration: 3ms
2025-09-30 13:24:35 [INFO]: [INFO] Starting a postgresql pool with 5 connections.
2025-09-30 13:24:35 [INFO]: [QUERY] SELECT "private"."users"."id", "private"."users"."fullname", "private"."users"."email", "private"."users"."role", "private"."users"."status" FROM "private"."users" WHERE ("private"."users"."id" = $1 AND 1=1) LIMIT $2 OFFSET $3 -- params: [2,1,0] -- duration: 2ms
2025-09-30 13:24:35 [INFO]: [QUERY] SELECT "private"."contacts"."id", "private"."contacts"."contact", "private"."contacts"."description", "private"."contacts"."createdAt", "private"."contacts"."updatedAt", "private"."contacts"."userId" FROM "private"."contacts" WHERE "private"."contacts"."userId" IN ($1) OFFSET $2 -- params: [2,0] -- duration: 2ms
2025-09-30 13:24:35 [INFO]: [QUERY] SELECT "private"."testimonials"."id", "private"."testimonials"."content", "private"."testimonials"."rating", "private"."testimonials"."createdAt", "private"."testimonials"."updatedAt", "private"."testimonials"."userId" FROM "private"."testimonials" WHERE "private"."testimonials"."userId" IN ($1) OFFSET $2 -- params: [2,0] -- duration: 1ms
2025-09-30 13:24:35 [INFO]: [QUERY] SELECT "private"."orders"."id", "private"."orders"."amount", "private"."orders"."status", "private"."orders"."createdAt", "private"."orders"."updatedAt", "private"."orders"."userId" FROM "private"."orders" WHERE "private"."orders"."userId" IN ($1) OFFSET $2 -- params: [2,0] -- duration: 1ms
2025-09-30 13:24:35 [INFO]: [QUERY] SELECT "private"."products"."id", "private"."products"."name", "private"."products"."description", "private"."products"."price", "private"."products"."stock", "private"."products"."status", "private"."products"."categoryId" FROM "private"."products" WHERE ("private"."products"."id" = $1 AND 1=1) LIMIT $2 OFFSET $3 -- params: [22,1,0] -- duration: 2ms
2025-09-30 13:24:53 [INFO]: [INFO] Starting a postgresql pool with 5 connections.
2025-09-30 13:24:53 [INFO]: [QUERY] SELECT "private"."users"."id", "private"."users"."fullname", "private"."users"."email", "private"."users"."role", "private"."users"."status" FROM "private"."users" WHERE ("private"."users"."id" = $1 AND 1=1) LIMIT $2 OFFSET $3 -- params: [2,1,0] -- duration: 4ms
2025-09-30 13:24:53 [INFO]: [QUERY] SELECT "private"."contacts"."id", "private"."contacts"."contact", "private"."contacts"."description", "private"."contacts"."createdAt", "private"."contacts"."updatedAt", "private"."contacts"."userId" FROM "private"."contacts" WHERE "private"."contacts"."userId" IN ($1) OFFSET $2 -- params: [2,0] -- duration: 6ms
2025-09-30 13:24:53 [INFO]: [QUERY] SELECT "private"."testimonials"."id", "private"."testimonials"."content", "private"."testimonials"."rating", "private"."testimonials"."createdAt", "private"."testimonials"."updatedAt", "private"."testimonials"."userId" FROM "private"."testimonials" WHERE "private"."testimonials"."userId" IN ($1) OFFSET $2 -- params: [2,0] -- duration: 1ms
2025-09-30 13:24:53 [INFO]: [QUERY] SELECT "private"."orders"."id", "private"."orders"."amount", "private"."orders"."status", "private"."orders"."createdAt", "private"."orders"."updatedAt", "private"."orders"."userId" FROM "private"."orders" WHERE "private"."orders"."userId" IN ($1) OFFSET $2 -- params: [2,0] -- duration: 2ms
2025-09-30 13:24:53 [INFO]: [QUERY] SELECT "private"."products"."id", "private"."products"."name", "private"."products"."description", "private"."products"."price", "private"."products"."stock", "private"."products"."status", "private"."products"."categoryId" FROM "private"."products" WHERE ("private"."products"."id" = $1 AND 1=1) LIMIT $2 OFFSET $3 -- params: [22,1,0] -- duration: 1ms
2025-09-30 13:24:53 [INFO]: [QUERY] UPDATE "private"."products" SET "name" = $1, "description" = $2, "price" = $3, "stock" = $4, "status" = $5, "categoryId" = $6, "updatedAt" = $7 WHERE ("private"."products"."id" = $8 AND 1=1) RETURNING "private"."products"."id", "private"."products"."name", "private"."products"."description", "private"."products"."price", "private"."products"."stock", "private"."products"."status", "private"."products"."categoryId" -- params: ["microsoft word","product name description","100000",20,1,1,"2025-09-30 06:24:53.801 UTC",22] -- duration: 18ms
2025-09-30 13:24:53 [INFO]: [QUERY] SELECT "private"."attachment"."id", "private"."attachment"."fileName", "private"."attachment"."fileType", "private"."attachment"."filePath", "private"."attachment"."fileSize", "private"."attachment"."attachmentAbleId", "private"."attachment"."attachmentAbleType" FROM "private"."attachment" WHERE ("private"."attachment"."attachmentAbleId" = $1 AND "private"."attachment"."attachmentAbleType" = $2) OFFSET $3 -- params: [22,"product",0] -- duration: 2ms
2025-09-30 13:24:53 [INFO]: [QUERY] DELETE FROM "private"."attachment" WHERE ("private"."attachment"."id" = $1 AND 1=1) RETURNING "private"."attachment"."id", "private"."attachment"."fileName", "private"."attachment"."fileType", "private"."attachment"."filePath", "private"."attachment"."fileSize", "private"."attachment"."attachmentAbleId", "private"."attachment"."attachmentAbleType" -- params: [27] -- duration: 3ms
2025-09-30 13:24:53 [INFO]: [QUERY] DELETE FROM "private"."attachment" WHERE ("private"."attachment"."id" = $1 AND 1=1) RETURNING "private"."attachment"."id", "private"."attachment"."fileName", "private"."attachment"."fileType", "private"."attachment"."filePath", "private"."attachment"."fileSize", "private"."attachment"."attachmentAbleId", "private"."attachment"."attachmentAbleType" -- params: [28] -- duration: 42ms
2025-09-30 13:24:53 [INFO]: [QUERY] INSERT INTO "private"."attachment" ("fileName","fileType","filePath","fileSize","attachmentAbleId","attachmentAbleType","createdAt","updatedAt") VALUES ($1,$2,$3,$4,$5,$6,$7,$8) RETURNING "private"."attachment"."id", "private"."attachment"."fileName", "private"."attachment"."fileType", "private"."attachment"."filePath", "private"."attachment"."fileSize", "private"."attachment"."attachmentAbleId", "private"."attachment"."attachmentAbleType" -- params: ["mysql.png","image/png","/home/hadi-rachmat-s/Documents/Project/finework/app-finework-backend/uploads/1759213493665-539844471-mysql.png",514065,22,"product","2025-09-30 06:24:53.880 UTC","2025-09-30 06:24:53.880 UTC"] -- duration: 7ms
2025-09-30 13:24:53 [INFO]: [QUERY] INSERT INTO "private"."attachment" ("fileName","fileType","filePath","fileSize","attachmentAbleId","attachmentAbleType","createdAt","updatedAt") VALUES ($1,$2,$3,$4,$5,$6,$7,$8) RETURNING "private"."attachment"."id", "private"."attachment"."fileName", "private"."attachment"."fileType", "private"."attachment"."filePath", "private"."attachment"."fileSize", "private"."attachment"."attachmentAbleId", "private"."attachment"."attachmentAbleType" -- params: ["foto-hadi.jpeg","image/jpeg","/home/hadi-rachmat-s/Documents/Project/finework/app-finework-backend/uploads/1759213493707-398729826-foto-hadi.jpeg",2011107,22,"product","2025-09-30 06:24:53.891 UTC","2025-09-30 06:24:53.891 UTC"] -- duration: 7ms
2025-09-30 13:24:53 [INFO]: [QUERY] INSERT INTO "private"."attachment" ("fileName","fileType","filePath","fileSize","attachmentAbleId","attachmentAbleType","createdAt","updatedAt") VALUES ($1,$2,$3,$4,$5,$6,$7,$8) RETURNING "private"."attachment"."id", "private"."attachment"."fileName", "private"."attachment"."fileType", "private"."attachment"."filePath", "private"."attachment"."fileSize", "private"."attachment"."attachmentAbleId", "private"."attachment"."attachmentAbleType" -- params: ["android.png","image/png","/home/hadi-rachmat-s/Documents/Project/finework/app-finework-backend/uploads/1759213493775-820296316-android.png",433333,22,"product","2025-09-30 06:24:53.904 UTC","2025-09-30 06:24:53.904 UTC"] -- duration: 6ms
2025-09-30 13:24:53 [INFO]: [QUERY] INSERT INTO "private"."attachment" ("fileName","fileType","filePath","fileSize","attachmentAbleId","attachmentAbleType","createdAt","updatedAt") VALUES ($1,$2,$3,$4,$5,$6,$7,$8) RETURNING "private"."attachment"."id", "private"."attachment"."fileName", "private"."attachment"."fileType", "private"."attachment"."filePath", "private"."attachment"."fileSize", "private"."attachment"."attachmentAbleId", "private"."attachment"."attachmentAbleType" -- params: ["figma.png","image/png","/home/hadi-rachmat-s/Documents/Project/finework/app-finework-backend/uploads/1759213493780-364991417-figma.png",644497,22,"product","2025-09-30 06:24:53.913 UTC","2025-09-30 06:24:53.913 UTC"] -- duration: 8ms
2025-09-30 13:28:41 [INFO]: [INFO] Starting a postgresql pool with 5 connections.
2025-09-30 13:28:41 [INFO]: [QUERY] SELECT "private"."users"."id", "private"."users"."fullname", "private"."users"."email", "private"."users"."role", "private"."users"."status" FROM "private"."users" WHERE ("private"."users"."id" = $1 AND 1=1) LIMIT $2 OFFSET $3 -- params: [2,1,0] -- duration: 3ms
2025-09-30 13:28:41 [INFO]: [QUERY] SELECT "private"."contacts"."id", "private"."contacts"."contact", "private"."contacts"."description", "private"."contacts"."createdAt", "private"."contacts"."updatedAt", "private"."contacts"."userId" FROM "private"."contacts" WHERE "private"."contacts"."userId" IN ($1) OFFSET $2 -- params: [2,0] -- duration: 2ms
2025-09-30 13:28:41 [INFO]: [QUERY] SELECT "private"."testimonials"."id", "private"."testimonials"."content", "private"."testimonials"."rating", "private"."testimonials"."createdAt", "private"."testimonials"."updatedAt", "private"."testimonials"."userId" FROM "private"."testimonials" WHERE "private"."testimonials"."userId" IN ($1) OFFSET $2 -- params: [2,0] -- duration: 3ms
2025-09-30 13:28:41 [INFO]: [QUERY] SELECT "private"."orders"."id", "private"."orders"."amount", "private"."orders"."status", "private"."orders"."createdAt", "private"."orders"."updatedAt", "private"."orders"."userId" FROM "private"."orders" WHERE "private"."orders"."userId" IN ($1) OFFSET $2 -- params: [2,0] -- duration: 4ms
2025-09-30 13:28:41 [INFO]: [QUERY] SELECT "private"."categories"."id", "private"."categories"."name", "private"."categories"."description" FROM "private"."categories" WHERE ("private"."categories"."id" = $1 AND 1=1) LIMIT $2 OFFSET $3 -- params: [1,1,0] -- duration: 2ms
2025-09-30 13:28:41 [INFO]: [QUERY] INSERT INTO "private"."products" ("name","description","price","stock","status","createdAt","updatedAt","categoryId") VALUES ($1,$2,$3,$4,$5,$6,$7,$8) RETURNING "private"."products"."id", "private"."products"."name", "private"."products"."description", "private"."products"."price", "private"."products"."stock", "private"."products"."status", "private"."products"."categoryId" -- params: ["exampale product to delete","product name description","100000",20,1,"2025-09-30 06:28:41.944 UTC","2025-09-30 06:28:41.944 UTC",1] -- duration: 22ms
2025-09-30 13:28:41 [INFO]: [QUERY] INSERT INTO "private"."attachment" ("fileName","fileType","filePath","fileSize","attachmentAbleId","attachmentAbleType","createdAt","updatedAt") VALUES ($1,$2,$3,$4,$5,$6,$7,$8) RETURNING "private"."attachment"."id", "private"."attachment"."fileName", "private"."attachment"."fileType", "private"."attachment"."filePath", "private"."attachment"."fileSize", "private"."attachment"."attachmentAbleId", "private"."attachment"."attachmentAbleType" -- params: ["typescript.png","image/png","/home/hadi-rachmat-s/Documents/Project/finework/app-finework-backend/uploads/1759213721867-660064592-typescript.png",186561,23,"product","2025-09-30 06:28:41.970 UTC","2025-09-30 06:28:41.970 UTC"] -- duration: 7ms
2025-09-30 13:28:41 [INFO]: [QUERY] INSERT INTO "private"."attachment" ("fileName","fileType","filePath","fileSize","attachmentAbleId","attachmentAbleType","createdAt","updatedAt") VALUES ($1,$2,$3,$4,$5,$6,$7,$8) RETURNING "private"."attachment"."id", "private"."attachment"."fileName", "private"."attachment"."fileType", "private"."attachment"."filePath", "private"."attachment"."fileSize", "private"."attachment"."attachmentAbleId", "private"."attachment"."attachmentAbleType" -- params: ["javascript.png","image/png","/home/hadi-rachmat-s/Documents/Project/finework/app-finework-backend/uploads/1759213721876-202806095-javascript.png",159935,23,"product","2025-09-30 06:28:41.981 UTC","2025-09-30 06:28:41.981 UTC"] -- duration: 10ms
2025-09-30 13:28:42 [INFO]: [QUERY] INSERT INTO "private"."attachment" ("fileName","fileType","filePath","fileSize","attachmentAbleId","attachmentAbleType","createdAt","updatedAt") VALUES ($1,$2,$3,$4,$5,$6,$7,$8) RETURNING "private"."attachment"."id", "private"."attachment"."fileName", "private"."attachment"."fileType", "private"."attachment"."filePath", "private"."attachment"."fileSize", "private"."attachment"."attachmentAbleId", "private"."attachment"."attachmentAbleType" -- params: ["figma.png","image/png","/home/hadi-rachmat-s/Documents/Project/finework/app-finework-backend/uploads/1759213721890-307447891-figma.png",644497,23,"product","2025-09-30 06:28:41.995 UTC","2025-09-30 06:28:41.995 UTC"] -- duration: 2ms
2025-09-30 13:28:42 [INFO]: [QUERY] INSERT INTO "private"."attachment" ("fileName","fileType","filePath","fileSize","attachmentAbleId","attachmentAbleType","createdAt","updatedAt") VALUES ($1,$2,$3,$4,$5,$6,$7,$8) RETURNING "private"."attachment"."id", "private"."attachment"."fileName", "private"."attachment"."fileType", "private"."attachment"."filePath", "private"."attachment"."fileSize", "private"."attachment"."attachmentAbleId", "private"."attachment"."attachmentAbleType" -- params: ["code.png","image/png","/home/hadi-rachmat-s/Documents/Project/finework/app-finework-backend/uploads/1759213721906-559793108-code.png",51099,23,"product","2025-09-30 06:28:42.004 UTC","2025-09-30 06:28:42.004 UTC"] -- duration: 7ms
2025-09-30 13:28:42 [INFO]: [QUERY] INSERT INTO "private"."attachment" ("fileName","fileType","filePath","fileSize","attachmentAbleId","attachmentAbleType","createdAt","updatedAt") VALUES ($1,$2,$3,$4,$5,$6,$7,$8) RETURNING "private"."attachment"."id", "private"."attachment"."fileName", "private"."attachment"."fileType", "private"."attachment"."filePath", "private"."attachment"."fileSize", "private"."attachment"."attachmentAbleId", "private"."attachment"."attachmentAbleType" -- params: ["css.png","image/png","/home/hadi-rachmat-s/Documents/Project/finework/app-finework-backend/uploads/1759213721907-322009871-css.png",590139,23,"product","2025-09-30 06:28:42.015 UTC","2025-09-30 06:28:42.015 UTC"] -- duration: 7ms
2025-09-30 13:29:34 [INFO]: [QUERY] SELECT 1 -- params: [] -- duration: 0ms
2025-09-30 13:29:34 [INFO]: [QUERY] SELECT "private"."users"."id", "private"."users"."fullname", "private"."users"."email", "private"."users"."role", "private"."users"."status" FROM "private"."users" WHERE ("private"."users"."id" = $1 AND 1=1) LIMIT $2 OFFSET $3 -- params: [2,1,0] -- duration: 0ms
2025-09-30 13:29:34 [INFO]: [QUERY] SELECT "private"."contacts"."id", "private"."contacts"."contact", "private"."contacts"."description", "private"."contacts"."createdAt", "private"."contacts"."updatedAt", "private"."contacts"."userId" FROM "private"."contacts" WHERE "private"."contacts"."userId" IN ($1) OFFSET $2 -- params: [2,0] -- duration: 0ms
2025-09-30 13:29:34 [INFO]: [QUERY] SELECT "private"."testimonials"."id", "private"."testimonials"."content", "private"."testimonials"."rating", "private"."testimonials"."createdAt", "private"."testimonials"."updatedAt", "private"."testimonials"."userId" FROM "private"."testimonials" WHERE "private"."testimonials"."userId" IN ($1) OFFSET $2 -- params: [2,0] -- duration: 1ms
2025-09-30 13:29:34 [INFO]: [QUERY] SELECT "private"."orders"."id", "private"."orders"."amount", "private"."orders"."status", "private"."orders"."createdAt", "private"."orders"."updatedAt", "private"."orders"."userId" FROM "private"."orders" WHERE "private"."orders"."userId" IN ($1) OFFSET $2 -- params: [2,0] -- duration: 0ms
2025-09-30 13:30:53 [INFO]: [INFO] Starting a postgresql pool with 5 connections.
2025-09-30 13:30:53 [INFO]: [QUERY] SELECT "private"."users"."id", "private"."users"."fullname", "private"."users"."email", "private"."users"."role", "private"."users"."status" FROM "private"."users" WHERE ("private"."users"."id" = $1 AND 1=1) LIMIT $2 OFFSET $3 -- params: [2,1,0] -- duration: 1ms
2025-09-30 13:30:53 [INFO]: [QUERY] SELECT "private"."contacts"."id", "private"."contacts"."contact", "private"."contacts"."description", "private"."contacts"."createdAt", "private"."contacts"."updatedAt", "private"."contacts"."userId" FROM "private"."contacts" WHERE "private"."contacts"."userId" IN ($1) OFFSET $2 -- params: [2,0] -- duration: 1ms
2025-09-30 13:30:53 [INFO]: [QUERY] SELECT "private"."testimonials"."id", "private"."testimonials"."content", "private"."testimonials"."rating", "private"."testimonials"."createdAt", "private"."testimonials"."updatedAt", "private"."testimonials"."userId" FROM "private"."testimonials" WHERE "private"."testimonials"."userId" IN ($1) OFFSET $2 -- params: [2,0] -- duration: 4ms
2025-09-30 13:30:53 [INFO]: [QUERY] SELECT "private"."orders"."id", "private"."orders"."amount", "private"."orders"."status", "private"."orders"."createdAt", "private"."orders"."updatedAt", "private"."orders"."userId" FROM "private"."orders" WHERE "private"."orders"."userId" IN ($1) OFFSET $2 -- params: [2,0] -- duration: 2ms
2025-09-30 13:32:35 [INFO]: [INFO] Starting a postgresql pool with 5 connections.
2025-09-30 13:32:35 [INFO]: [QUERY] SELECT "private"."users"."id", "private"."users"."fullname", "private"."users"."email", "private"."users"."role", "private"."users"."status" FROM "private"."users" WHERE ("private"."users"."id" = $1 AND 1=1) LIMIT $2 OFFSET $3 -- params: [2,1,0] -- duration: 3ms
2025-09-30 13:32:35 [INFO]: [QUERY] SELECT "private"."contacts"."id", "private"."contacts"."contact", "private"."contacts"."description", "private"."contacts"."createdAt", "private"."contacts"."updatedAt", "private"."contacts"."userId" FROM "private"."contacts" WHERE "private"."contacts"."userId" IN ($1) OFFSET $2 -- params: [2,0] -- duration: 2ms
2025-09-30 13:32:35 [INFO]: [QUERY] SELECT "private"."testimonials"."id", "private"."testimonials"."content", "private"."testimonials"."rating", "private"."testimonials"."createdAt", "private"."testimonials"."updatedAt", "private"."testimonials"."userId" FROM "private"."testimonials" WHERE "private"."testimonials"."userId" IN ($1) OFFSET $2 -- params: [2,0] -- duration: 6ms
2025-09-30 13:32:35 [INFO]: [QUERY] SELECT "private"."orders"."id", "private"."orders"."amount", "private"."orders"."status", "private"."orders"."createdAt", "private"."orders"."updatedAt", "private"."orders"."userId" FROM "private"."orders" WHERE "private"."orders"."userId" IN ($1) OFFSET $2 -- params: [2,0] -- duration: 2ms
2025-09-30 13:32:35 [INFO]: [QUERY] SELECT "private"."products"."id", "private"."products"."name", "private"."products"."description", "private"."products"."price", "private"."products"."stock", "private"."products"."status", "private"."products"."categoryId" FROM "private"."products" WHERE ("private"."products"."id" = $1 AND 1=1) LIMIT $2 OFFSET $3 -- params: [23,1,0] -- duration: 3ms
2025-09-30 13:32:35 [INFO]: [QUERY] SELECT "private"."attachment"."id", "private"."attachment"."fileName", "private"."attachment"."fileType", "private"."attachment"."filePath", "private"."attachment"."fileSize", "private"."attachment"."attachmentAbleId", "private"."attachment"."attachmentAbleType" FROM "private"."attachment" WHERE ("private"."attachment"."attachmentAbleId" = $1 AND "private"."attachment"."attachmentAbleType" = $2) OFFSET $3 -- params: [23,"product",0] -- duration: 5ms
2025-09-30 13:32:35 [INFO]: [QUERY] DELETE FROM "private"."attachment" WHERE ("private"."attachment"."id" = $1 AND 1=1) RETURNING "private"."attachment"."id", "private"."attachment"."fileName", "private"."attachment"."fileType", "private"."attachment"."filePath", "private"."attachment"."fileSize", "private"."attachment"."attachmentAbleId", "private"."attachment"."attachmentAbleType" -- params: [33] -- duration: 10ms
2025-09-30 13:32:35 [INFO]: [QUERY] DELETE FROM "private"."attachment" WHERE ("private"."attachment"."id" = $1 AND 1=1) RETURNING "private"."attachment"."id", "private"."attachment"."fileName", "private"."attachment"."fileType", "private"."attachment"."filePath", "private"."attachment"."fileSize", "private"."attachment"."attachmentAbleId", "private"."attachment"."attachmentAbleType" -- params: [34] -- duration: 6ms
2025-09-30 13:32:35 [INFO]: [QUERY] DELETE FROM "private"."attachment" WHERE ("private"."attachment"."id" = $1 AND 1=1) RETURNING "private"."attachment"."id", "private"."attachment"."fileName", "private"."attachment"."fileType", "private"."attachment"."filePath", "private"."attachment"."fileSize", "private"."attachment"."attachmentAbleId", "private"."attachment"."attachmentAbleType" -- params: [35] -- duration: 10ms
2025-09-30 13:32:35 [INFO]: [QUERY] DELETE FROM "private"."attachment" WHERE ("private"."attachment"."id" = $1 AND 1=1) RETURNING "private"."attachment"."id", "private"."attachment"."fileName", "private"."attachment"."fileType", "private"."attachment"."filePath", "private"."attachment"."fileSize", "private"."attachment"."attachmentAbleId", "private"."attachment"."attachmentAbleType" -- params: [36] -- duration: 9ms
2025-09-30 13:32:35 [INFO]: [QUERY] DELETE FROM "private"."attachment" WHERE ("private"."attachment"."id" = $1 AND 1=1) RETURNING "private"."attachment"."id", "private"."attachment"."fileName", "private"."attachment"."fileType", "private"."attachment"."filePath", "private"."attachment"."fileSize", "private"."attachment"."attachmentAbleId", "private"."attachment"."attachmentAbleType" -- params: [37] -- duration: 13ms
2025-09-30 13:32:35 [INFO]: [QUERY] DELETE FROM "private"."products" WHERE ("private"."products"."id" = $1 AND 1=1) RETURNING "private"."products"."id", "private"."products"."name", "private"."products"."description", "private"."products"."price", "private"."products"."stock", "private"."products"."status", "private"."products"."createdAt", "private"."products"."updatedAt", "private"."products"."categoryId" -- params: [23] -- duration: 14ms
2025-09-30 13:33:26 [INFO]: [INFO] Starting a postgresql pool with 5 connections.
2025-09-30 13:33:27 [INFO]: [QUERY] SELECT "private"."users"."id", "private"."users"."fullname", "private"."users"."email", "private"."users"."role", "private"."users"."status" FROM "private"."users" WHERE ("private"."users"."id" = $1 AND 1=1) LIMIT $2 OFFSET $3 -- params: [2,1,0] -- duration: 5ms
2025-09-30 13:33:27 [INFO]: [QUERY] SELECT "private"."contacts"."id", "private"."contacts"."contact", "private"."contacts"."description", "private"."contacts"."createdAt", "private"."contacts"."updatedAt", "private"."contacts"."userId" FROM "private"."contacts" WHERE "private"."contacts"."userId" IN ($1) OFFSET $2 -- params: [2,0] -- duration: 1ms
2025-09-30 13:33:27 [INFO]: [QUERY] SELECT "private"."testimonials"."id", "private"."testimonials"."content", "private"."testimonials"."rating", "private"."testimonials"."createdAt", "private"."testimonials"."updatedAt", "private"."testimonials"."userId" FROM "private"."testimonials" WHERE "private"."testimonials"."userId" IN ($1) OFFSET $2 -- params: [2,0] -- duration: 1ms
2025-09-30 13:33:27 [INFO]: [QUERY] SELECT "private"."orders"."id", "private"."orders"."amount", "private"."orders"."status", "private"."orders"."createdAt", "private"."orders"."updatedAt", "private"."orders"."userId" FROM "private"."orders" WHERE "private"."orders"."userId" IN ($1) OFFSET $2 -- params: [2,0] -- duration: 2ms
2025-09-30 13:33:27 [INFO]: [QUERY] SELECT "private"."categories"."id", "private"."categories"."name", "private"."categories"."description" FROM "private"."categories" WHERE ("private"."categories"."id" = $1 AND 1=1) LIMIT $2 OFFSET $3 -- params: [1,1,0] -- duration: 3ms
2025-09-30 13:33:27 [INFO]: [QUERY] INSERT INTO "private"."products" ("name","description","price","stock","status","createdAt","updatedAt","categoryId") VALUES ($1,$2,$3,$4,$5,$6,$7,$8) RETURNING "private"."products"."id", "private"."products"."name", "private"."products"."description", "private"."products"."price", "private"."products"."stock", "private"."products"."status", "private"."products"."categoryId" -- params: ["exampale product to delete","product name description","100000",20,1,"2025-09-30 06:33:27.302 UTC","2025-09-30 06:33:27.302 UTC",1] -- duration: 25ms
2025-09-30 13:33:27 [INFO]: [QUERY] INSERT INTO "private"."attachment" ("fileName","fileType","filePath","fileSize","attachmentAbleId","attachmentAbleType","createdAt","updatedAt") VALUES ($1,$2,$3,$4,$5,$6,$7,$8) RETURNING "private"."attachment"."id", "private"."attachment"."fileName", "private"."attachment"."fileType", "private"."attachment"."filePath", "private"."attachment"."fileSize", "private"."attachment"."attachmentAbleId", "private"."attachment"."attachmentAbleType" -- params: ["typescript.png","image/png","/home/hadi-rachmat-s/Documents/Project/finework/app-finework-backend/uploads/1759214007235-579872855-typescript.png",186561,24,"product","2025-09-30 06:33:27.334 UTC","2025-09-30 06:33:27.334 UTC"] -- duration: 5ms
2025-09-30 13:33:27 [INFO]: [QUERY] INSERT INTO "private"."attachment" ("fileName","fileType","filePath","fileSize","attachmentAbleId","attachmentAbleType","createdAt","updatedAt") VALUES ($1,$2,$3,$4,$5,$6,$7,$8) RETURNING "private"."attachment"."id", "private"."attachment"."fileName", "private"."attachment"."fileType", "private"."attachment"."filePath", "private"."attachment"."fileSize", "private"."attachment"."attachmentAbleId", "private"."attachment"."attachmentAbleType" -- params: ["javascript.png","image/png","/home/hadi-rachmat-s/Documents/Project/finework/app-finework-backend/uploads/1759214007240-439386010-javascript.png",159935,24,"product","2025-09-30 06:33:27.344 UTC","2025-09-30 06:33:27.344 UTC"] -- duration: 7ms
2025-09-30 13:33:27 [INFO]: [QUERY] INSERT INTO "private"."attachment" ("fileName","fileType","filePath","fileSize","attachmentAbleId","attachmentAbleType","createdAt","updatedAt") VALUES ($1,$2,$3,$4,$5,$6,$7,$8) RETURNING "private"."attachment"."id", "private"."attachment"."fileName", "private"."attachment"."fileType", "private"."attachment"."filePath", "private"."attachment"."fileSize", "private"."attachment"."attachmentAbleId", "private"."attachment"."attachmentAbleType" -- params: ["figma.png","image/png","/home/hadi-rachmat-s/Documents/Project/finework/app-finework-backend/uploads/1759214007247-566485102-figma.png",644497,24,"product","2025-09-30 06:33:27.355 UTC","2025-09-30 06:33:27.355 UTC"] -- duration: 7ms
2025-09-30 13:33:27 [INFO]: [QUERY] INSERT INTO "private"."attachment" ("fileName","fileType","filePath","fileSize","attachmentAbleId","attachmentAbleType","createdAt","updatedAt") VALUES ($1,$2,$3,$4,$5,$6,$7,$8) RETURNING "private"."attachment"."id", "private"."attachment"."fileName", "private"."attachment"."fileType", "private"."attachment"."filePath", "private"."attachment"."fileSize", "private"."attachment"."attachmentAbleId", "private"."attachment"."attachmentAbleType" -- params: ["code.png","image/png","/home/hadi-rachmat-s/Documents/Project/finework/app-finework-backend/uploads/1759214007264-504214689-code.png",51099,24,"product","2025-09-30 06:33:27.365 UTC","2025-09-30 06:33:27.365 UTC"] -- duration: 10ms
2025-09-30 13:33:27 [INFO]: [QUERY] INSERT INTO "private"."attachment" ("fileName","fileType","filePath","fileSize","attachmentAbleId","attachmentAbleType","createdAt","updatedAt") VALUES ($1,$2,$3,$4,$5,$6,$7,$8) RETURNING "private"."attachment"."id", "private"."attachment"."fileName", "private"."attachment"."fileType", "private"."attachment"."filePath", "private"."attachment"."fileSize", "private"."attachment"."attachmentAbleId", "private"."attachment"."attachmentAbleType" -- params: ["css.png","image/png","/home/hadi-rachmat-s/Documents/Project/finework/app-finework-backend/uploads/1759214007264-50852431-css.png",590139,24,"product","2025-09-30 06:33:27.379 UTC","2025-09-30 06:33:27.379 UTC"] -- duration: 6ms
2025-09-30 13:33:37 [INFO]: [QUERY] SELECT "private"."users"."id", "private"."users"."fullname", "private"."users"."email", "private"."users"."role", "private"."users"."status" FROM "private"."users" WHERE ("private"."users"."id" = $1 AND 1=1) LIMIT $2 OFFSET $3 -- params: [2,1,0] -- duration: 0ms
2025-09-30 13:33:37 [INFO]: [QUERY] SELECT "private"."contacts"."id", "private"."contacts"."contact", "private"."contacts"."description", "private"."contacts"."createdAt", "private"."contacts"."updatedAt", "private"."contacts"."userId" FROM "private"."contacts" WHERE "private"."contacts"."userId" IN ($1) OFFSET $2 -- params: [2,0] -- duration: 0ms
2025-09-30 13:33:37 [INFO]: [QUERY] SELECT "private"."testimonials"."id", "private"."testimonials"."content", "private"."testimonials"."rating", "private"."testimonials"."createdAt", "private"."testimonials"."updatedAt", "private"."testimonials"."userId" FROM "private"."testimonials" WHERE "private"."testimonials"."userId" IN ($1) OFFSET $2 -- params: [2,0] -- duration: 0ms
2025-09-30 13:33:37 [INFO]: [QUERY] SELECT "private"."orders"."id", "private"."orders"."amount", "private"."orders"."status", "private"."orders"."createdAt", "private"."orders"."updatedAt", "private"."orders"."userId" FROM "private"."orders" WHERE "private"."orders"."userId" IN ($1) OFFSET $2 -- params: [2,0] -- duration: 0ms
2025-09-30 13:33:37 [INFO]: [QUERY] SELECT "private"."products"."id", "private"."products"."name", "private"."products"."description", "private"."products"."price", "private"."products"."stock", "private"."products"."status", "private"."products"."categoryId" FROM "private"."products" WHERE ("private"."products"."id" = $1 AND 1=1) LIMIT $2 OFFSET $3 -- params: [24,1,0] -- duration: 1ms
2025-09-30 13:33:37 [INFO]: [QUERY] SELECT "private"."attachment"."id", "private"."attachment"."fileName", "private"."attachment"."fileType", "private"."attachment"."filePath", "private"."attachment"."fileSize", "private"."attachment"."attachmentAbleId", "private"."attachment"."attachmentAbleType" FROM "private"."attachment" WHERE ("private"."attachment"."attachmentAbleId" = $1 AND "private"."attachment"."attachmentAbleType" = $2) OFFSET $3 -- params: [24,"product",0] -- duration: 3ms
2025-09-30 13:33:37 [INFO]: [QUERY] DELETE FROM "private"."attachment" WHERE ("private"."attachment"."id" = $1 AND 1=1) RETURNING "private"."attachment"."id", "private"."attachment"."fileName", "private"."attachment"."fileType", "private"."attachment"."filePath", "private"."attachment"."fileSize", "private"."attachment"."attachmentAbleId", "private"."attachment"."attachmentAbleType" -- params: [38] -- duration: 23ms
2025-09-30 13:33:37 [INFO]: [QUERY] DELETE FROM "private"."attachment" WHERE ("private"."attachment"."id" = $1 AND 1=1) RETURNING "private"."attachment"."id", "private"."attachment"."fileName", "private"."attachment"."fileType", "private"."attachment"."filePath", "private"."attachment"."fileSize", "private"."attachment"."attachmentAbleId", "private"."attachment"."attachmentAbleType" -- params: [39] -- duration: 8ms
2025-09-30 13:33:37 [INFO]: [QUERY] DELETE FROM "private"."attachment" WHERE ("private"."attachment"."id" = $1 AND 1=1) RETURNING "private"."attachment"."id", "private"."attachment"."fileName", "private"."attachment"."fileType", "private"."attachment"."filePath", "private"."attachment"."fileSize", "private"."attachment"."attachmentAbleId", "private"."attachment"."attachmentAbleType" -- params: [40] -- duration: 8ms
2025-09-30 13:33:37 [INFO]: [QUERY] DELETE FROM "private"."attachment" WHERE ("private"."attachment"."id" = $1 AND 1=1) RETURNING "private"."attachment"."id", "private"."attachment"."fileName", "private"."attachment"."fileType", "private"."attachment"."filePath", "private"."attachment"."fileSize", "private"."attachment"."attachmentAbleId", "private"."attachment"."attachmentAbleType" -- params: [41] -- duration: 7ms
2025-09-30 13:33:37 [INFO]: [QUERY] DELETE FROM "private"."attachment" WHERE ("private"."attachment"."id" = $1 AND 1=1) RETURNING "private"."attachment"."id", "private"."attachment"."fileName", "private"."attachment"."fileType", "private"."attachment"."filePath", "private"."attachment"."fileSize", "private"."attachment"."attachmentAbleId", "private"."attachment"."attachmentAbleType" -- params: [42] -- duration: 6ms
2025-09-30 13:33:37 [INFO]: [QUERY] DELETE FROM "private"."products" WHERE ("private"."products"."id" = $1 AND 1=1) RETURNING "private"."products"."id", "private"."products"."name", "private"."products"."description", "private"."products"."price", "private"."products"."stock", "private"."products"."status", "private"."products"."createdAt", "private"."products"."updatedAt", "private"."products"."categoryId" -- params: [24] -- duration: 13ms
2025-09-30 13:33:55 [INFO]: [QUERY] SELECT 1 -- params: [] -- duration: 0ms
2025-09-30 13:33:55 [INFO]: [QUERY] SELECT "private"."users"."id", "private"."users"."fullname", "private"."users"."email", "private"."users"."role", "private"."users"."status" FROM "private"."users" WHERE ("private"."users"."id" = $1 AND 1=1) LIMIT $2 OFFSET $3 -- params: [2,1,0] -- duration: 0ms
2025-09-30 13:33:55 [INFO]: [QUERY] SELECT "private"."contacts"."id", "private"."contacts"."contact", "private"."contacts"."description", "private"."contacts"."createdAt", "private"."contacts"."updatedAt", "private"."contacts"."userId" FROM "private"."contacts" WHERE "private"."contacts"."userId" IN ($1) OFFSET $2 -- params: [2,0] -- duration: 1ms
2025-09-30 13:33:55 [INFO]: [QUERY] SELECT "private"."testimonials"."id", "private"."testimonials"."content", "private"."testimonials"."rating", "private"."testimonials"."createdAt", "private"."testimonials"."updatedAt", "private"."testimonials"."userId" FROM "private"."testimonials" WHERE "private"."testimonials"."userId" IN ($1) OFFSET $2 -- params: [2,0] -- duration: 0ms
2025-09-30 13:33:55 [INFO]: [QUERY] SELECT "private"."orders"."id", "private"."orders"."amount", "private"."orders"."status", "private"."orders"."createdAt", "private"."orders"."updatedAt", "private"."orders"."userId" FROM "private"."orders" WHERE "private"."orders"."userId" IN ($1) OFFSET $2 -- params: [2,0] -- duration: 1ms
2025-09-30 13:33:55 [INFO]: [QUERY] SELECT "private"."categories"."id", "private"."categories"."name", "private"."categories"."description" FROM "private"."categories" WHERE ("private"."categories"."id" = $1 AND 1=1) LIMIT $2 OFFSET $3 -- params: [1,1,0] -- duration: 0ms
2025-09-30 13:33:55 [INFO]: [QUERY] INSERT INTO "private"."products" ("name","description","price","stock","status","createdAt","updatedAt","categoryId") VALUES ($1,$2,$3,$4,$5,$6,$7,$8) RETURNING "private"."products"."id", "private"."products"."name", "private"."products"."description", "private"."products"."price", "private"."products"."stock", "private"."products"."status", "private"."products"."categoryId" -- params: ["exampale product to delete","product name description","100000",20,1,"2025-09-30 06:33:55.380 UTC","2025-09-30 06:33:55.380 UTC",1] -- duration: 21ms
2025-09-30 13:33:55 [INFO]: [QUERY] INSERT INTO "private"."attachment" ("fileName","fileType","filePath","fileSize","attachmentAbleId","attachmentAbleType","createdAt","updatedAt") VALUES ($1,$2,$3,$4,$5,$6,$7,$8) RETURNING "private"."attachment"."id", "private"."attachment"."fileName", "private"."attachment"."fileType", "private"."attachment"."filePath", "private"."attachment"."fileSize", "private"."attachment"."attachmentAbleId", "private"."attachment"."attachmentAbleType" -- params: ["typescript.png","image/png","/home/hadi-rachmat-s/Documents/Project/finework/app-finework-backend/uploads/1759214035327-161834436-typescript.png",186561,25,"product","2025-09-30 06:33:55.406 UTC","2025-09-30 06:33:55.406 UTC"] -- duration: 27ms
2025-09-30 13:33:55 [INFO]: [QUERY] INSERT INTO "private"."attachment" ("fileName","fileType","filePath","fileSize","attachmentAbleId","attachmentAbleType","createdAt","updatedAt") VALUES ($1,$2,$3,$4,$5,$6,$7,$8) RETURNING "private"."attachment"."id", "private"."attachment"."fileName", "private"."attachment"."fileType", "private"."attachment"."filePath", "private"."attachment"."fileSize", "private"."attachment"."attachmentAbleId", "private"."attachment"."attachmentAbleType" -- params: ["javascript.png","image/png","/home/hadi-rachmat-s/Documents/Project/finework/app-finework-backend/uploads/1759214035335-199938785-javascript.png",159935,25,"product","2025-09-30 06:33:55.438 UTC","2025-09-30 06:33:55.438 UTC"] -- duration: 39ms
2025-09-30 13:33:55 [INFO]: [QUERY] INSERT INTO "private"."attachment" ("fileName","fileType","filePath","fileSize","attachmentAbleId","attachmentAbleType","createdAt","updatedAt") VALUES ($1,$2,$3,$4,$5,$6,$7,$8) RETURNING "private"."attachment"."id", "private"."attachment"."fileName", "private"."attachment"."fileType", "private"."attachment"."filePath", "private"."attachment"."fileSize", "private"."attachment"."attachmentAbleId", "private"."attachment"."attachmentAbleType" -- params: ["figma.png","image/png","/home/hadi-rachmat-s/Documents/Project/finework/app-finework-backend/uploads/1759214035341-415212683-figma.png",644497,25,"product","2025-09-30 06:33:55.479 UTC","2025-09-30 06:33:55.479 UTC"] -- duration: 9ms
2025-09-30 13:33:55 [INFO]: [QUERY] INSERT INTO "private"."attachment" ("fileName","fileType","filePath","fileSize","attachmentAbleId","attachmentAbleType","createdAt","updatedAt") VALUES ($1,$2,$3,$4,$5,$6,$7,$8) RETURNING "private"."attachment"."id", "private"."attachment"."fileName", "private"."attachment"."fileType", "private"."attachment"."filePath", "private"."attachment"."fileSize", "private"."attachment"."attachmentAbleId", "private"."attachment"."attachmentAbleType" -- params: ["code.png","image/png","/home/hadi-rachmat-s/Documents/Project/finework/app-finework-backend/uploads/1759214035357-275907293-code.png",51099,25,"product","2025-09-30 06:33:55.495 UTC","2025-09-30 06:33:55.495 UTC"] -- duration: 5ms
2025-09-30 13:33:55 [INFO]: [QUERY] INSERT INTO "private"."attachment" ("fileName","fileType","filePath","fileSize","attachmentAbleId","attachmentAbleType","createdAt","updatedAt") VALUES ($1,$2,$3,$4,$5,$6,$7,$8) RETURNING "private"."attachment"."id", "private"."attachment"."fileName", "private"."attachment"."fileType", "private"."attachment"."filePath", "private"."attachment"."fileSize", "private"."attachment"."attachmentAbleId", "private"."attachment"."attachmentAbleType" -- params: ["css.png","image/png","/home/hadi-rachmat-s/Documents/Project/finework/app-finework-backend/uploads/1759214035359-649398392-css.png",590139,25,"product","2025-09-30 06:33:55.505 UTC","2025-09-30 06:33:55.505 UTC"] -- duration: 5ms
2025-09-30 13:34:25 [INFO]: [QUERY] SELECT 1 -- params: [] -- duration: 0ms
2025-09-30 13:34:25 [INFO]: [QUERY] SELECT "private"."users"."id", "private"."users"."fullname", "private"."users"."email", "private"."users"."role", "private"."users"."status" FROM "private"."users" WHERE ("private"."users"."id" = $1 AND 1=1) LIMIT $2 OFFSET $3 -- params: [2,1,0] -- duration: 2ms
2025-09-30 13:34:25 [INFO]: [QUERY] SELECT "private"."contacts"."id", "private"."contacts"."contact", "private"."contacts"."description", "private"."contacts"."createdAt", "private"."contacts"."updatedAt", "private"."contacts"."userId" FROM "private"."contacts" WHERE "private"."contacts"."userId" IN ($1) OFFSET $2 -- params: [2,0] -- duration: 0ms
2025-09-30 13:34:25 [INFO]: [QUERY] SELECT "private"."testimonials"."id", "private"."testimonials"."content", "private"."testimonials"."rating", "private"."testimonials"."createdAt", "private"."testimonials"."updatedAt", "private"."testimonials"."userId" FROM "private"."testimonials" WHERE "private"."testimonials"."userId" IN ($1) OFFSET $2 -- params: [2,0] -- duration: 0ms
2025-09-30 13:34:25 [INFO]: [QUERY] SELECT "private"."orders"."id", "private"."orders"."amount", "private"."orders"."status", "private"."orders"."createdAt", "private"."orders"."updatedAt", "private"."orders"."userId" FROM "private"."orders" WHERE "private"."orders"."userId" IN ($1) OFFSET $2 -- params: [2,0] -- duration: 0ms
2025-09-30 13:34:25 [INFO]: [QUERY] SELECT "private"."products"."id", "private"."products"."name", "private"."products"."description", "private"."products"."price", "private"."products"."stock", "private"."products"."status", "private"."products"."categoryId" FROM "private"."products" WHERE ("private"."products"."id" = $1 AND 1=1) LIMIT $2 OFFSET $3 -- params: [25,1,0] -- duration: 0ms
2025-09-30 13:34:25 [INFO]: [QUERY] SELECT "private"."attachment"."id", "private"."attachment"."fileName", "private"."attachment"."fileType", "private"."attachment"."filePath", "private"."attachment"."fileSize", "private"."attachment"."attachmentAbleId", "private"."attachment"."attachmentAbleType" FROM "private"."attachment" WHERE ("private"."attachment"."attachmentAbleId" = $1 AND "private"."attachment"."attachmentAbleType" = $2) OFFSET $3 -- params: [25,"product",0] -- duration: 0ms
2025-09-30 13:34:25 [INFO]: [QUERY] DELETE FROM "private"."attachment" WHERE ("private"."attachment"."id" = $1 AND 1=1) RETURNING "private"."attachment"."id", "private"."attachment"."fileName", "private"."attachment"."fileType", "private"."attachment"."filePath", "private"."attachment"."fileSize", "private"."attachment"."attachmentAbleId", "private"."attachment"."attachmentAbleType" -- params: [43] -- duration: 24ms
2025-09-30 13:34:25 [INFO]: [QUERY] DELETE FROM "private"."attachment" WHERE ("private"."attachment"."id" = $1 AND 1=1) RETURNING "private"."attachment"."id", "private"."attachment"."fileName", "private"."attachment"."fileType", "private"."attachment"."filePath", "private"."attachment"."fileSize", "private"."attachment"."attachmentAbleId", "private"."attachment"."attachmentAbleType" -- params: [44] -- duration: 8ms
2025-09-30 13:34:25 [INFO]: [QUERY] DELETE FROM "private"."attachment" WHERE ("private"."attachment"."id" = $1 AND 1=1) RETURNING "private"."attachment"."id", "private"."attachment"."fileName", "private"."attachment"."fileType", "private"."attachment"."filePath", "private"."attachment"."fileSize", "private"."attachment"."attachmentAbleId", "private"."attachment"."attachmentAbleType" -- params: [45] -- duration: 9ms
2025-09-30 13:34:25 [INFO]: [QUERY] DELETE FROM "private"."attachment" WHERE ("private"."attachment"."id" = $1 AND 1=1) RETURNING "private"."attachment"."id", "private"."attachment"."fileName", "private"."attachment"."fileType", "private"."attachment"."filePath", "private"."attachment"."fileSize", "private"."attachment"."attachmentAbleId", "private"."attachment"."attachmentAbleType" -- params: [46] -- duration: 7ms
2025-09-30 13:34:25 [INFO]: [QUERY] DELETE FROM "private"."attachment" WHERE ("private"."attachment"."id" = $1 AND 1=1) RETURNING "private"."attachment"."id", "private"."attachment"."fileName", "private"."attachment"."fileType", "private"."attachment"."filePath", "private"."attachment"."fileSize", "private"."attachment"."attachmentAbleId", "private"."attachment"."attachmentAbleType" -- params: [47] -- duration: 9ms
2025-09-30 13:34:25 [INFO]: [QUERY] DELETE FROM "private"."products" WHERE ("private"."products"."id" = $1 AND 1=1) RETURNING "private"."products"."id", "private"."products"."name", "private"."products"."description", "private"."products"."price", "private"."products"."stock", "private"."products"."status", "private"."products"."createdAt", "private"."products"."updatedAt", "private"."products"."categoryId" -- params: [25] -- duration: 15ms
2025-09-30 13:52:39 [INFO]: [INFO] Starting a postgresql pool with 5 connections.
2025-09-30 13:52:39 [INFO]: [QUERY] SELECT "private"."users"."id", "private"."users"."fullname", "private"."users"."email", "private"."users"."role", "private"."users"."status" FROM "private"."users" WHERE ("private"."users"."id" = $1 AND 1=1) LIMIT $2 OFFSET $3 -- params: [2,1,0] -- duration: 2ms
2025-09-30 13:52:39 [INFO]: [QUERY] SELECT "private"."contacts"."id", "private"."contacts"."contact", "private"."contacts"."description", "private"."contacts"."createdAt", "private"."contacts"."updatedAt", "private"."contacts"."userId" FROM "private"."contacts" WHERE "private"."contacts"."userId" IN ($1) OFFSET $2 -- params: [2,0] -- duration: 1ms
2025-09-30 13:52:39 [INFO]: [QUERY] SELECT "private"."testimonials"."id", "private"."testimonials"."content", "private"."testimonials"."rating", "private"."testimonials"."createdAt", "private"."testimonials"."updatedAt", "private"."testimonials"."userId" FROM "private"."testimonials" WHERE "private"."testimonials"."userId" IN ($1) OFFSET $2 -- params: [2,0] -- duration: 2ms
2025-09-30 13:52:39 [INFO]: [QUERY] SELECT "private"."orders"."id", "private"."orders"."amount", "private"."orders"."status", "private"."orders"."createdAt", "private"."orders"."updatedAt", "private"."orders"."userId" FROM "private"."orders" WHERE "private"."orders"."userId" IN ($1) OFFSET $2 -- params: [2,0] -- duration: 3ms
2025-09-30 13:54:14 [INFO]: [QUERY] SELECT 1 -- params: [] -- duration: 0ms
2025-09-30 13:54:14 [INFO]: [QUERY] SELECT "private"."users"."id", "private"."users"."fullname", "private"."users"."email", "private"."users"."role", "private"."users"."status" FROM "private"."users" WHERE ("private"."users"."id" = $1 AND 1=1) LIMIT $2 OFFSET $3 -- params: [2,1,0] -- duration: 0ms
2025-09-30 13:54:14 [INFO]: [QUERY] SELECT "private"."contacts"."id", "private"."contacts"."contact", "private"."contacts"."description", "private"."contacts"."createdAt", "private"."contacts"."updatedAt", "private"."contacts"."userId" FROM "private"."contacts" WHERE "private"."contacts"."userId" IN ($1) OFFSET $2 -- params: [2,0] -- duration: 0ms
2025-09-30 13:54:14 [INFO]: [QUERY] SELECT "private"."testimonials"."id", "private"."testimonials"."content", "private"."testimonials"."rating", "private"."testimonials"."createdAt", "private"."testimonials"."updatedAt", "private"."testimonials"."userId" FROM "private"."testimonials" WHERE "private"."testimonials"."userId" IN ($1) OFFSET $2 -- params: [2,0] -- duration: 2ms
2025-09-30 13:54:14 [INFO]: [QUERY] SELECT "private"."orders"."id", "private"."orders"."amount", "private"."orders"."status", "private"."orders"."createdAt", "private"."orders"."updatedAt", "private"."orders"."userId" FROM "private"."orders" WHERE "private"."orders"."userId" IN ($1) OFFSET $2 -- params: [2,0] -- duration: 2ms
2025-09-30 13:54:19 [INFO]: [QUERY] SELECT "private"."users"."id", "private"."users"."fullname", "private"."users"."email", "private"."users"."role", "private"."users"."status" FROM "private"."users" WHERE ("private"."users"."id" = $1 AND 1=1) LIMIT $2 OFFSET $3 -- params: [2,1,0] -- duration: 0ms
2025-09-30 13:54:19 [INFO]: [QUERY] SELECT "private"."contacts"."id", "private"."contacts"."contact", "private"."contacts"."description", "private"."contacts"."createdAt", "private"."contacts"."updatedAt", "private"."contacts"."userId" FROM "private"."contacts" WHERE "private"."contacts"."userId" IN ($1) OFFSET $2 -- params: [2,0] -- duration: 0ms
2025-09-30 13:54:19 [INFO]: [QUERY] SELECT "private"."testimonials"."id", "private"."testimonials"."content", "private"."testimonials"."rating", "private"."testimonials"."createdAt", "private"."testimonials"."updatedAt", "private"."testimonials"."userId" FROM "private"."testimonials" WHERE "private"."testimonials"."userId" IN ($1) OFFSET $2 -- params: [2,0] -- duration: 0ms
2025-09-30 13:54:19 [INFO]: [QUERY] SELECT "private"."orders"."id", "private"."orders"."amount", "private"."orders"."status", "private"."orders"."createdAt", "private"."orders"."updatedAt", "private"."orders"."userId" FROM "private"."orders" WHERE "private"."orders"."userId" IN ($1) OFFSET $2 -- params: [2,0] -- duration: 0ms
2025-09-30 13:55:00 [INFO]: [QUERY] SELECT 1 -- params: [] -- duration: 0ms
2025-09-30 13:55:00 [INFO]: [QUERY] SELECT "private"."users"."id", "private"."users"."fullname", "private"."users"."email", "private"."users"."role", "private"."users"."status" FROM "private"."users" WHERE ("private"."users"."id" = $1 AND 1=1) LIMIT $2 OFFSET $3 -- params: [2,1,0] -- duration: 0ms
2025-09-30 13:55:00 [INFO]: [QUERY] SELECT "private"."contacts"."id", "private"."contacts"."contact", "private"."contacts"."description", "private"."contacts"."createdAt", "private"."contacts"."updatedAt", "private"."contacts"."userId" FROM "private"."contacts" WHERE "private"."contacts"."userId" IN ($1) OFFSET $2 -- params: [2,0] -- duration: 0ms
2025-09-30 13:55:00 [INFO]: [QUERY] SELECT "private"."testimonials"."id", "private"."testimonials"."content", "private"."testimonials"."rating", "private"."testimonials"."createdAt", "private"."testimonials"."updatedAt", "private"."testimonials"."userId" FROM "private"."testimonials" WHERE "private"."testimonials"."userId" IN ($1) OFFSET $2 -- params: [2,0] -- duration: 0ms
2025-09-30 13:55:00 [INFO]: [QUERY] SELECT "private"."orders"."id", "private"."orders"."amount", "private"."orders"."status", "private"."orders"."createdAt", "private"."orders"."updatedAt", "private"."orders"."userId" FROM "private"."orders" WHERE "private"."orders"."userId" IN ($1) OFFSET $2 -- params: [2,0] -- duration: 0ms
2025-09-30 13:55:55 [INFO]: [QUERY] SELECT 1 -- params: [] -- duration: 0ms
2025-09-30 13:55:55 [INFO]: [QUERY] SELECT "private"."users"."id", "private"."users"."fullname", "private"."users"."email", "private"."users"."role", "private"."users"."status" FROM "private"."users" WHERE ("private"."users"."id" = $1 AND 1=1) LIMIT $2 OFFSET $3 -- params: [2,1,0] -- duration: 1ms
2025-09-30 13:55:55 [INFO]: [QUERY] SELECT "private"."contacts"."id", "private"."contacts"."contact", "private"."contacts"."description", "private"."contacts"."createdAt", "private"."contacts"."updatedAt", "private"."contacts"."userId" FROM "private"."contacts" WHERE "private"."contacts"."userId" IN ($1) OFFSET $2 -- params: [2,0] -- duration: 1ms
2025-09-30 13:55:55 [INFO]: [QUERY] SELECT "private"."testimonials"."id", "private"."testimonials"."content", "private"."testimonials"."rating", "private"."testimonials"."createdAt", "private"."testimonials"."updatedAt", "private"."testimonials"."userId" FROM "private"."testimonials" WHERE "private"."testimonials"."userId" IN ($1) OFFSET $2 -- params: [2,0] -- duration: 0ms
2025-09-30 13:55:55 [INFO]: [QUERY] SELECT "private"."orders"."id", "private"."orders"."amount", "private"."orders"."status", "private"."orders"."createdAt", "private"."orders"."updatedAt", "private"."orders"."userId" FROM "private"."orders" WHERE "private"."orders"."userId" IN ($1) OFFSET $2 -- params: [2,0] -- duration: 0ms
2025-10-01 04:47:10 [INFO]: [INFO] Starting a postgresql pool with 5 connections.
2025-10-01 04:47:10 [INFO]: [QUERY] SELECT "private"."users"."id", "private"."users"."fullname", "private"."users"."email", "private"."users"."password", "private"."users"."role", "private"."users"."status" FROM "private"."users" WHERE ("private"."users"."email" = $1 AND 1=1) LIMIT $2 OFFSET $3 -- params: ["admin@gmail.com",1,0] -- duration: 3ms
2025-10-01 04:47:10 [INFO]: [QUERY] SELECT "private"."contacts"."id", "private"."contacts"."contact", "private"."contacts"."description", "private"."contacts"."createdAt", "private"."contacts"."updatedAt", "private"."contacts"."userId" FROM "private"."contacts" WHERE "private"."contacts"."userId" IN ($1) OFFSET $2 -- params: [2,0] -- duration: 2ms
2025-10-01 04:47:10 [INFO]: [QUERY] SELECT "private"."testimonials"."id", "private"."testimonials"."content", "private"."testimonials"."rating", "private"."testimonials"."createdAt", "private"."testimonials"."updatedAt", "private"."testimonials"."userId" FROM "private"."testimonials" WHERE "private"."testimonials"."userId" IN ($1) OFFSET $2 -- params: [2,0] -- duration: 2ms
2025-10-01 04:47:10 [INFO]: [QUERY] SELECT "private"."orders"."id", "private"."orders"."amount", "private"."orders"."status", "private"."orders"."createdAt", "private"."orders"."updatedAt", "private"."orders"."userId" FROM "private"."orders" WHERE "private"."orders"."userId" IN ($1) OFFSET $2 -- params: [2,0] -- duration: 1ms
2025-10-01 04:47:14 [INFO]: [QUERY] SELECT "private"."users"."id", "private"."users"."fullname", "private"."users"."email", "private"."users"."role", "private"."users"."status" FROM "private"."users" WHERE ("private"."users"."id" = $1 AND 1=1) LIMIT $2 OFFSET $3 -- params: [2,1,0] -- duration: 0ms
2025-10-01 04:47:14 [INFO]: [QUERY] SELECT "private"."contacts"."id", "private"."contacts"."contact", "private"."contacts"."description", "private"."contacts"."createdAt", "private"."contacts"."updatedAt", "private"."contacts"."userId" FROM "private"."contacts" WHERE "private"."contacts"."userId" IN ($1) OFFSET $2 -- params: [2,0] -- duration: 0ms
2025-10-01 04:47:14 [INFO]: [QUERY] SELECT "private"."testimonials"."id", "private"."testimonials"."content", "private"."testimonials"."rating", "private"."testimonials"."createdAt", "private"."testimonials"."updatedAt", "private"."testimonials"."userId" FROM "private"."testimonials" WHERE "private"."testimonials"."userId" IN ($1) OFFSET $2 -- params: [2,0] -- duration: 0ms
2025-10-01 04:47:14 [INFO]: [QUERY] SELECT "private"."orders"."id", "private"."orders"."amount", "private"."orders"."status", "private"."orders"."createdAt", "private"."orders"."updatedAt", "private"."orders"."userId" FROM "private"."orders" WHERE "private"."orders"."userId" IN ($1) OFFSET $2 -- params: [2,0] -- duration: 0ms
2025-10-01 04:47:31 [INFO]: [QUERY] SELECT 1 -- params: [] -- duration: 0ms
2025-10-01 04:47:31 [INFO]: [QUERY] SELECT "private"."users"."id", "private"."users"."fullname", "private"."users"."email", "private"."users"."role", "private"."users"."status" FROM "private"."users" WHERE ("private"."users"."id" = $1 AND 1=1) LIMIT $2 OFFSET $3 -- params: [2,1,0] -- duration: 1ms
2025-10-01 04:47:31 [INFO]: [QUERY] SELECT "private"."contacts"."id", "private"."contacts"."contact", "private"."contacts"."description", "private"."contacts"."createdAt", "private"."contacts"."updatedAt", "private"."contacts"."userId" FROM "private"."contacts" WHERE "private"."contacts"."userId" IN ($1) OFFSET $2 -- params: [2,0] -- duration: 1ms
2025-10-01 04:47:31 [INFO]: [QUERY] SELECT "private"."testimonials"."id", "private"."testimonials"."content", "private"."testimonials"."rating", "private"."testimonials"."createdAt", "private"."testimonials"."updatedAt", "private"."testimonials"."userId" FROM "private"."testimonials" WHERE "private"."testimonials"."userId" IN ($1) OFFSET $2 -- params: [2,0] -- duration: 0ms
2025-10-01 04:47:31 [INFO]: [QUERY] SELECT "private"."orders"."id", "private"."orders"."amount", "private"."orders"."status", "private"."orders"."createdAt", "private"."orders"."updatedAt", "private"."orders"."userId" FROM "private"."orders" WHERE "private"."orders"."userId" IN ($1) OFFSET $2 -- params: [2,0] -- duration: 0ms
2025-10-01 04:48:03 [INFO]: [QUERY] SELECT 1 -- params: [] -- duration: 0ms
2025-10-01 04:48:03 [INFO]: [QUERY] SELECT "private"."users"."id", "private"."users"."fullname", "private"."users"."email", "private"."users"."role", "private"."users"."status" FROM "private"."users" WHERE ("private"."users"."id" = $1 AND 1=1) LIMIT $2 OFFSET $3 -- params: [2,1,0] -- duration: 0ms
2025-10-01 04:48:03 [INFO]: [QUERY] SELECT "private"."contacts"."id", "private"."contacts"."contact", "private"."contacts"."description", "private"."contacts"."createdAt", "private"."contacts"."updatedAt", "private"."contacts"."userId" FROM "private"."contacts" WHERE "private"."contacts"."userId" IN ($1) OFFSET $2 -- params: [2,0] -- duration: 0ms
2025-10-01 04:48:03 [INFO]: [QUERY] SELECT "private"."testimonials"."id", "private"."testimonials"."content", "private"."testimonials"."rating", "private"."testimonials"."createdAt", "private"."testimonials"."updatedAt", "private"."testimonials"."userId" FROM "private"."testimonials" WHERE "private"."testimonials"."userId" IN ($1) OFFSET $2 -- params: [2,0] -- duration: 0ms
2025-10-01 04:48:03 [INFO]: [QUERY] SELECT "private"."orders"."id", "private"."orders"."amount", "private"."orders"."status", "private"."orders"."createdAt", "private"."orders"."updatedAt", "private"."orders"."userId" FROM "private"."orders" WHERE "private"."orders"."userId" IN ($1) OFFSET $2 -- params: [2,0] -- duration: 0ms
2025-10-01 04:48:17 [INFO]: [QUERY] SELECT "private"."users"."id", "private"."users"."fullname", "private"."users"."email", "private"."users"."role", "private"."users"."status" FROM "private"."users" WHERE ("private"."users"."id" = $1 AND 1=1) LIMIT $2 OFFSET $3 -- params: [2,1,0] -- duration: 0ms
2025-10-01 04:48:17 [INFO]: [QUERY] SELECT "private"."contacts"."id", "private"."contacts"."contact", "private"."contacts"."description", "private"."contacts"."createdAt", "private"."contacts"."updatedAt", "private"."contacts"."userId" FROM "private"."contacts" WHERE "private"."contacts"."userId" IN ($1) OFFSET $2 -- params: [2,0] -- duration: 0ms
2025-10-01 04:48:17 [INFO]: [QUERY] SELECT "private"."testimonials"."id", "private"."testimonials"."content", "private"."testimonials"."rating", "private"."testimonials"."createdAt", "private"."testimonials"."updatedAt", "private"."testimonials"."userId" FROM "private"."testimonials" WHERE "private"."testimonials"."userId" IN ($1) OFFSET $2 -- params: [2,0] -- duration: 0ms
2025-10-01 04:48:17 [INFO]: [QUERY] SELECT "private"."orders"."id", "private"."orders"."amount", "private"."orders"."status", "private"."orders"."createdAt", "private"."orders"."updatedAt", "private"."orders"."userId" FROM "private"."orders" WHERE "private"."orders"."userId" IN ($1) OFFSET $2 -- params: [2,0] -- duration: 0ms
2025-10-01 04:49:38 [INFO]: [QUERY] SELECT 1 -- params: [] -- duration: 0ms
2025-10-01 04:49:38 [INFO]: [QUERY] SELECT "private"."users"."id", "private"."users"."fullname", "private"."users"."email", "private"."users"."role", "private"."users"."status" FROM "private"."users" WHERE ("private"."users"."id" = $1 AND 1=1) LIMIT $2 OFFSET $3 -- params: [2,1,0] -- duration: 1ms
2025-10-01 04:49:38 [INFO]: [QUERY] SELECT "private"."contacts"."id", "private"."contacts"."contact", "private"."contacts"."description", "private"."contacts"."createdAt", "private"."contacts"."updatedAt", "private"."contacts"."userId" FROM "private"."contacts" WHERE "private"."contacts"."userId" IN ($1) OFFSET $2 -- params: [2,0] -- duration: 0ms
2025-10-01 04:49:38 [INFO]: [QUERY] SELECT "private"."testimonials"."id", "private"."testimonials"."content", "private"."testimonials"."rating", "private"."testimonials"."createdAt", "private"."testimonials"."updatedAt", "private"."testimonials"."userId" FROM "private"."testimonials" WHERE "private"."testimonials"."userId" IN ($1) OFFSET $2 -- params: [2,0] -- duration: 0ms
2025-10-01 04:49:38 [INFO]: [QUERY] SELECT "private"."orders"."id", "private"."orders"."amount", "private"."orders"."status", "private"."orders"."createdAt", "private"."orders"."updatedAt", "private"."orders"."userId" FROM "private"."orders" WHERE "private"."orders"."userId" IN ($1) OFFSET $2 -- params: [2,0] -- duration: 0ms
2025-10-01 04:50:33 [INFO]: [INFO] Starting a postgresql pool with 5 connections.
2025-10-01 04:50:33 [INFO]: [QUERY] SELECT "private"."users"."id", "private"."users"."fullname", "private"."users"."email", "private"."users"."role", "private"."users"."status" FROM "private"."users" WHERE ("private"."users"."id" = $1 AND 1=1) LIMIT $2 OFFSET $3 -- params: [2,1,0] -- duration: 1ms
2025-10-01 04:50:33 [INFO]: [QUERY] SELECT "private"."contacts"."id", "private"."contacts"."contact", "private"."contacts"."description", "private"."contacts"."createdAt", "private"."contacts"."updatedAt", "private"."contacts"."userId" FROM "private"."contacts" WHERE "private"."contacts"."userId" IN ($1) OFFSET $2 -- params: [2,0] -- duration: 1ms
2025-10-01 04:50:33 [INFO]: [QUERY] SELECT "private"."testimonials"."id", "private"."testimonials"."content", "private"."testimonials"."rating", "private"."testimonials"."createdAt", "private"."testimonials"."updatedAt", "private"."testimonials"."userId" FROM "private"."testimonials" WHERE "private"."testimonials"."userId" IN ($1) OFFSET $2 -- params: [2,0] -- duration: 2ms
2025-10-01 04:50:33 [INFO]: [QUERY] SELECT "private"."orders"."id", "private"."orders"."amount", "private"."orders"."status", "private"."orders"."createdAt", "private"."orders"."updatedAt", "private"."orders"."userId" FROM "private"."orders" WHERE "private"."orders"."userId" IN ($1) OFFSET $2 -- params: [2,0] -- duration: 1ms
2025-10-01 04:52:56 [INFO]: [INFO] Starting a postgresql pool with 5 connections.
2025-10-01 04:52:57 [INFO]: [QUERY] SELECT "private"."users"."id", "private"."users"."fullname", "private"."users"."email", "private"."users"."role", "private"."users"."status" FROM "private"."users" WHERE ("private"."users"."id" = $1 AND 1=1) LIMIT $2 OFFSET $3 -- params: [2,1,0] -- duration: 1ms
2025-10-01 04:52:57 [INFO]: [QUERY] SELECT "private"."contacts"."id", "private"."contacts"."contact", "private"."contacts"."description", "private"."contacts"."createdAt", "private"."contacts"."updatedAt", "private"."contacts"."userId" FROM "private"."contacts" WHERE "private"."contacts"."userId" IN ($1) OFFSET $2 -- params: [2,0] -- duration: 1ms
2025-10-01 04:52:57 [INFO]: [QUERY] SELECT "private"."testimonials"."id", "private"."testimonials"."content", "private"."testimonials"."rating", "private"."testimonials"."createdAt", "private"."testimonials"."updatedAt", "private"."testimonials"."userId" FROM "private"."testimonials" WHERE "private"."testimonials"."userId" IN ($1) OFFSET $2 -- params: [2,0] -- duration: 1ms
2025-10-01 04:52:57 [INFO]: [QUERY] SELECT "private"."orders"."id", "private"."orders"."amount", "private"."orders"."status", "private"."orders"."createdAt", "private"."orders"."updatedAt", "private"."orders"."userId" FROM "private"."orders" WHERE "private"."orders"."userId" IN ($1) OFFSET $2 -- params: [2,0] -- duration: 1ms
2025-10-01 04:55:13 [INFO]: [INFO] Starting a postgresql pool with 5 connections.
2025-10-01 04:55:13 [INFO]: [QUERY] SELECT "private"."users"."id", "private"."users"."fullname", "private"."users"."email", "private"."users"."role", "private"."users"."status" FROM "private"."users" WHERE ("private"."users"."id" = $1 AND 1=1) LIMIT $2 OFFSET $3 -- params: [2,1,0] -- duration: 1ms
2025-10-01 04:55:13 [INFO]: [QUERY] SELECT "private"."contacts"."id", "private"."contacts"."contact", "private"."contacts"."description", "private"."contacts"."createdAt", "private"."contacts"."updatedAt", "private"."contacts"."userId" FROM "private"."contacts" WHERE "private"."contacts"."userId" IN ($1) OFFSET $2 -- params: [2,0] -- duration: 1ms
2025-10-01 04:55:13 [INFO]: [QUERY] SELECT "private"."testimonials"."id", "private"."testimonials"."content", "private"."testimonials"."rating", "private"."testimonials"."createdAt", "private"."testimonials"."updatedAt", "private"."testimonials"."userId" FROM "private"."testimonials" WHERE "private"."testimonials"."userId" IN ($1) OFFSET $2 -- params: [2,0] -- duration: 1ms
2025-10-01 04:55:13 [INFO]: [QUERY] SELECT "private"."orders"."id", "private"."orders"."amount", "private"."orders"."status", "private"."orders"."createdAt", "private"."orders"."updatedAt", "private"."orders"."userId" FROM "private"."orders" WHERE "private"."orders"."userId" IN ($1) OFFSET $2 -- params: [2,0] -- duration: 1ms
2025-10-01 04:56:05 [INFO]: [INFO] Starting a postgresql pool with 5 connections.
2025-10-01 04:56:05 [INFO]: [QUERY] SELECT "private"."users"."id", "private"."users"."fullname", "private"."users"."email", "private"."users"."role", "private"."users"."status" FROM "private"."users" WHERE ("private"."users"."id" = $1 AND 1=1) LIMIT $2 OFFSET $3 -- params: [2,1,0] -- duration: 1ms
2025-10-01 04:56:05 [INFO]: [QUERY] SELECT "private"."contacts"."id", "private"."contacts"."contact", "private"."contacts"."description", "private"."contacts"."createdAt", "private"."contacts"."updatedAt", "private"."contacts"."userId" FROM "private"."contacts" WHERE "private"."contacts"."userId" IN ($1) OFFSET $2 -- params: [2,0] -- duration: 1ms
2025-10-01 04:56:05 [INFO]: [QUERY] SELECT "private"."testimonials"."id", "private"."testimonials"."content", "private"."testimonials"."rating", "private"."testimonials"."createdAt", "private"."testimonials"."updatedAt", "private"."testimonials"."userId" FROM "private"."testimonials" WHERE "private"."testimonials"."userId" IN ($1) OFFSET $2 -- params: [2,0] -- duration: 1ms
2025-10-01 04:56:05 [INFO]: [QUERY] SELECT "private"."orders"."id", "private"."orders"."amount", "private"."orders"."status", "private"."orders"."createdAt", "private"."orders"."updatedAt", "private"."orders"."userId" FROM "private"."orders" WHERE "private"."orders"."userId" IN ($1) OFFSET $2 -- params: [2,0] -- duration: 3ms
2025-10-01 04:56:41 [INFO]: [QUERY] SELECT 1 -- params: [] -- duration: 0ms
2025-10-01 04:56:41 [INFO]: [QUERY] SELECT "private"."users"."id", "private"."users"."fullname", "private"."users"."email", "private"."users"."role", "private"."users"."status" FROM "private"."users" WHERE ("private"."users"."id" = $1 AND 1=1) LIMIT $2 OFFSET $3 -- params: [2,1,0] -- duration: 0ms
2025-10-01 04:56:41 [INFO]: [QUERY] SELECT "private"."contacts"."id", "private"."contacts"."contact", "private"."contacts"."description", "private"."contacts"."createdAt", "private"."contacts"."updatedAt", "private"."contacts"."userId" FROM "private"."contacts" WHERE "private"."contacts"."userId" IN ($1) OFFSET $2 -- params: [2,0] -- duration: 0ms
2025-10-01 04:56:41 [INFO]: [QUERY] SELECT "private"."testimonials"."id", "private"."testimonials"."content", "private"."testimonials"."rating", "private"."testimonials"."createdAt", "private"."testimonials"."updatedAt", "private"."testimonials"."userId" FROM "private"."testimonials" WHERE "private"."testimonials"."userId" IN ($1) OFFSET $2 -- params: [2,0] -- duration: 0ms
2025-10-01 04:56:41 [INFO]: [QUERY] SELECT "private"."orders"."id", "private"."orders"."amount", "private"."orders"."status", "private"."orders"."createdAt", "private"."orders"."updatedAt", "private"."orders"."userId" FROM "private"."orders" WHERE "private"."orders"."userId" IN ($1) OFFSET $2 -- params: [2,0] -- duration: 2ms
2025-10-01 05:02:22 [INFO]: [INFO] Starting a postgresql pool with 5 connections.
2025-10-01 05:02:22 [INFO]: [QUERY] SELECT "private"."users"."id", "private"."users"."fullname", "private"."users"."email", "private"."users"."role", "private"."users"."status" FROM "private"."users" WHERE ("private"."users"."id" = $1 AND 1=1) LIMIT $2 OFFSET $3 -- params: [2,1,0] -- duration: 1ms
2025-10-01 05:02:22 [INFO]: [QUERY] SELECT "private"."contacts"."id", "private"."contacts"."contact", "private"."contacts"."description", "private"."contacts"."createdAt", "private"."contacts"."updatedAt", "private"."contacts"."userId" FROM "private"."contacts" WHERE "private"."contacts"."userId" IN ($1) OFFSET $2 -- params: [2,0] -- duration: 1ms
2025-10-01 05:02:22 [INFO]: [QUERY] SELECT "private"."testimonials"."id", "private"."testimonials"."content", "private"."testimonials"."rating", "private"."testimonials"."createdAt", "private"."testimonials"."updatedAt", "private"."testimonials"."userId" FROM "private"."testimonials" WHERE "private"."testimonials"."userId" IN ($1) OFFSET $2 -- params: [2,0] -- duration: 1ms
2025-10-01 05:02:22 [INFO]: [QUERY] SELECT "private"."orders"."id", "private"."orders"."amount", "private"."orders"."status", "private"."orders"."createdAt", "private"."orders"."updatedAt", "private"."orders"."userId" FROM "private"."orders" WHERE "private"."orders"."userId" IN ($1) OFFSET $2 -- params: [2,0] -- duration: 2ms
2025-10-01 05:03:35 [INFO]: [QUERY] SELECT 1 -- params: [] -- duration: 0ms
2025-10-01 05:03:35 [INFO]: [QUERY] SELECT "private"."users"."id", "private"."users"."fullname", "private"."users"."email", "private"."users"."role", "private"."users"."status" FROM "private"."users" WHERE ("private"."users"."id" = $1 AND 1=1) LIMIT $2 OFFSET $3 -- params: [2,1,0] -- duration: 0ms
2025-10-01 05:03:35 [INFO]: [QUERY] SELECT "private"."contacts"."id", "private"."contacts"."contact", "private"."contacts"."description", "private"."contacts"."createdAt", "private"."contacts"."updatedAt", "private"."contacts"."userId" FROM "private"."contacts" WHERE "private"."contacts"."userId" IN ($1) OFFSET $2 -- params: [2,0] -- duration: 0ms
2025-10-01 05:03:35 [INFO]: [QUERY] SELECT "private"."testimonials"."id", "private"."testimonials"."content", "private"."testimonials"."rating", "private"."testimonials"."createdAt", "private"."testimonials"."updatedAt", "private"."testimonials"."userId" FROM "private"."testimonials" WHERE "private"."testimonials"."userId" IN ($1) OFFSET $2 -- params: [2,0] -- duration: 0ms
2025-10-01 05:03:35 [INFO]: [QUERY] SELECT "private"."orders"."id", "private"."orders"."amount", "private"."orders"."status", "private"."orders"."createdAt", "private"."orders"."updatedAt", "private"."orders"."userId" FROM "private"."orders" WHERE "private"."orders"."userId" IN ($1) OFFSET $2 -- params: [2,0] -- duration: 0ms
2025-10-01 05:04:54 [INFO]: [INFO] Starting a postgresql pool with 5 connections.
2025-10-01 05:04:54 [INFO]: [QUERY] SELECT "private"."users"."id", "private"."users"."fullname", "private"."users"."email", "private"."users"."role", "private"."users"."status" FROM "private"."users" WHERE ("private"."users"."id" = $1 AND 1=1) LIMIT $2 OFFSET $3 -- params: [2,1,0] -- duration: 1ms
2025-10-01 05:04:54 [INFO]: [QUERY] SELECT "private"."contacts"."id", "private"."contacts"."contact", "private"."contacts"."description", "private"."contacts"."createdAt", "private"."contacts"."updatedAt", "private"."contacts"."userId" FROM "private"."contacts" WHERE "private"."contacts"."userId" IN ($1) OFFSET $2 -- params: [2,0] -- duration: 1ms
2025-10-01 05:04:54 [INFO]: [QUERY] SELECT "private"."testimonials"."id", "private"."testimonials"."content", "private"."testimonials"."rating", "private"."testimonials"."createdAt", "private"."testimonials"."updatedAt", "private"."testimonials"."userId" FROM "private"."testimonials" WHERE "private"."testimonials"."userId" IN ($1) OFFSET $2 -- params: [2,0] -- duration: 1ms
2025-10-01 05:04:54 [INFO]: [QUERY] SELECT "private"."orders"."id", "private"."orders"."amount", "private"."orders"."status", "private"."orders"."createdAt", "private"."orders"."updatedAt", "private"."orders"."userId" FROM "private"."orders" WHERE "private"."orders"."userId" IN ($1) OFFSET $2 -- params: [2,0] -- duration: 1ms
2025-10-01 05:07:17 [INFO]: [QUERY] SELECT 1 -- params: [] -- duration: 0ms
2025-10-01 05:07:17 [INFO]: [QUERY] SELECT "private"."users"."id", "private"."users"."fullname", "private"."users"."email", "private"."users"."role", "private"."users"."status" FROM "private"."users" WHERE ("private"."users"."id" = $1 AND 1=1) LIMIT $2 OFFSET $3 -- params: [2,1,0] -- duration: 0ms
2025-10-01 05:07:17 [INFO]: [QUERY] SELECT "private"."contacts"."id", "private"."contacts"."contact", "private"."contacts"."description", "private"."contacts"."createdAt", "private"."contacts"."updatedAt", "private"."contacts"."userId" FROM "private"."contacts" WHERE "private"."contacts"."userId" IN ($1) OFFSET $2 -- params: [2,0] -- duration: 1ms
2025-10-01 05:07:17 [INFO]: [QUERY] SELECT "private"."testimonials"."id", "private"."testimonials"."content", "private"."testimonials"."rating", "private"."testimonials"."createdAt", "private"."testimonials"."updatedAt", "private"."testimonials"."userId" FROM "private"."testimonials" WHERE "private"."testimonials"."userId" IN ($1) OFFSET $2 -- params: [2,0] -- duration: 0ms
2025-10-01 05:07:17 [INFO]: [QUERY] SELECT "private"."orders"."id", "private"."orders"."amount", "private"."orders"."status", "private"."orders"."createdAt", "private"."orders"."updatedAt", "private"."orders"."userId" FROM "private"."orders" WHERE "private"."orders"."userId" IN ($1) OFFSET $2 -- params: [2,0] -- duration: 0ms
2025-10-01 05:07:20 [INFO]: [QUERY] SELECT "private"."users"."id", "private"."users"."fullname", "private"."users"."email", "private"."users"."role", "private"."users"."status" FROM "private"."users" WHERE ("private"."users"."id" = $1 AND 1=1) LIMIT $2 OFFSET $3 -- params: [2,1,0] -- duration: 0ms
2025-10-01 05:07:20 [INFO]: [QUERY] SELECT "private"."contacts"."id", "private"."contacts"."contact", "private"."contacts"."description", "private"."contacts"."createdAt", "private"."contacts"."updatedAt", "private"."contacts"."userId" FROM "private"."contacts" WHERE "private"."contacts"."userId" IN ($1) OFFSET $2 -- params: [2,0] -- duration: 2ms
2025-10-01 05:07:20 [INFO]: [QUERY] SELECT "private"."testimonials"."id", "private"."testimonials"."content", "private"."testimonials"."rating", "private"."testimonials"."createdAt", "private"."testimonials"."updatedAt", "private"."testimonials"."userId" FROM "private"."testimonials" WHERE "private"."testimonials"."userId" IN ($1) OFFSET $2 -- params: [2,0] -- duration: 0ms
2025-10-01 05:07:20 [INFO]: [QUERY] SELECT "private"."orders"."id", "private"."orders"."amount", "private"."orders"."status", "private"."orders"."createdAt", "private"."orders"."updatedAt", "private"."orders"."userId" FROM "private"."orders" WHERE "private"."orders"."userId" IN ($1) OFFSET $2 -- params: [2,0] -- duration: 1ms
2025-10-01 05:09:46 [INFO]: [INFO] Starting a postgresql pool with 5 connections.
2025-10-01 05:09:46 [INFO]: [QUERY] SELECT "private"."users"."id", "private"."users"."fullname", "private"."users"."email", "private"."users"."role", "private"."users"."status" FROM "private"."users" WHERE ("private"."users"."id" = $1 AND 1=1) LIMIT $2 OFFSET $3 -- params: [2,1,0] -- duration: 2ms
2025-10-01 05:09:46 [INFO]: [QUERY] SELECT "private"."contacts"."id", "private"."contacts"."contact", "private"."contacts"."description", "private"."contacts"."createdAt", "private"."contacts"."updatedAt", "private"."contacts"."userId" FROM "private"."contacts" WHERE "private"."contacts"."userId" IN ($1) OFFSET $2 -- params: [2,0] -- duration: 3ms
2025-10-01 05:09:46 [INFO]: [QUERY] SELECT "private"."testimonials"."id", "private"."testimonials"."content", "private"."testimonials"."rating", "private"."testimonials"."createdAt", "private"."testimonials"."updatedAt", "private"."testimonials"."userId" FROM "private"."testimonials" WHERE "private"."testimonials"."userId" IN ($1) OFFSET $2 -- params: [2,0] -- duration: 2ms
2025-10-01 05:09:46 [INFO]: [QUERY] SELECT "private"."orders"."id", "private"."orders"."amount", "private"."orders"."status", "private"."orders"."createdAt", "private"."orders"."updatedAt", "private"."orders"."userId" FROM "private"."orders" WHERE "private"."orders"."userId" IN ($1) OFFSET $2 -- params: [2,0] -- duration: 1ms
2025-10-01 05:09:46 [ERROR]: [ERROR] 
Invalid `prisma.licensesKey.create()` invocation:

{
  data: {
    id: null,
    encryptedKey: "b429ff8b493902d647992c4b01b71ff2:0b5aafa59cea0fd767601f174a56f465",
    keyHash: "00b75774ecce628804d79d82dc1eef07746311fbe523f796fecf5d5b7de2ef5a",
    plainText: "AAAA-SSSS-DDDD",
    activationLimit: "1",
    status: 1,
    soldAt: new Date("2025-09-30T22:09:46.484Z"),
+   product: {
+     create: ProductsCreateWithoutLicensesInput | ProductsUncheckedCreateWithoutLicensesInput,
+     connectOrCreate: ProductsCreateOrConnectWithoutLicensesInput,
+     connect: ProductsWhereUniqueInput
+   }
  },
  select: {
    id: true,
    encryptedKey: true,
    keyHash: true,
    plainText: true,
    activationLimit: true,
    status: true,
    soldAt: true
  }
}

Argument `product` is missing.
2025-10-01 05:11:11 [INFO]: [INFO] Starting a postgresql pool with 5 connections.
2025-10-01 05:11:11 [INFO]: [QUERY] SELECT "private"."users"."id", "private"."users"."fullname", "private"."users"."email", "private"."users"."role", "private"."users"."status" FROM "private"."users" WHERE ("private"."users"."id" = $1 AND 1=1) LIMIT $2 OFFSET $3 -- params: [2,1,0] -- duration: 3ms
2025-10-01 05:11:11 [INFO]: [QUERY] SELECT "private"."contacts"."id", "private"."contacts"."contact", "private"."contacts"."description", "private"."contacts"."createdAt", "private"."contacts"."updatedAt", "private"."contacts"."userId" FROM "private"."contacts" WHERE "private"."contacts"."userId" IN ($1) OFFSET $2 -- params: [2,0] -- duration: 2ms
2025-10-01 05:11:11 [INFO]: [QUERY] SELECT "private"."testimonials"."id", "private"."testimonials"."content", "private"."testimonials"."rating", "private"."testimonials"."createdAt", "private"."testimonials"."updatedAt", "private"."testimonials"."userId" FROM "private"."testimonials" WHERE "private"."testimonials"."userId" IN ($1) OFFSET $2 -- params: [2,0] -- duration: 2ms
2025-10-01 05:11:11 [INFO]: [QUERY] SELECT "private"."orders"."id", "private"."orders"."amount", "private"."orders"."status", "private"."orders"."createdAt", "private"."orders"."updatedAt", "private"."orders"."userId" FROM "private"."orders" WHERE "private"."orders"."userId" IN ($1) OFFSET $2 -- params: [2,0] -- duration: 3ms
2025-10-01 05:11:11 [ERROR]: [ERROR] 
Invalid `prisma.licensesKey.create()` invocation:

{
  data: {
    id: null,
    encryptedKey: "33af8a4521e0151aafa8f66aa8908310:eac73f30fc3323bc4caf3dc65ba364e8",
    keyHash: "00b75774ecce628804d79d82dc1eef07746311fbe523f796fecf5d5b7de2ef5a",
    plainText: "AAAA-SSSS-DDDD",
    activationLimit: "1",
    status: 1,
    soldAt: new Date("2025-09-30T22:11:11.384Z"),
+   product: {
+     create: ProductsCreateWithoutLicensesInput | ProductsUncheckedCreateWithoutLicensesInput,
+     connectOrCreate: ProductsCreateOrConnectWithoutLicensesInput,
+     connect: ProductsWhereUniqueInput
+   }
  },
  select: {
    id: true,
    encryptedKey: true,
    keyHash: true,
    plainText: true,
    activationLimit: true,
    status: true,
    soldAt: true
  }
}

Argument `product` is missing.
2025-10-01 05:12:04 [INFO]: [INFO] Starting a postgresql pool with 5 connections.
2025-10-01 05:12:04 [INFO]: [QUERY] SELECT "private"."users"."id", "private"."users"."fullname", "private"."users"."email", "private"."users"."role", "private"."users"."status" FROM "private"."users" WHERE ("private"."users"."id" = $1 AND 1=1) LIMIT $2 OFFSET $3 -- params: [2,1,0] -- duration: 2ms
2025-10-01 05:12:04 [INFO]: [QUERY] SELECT "private"."contacts"."id", "private"."contacts"."contact", "private"."contacts"."description", "private"."contacts"."createdAt", "private"."contacts"."updatedAt", "private"."contacts"."userId" FROM "private"."contacts" WHERE "private"."contacts"."userId" IN ($1) OFFSET $2 -- params: [2,0] -- duration: 1ms
2025-10-01 05:12:04 [INFO]: [QUERY] SELECT "private"."testimonials"."id", "private"."testimonials"."content", "private"."testimonials"."rating", "private"."testimonials"."createdAt", "private"."testimonials"."updatedAt", "private"."testimonials"."userId" FROM "private"."testimonials" WHERE "private"."testimonials"."userId" IN ($1) OFFSET $2 -- params: [2,0] -- duration: 2ms
2025-10-01 05:12:04 [INFO]: [QUERY] SELECT "private"."orders"."id", "private"."orders"."amount", "private"."orders"."status", "private"."orders"."createdAt", "private"."orders"."updatedAt", "private"."orders"."userId" FROM "private"."orders" WHERE "private"."orders"."userId" IN ($1) OFFSET $2 -- params: [2,0] -- duration: 3ms
2025-10-01 05:12:04 [ERROR]: [ERROR] 
Invalid `prisma.licensesKey.create()` invocation:

{
  data: {
    id: null,
    ~~
    encryptedKey: "5efa688589c81bcecbe7a96961285e54:e20aaac87d6515ac7bab8e90856cbaf4",
    keyHash: "00b75774ecce628804d79d82dc1eef07746311fbe523f796fecf5d5b7de2ef5a",
    plainText: "AAAA-SSSS-DDDD",
    activationLimit: "1",
    status: 1,
    soldAt: new Date("2025-09-30T22:12:04.784Z"),
    product: [],
?   createdAt?: DateTime,
?   updatedAt?: DateTime,
?   supplier?: supplierCreateNestedOneWithoutLicensesInput
  },
  select: {
    id: true,
    encryptedKey: true,
    keyHash: true,
    plainText: true,
    activationLimit: true,
    status: true,
    soldAt: true
  }
}

Unknown argument `id`. Available options are marked with ?.
2025-10-01 05:13:43 [INFO]: [INFO] Starting a postgresql pool with 5 connections.
2025-10-01 05:13:44 [INFO]: [QUERY] SELECT "private"."users"."id", "private"."users"."fullname", "private"."users"."email", "private"."users"."role", "private"."users"."status" FROM "private"."users" WHERE ("private"."users"."id" = $1 AND 1=1) LIMIT $2 OFFSET $3 -- params: [2,1,0] -- duration: 1ms
2025-10-01 05:13:44 [INFO]: [QUERY] SELECT "private"."contacts"."id", "private"."contacts"."contact", "private"."contacts"."description", "private"."contacts"."createdAt", "private"."contacts"."updatedAt", "private"."contacts"."userId" FROM "private"."contacts" WHERE "private"."contacts"."userId" IN ($1) OFFSET $2 -- params: [2,0] -- duration: 1ms
2025-10-01 05:13:44 [INFO]: [QUERY] SELECT "private"."testimonials"."id", "private"."testimonials"."content", "private"."testimonials"."rating", "private"."testimonials"."createdAt", "private"."testimonials"."updatedAt", "private"."testimonials"."userId" FROM "private"."testimonials" WHERE "private"."testimonials"."userId" IN ($1) OFFSET $2 -- params: [2,0] -- duration: 2ms
2025-10-01 05:13:44 [INFO]: [QUERY] SELECT "private"."orders"."id", "private"."orders"."amount", "private"."orders"."status", "private"."orders"."createdAt", "private"."orders"."updatedAt", "private"."orders"."userId" FROM "private"."orders" WHERE "private"."orders"."userId" IN ($1) OFFSET $2 -- params: [2,0] -- duration: 2ms
2025-10-01 05:13:44 [ERROR]: [ERROR] 
Invalid `prisma.licensesKey.create()` invocation:

{
  data: {
    id: null,
    ~~
    encryptedKey: "1e65a9640f857410241ba15ff8ece7bc:ab409c4a99104b0845785d8ce97418a7",
    keyHash: "00b75774ecce628804d79d82dc1eef07746311fbe523f796fecf5d5b7de2ef5a",
    plainText: "AAAA-SSSS-DDDD",
    activationLimit: "1",
    status: 1,
    soldAt: new Date("2025-09-30T22:13:44.102Z"),
    product: [],
?   createdAt?: DateTime,
?   updatedAt?: DateTime,
?   supplier?: supplierCreateNestedOneWithoutLicensesInput
  },
  select: {
    id: true,
    encryptedKey: true,
    keyHash: true,
    plainText: true,
    activationLimit: true,
    status: true,
    soldAt: true
  }
}

Unknown argument `id`. Available options are marked with ?.
2025-10-01 05:14:26 [INFO]: [INFO] Starting a postgresql pool with 5 connections.
2025-10-01 05:14:26 [INFO]: [QUERY] SELECT "private"."users"."id", "private"."users"."fullname", "private"."users"."email", "private"."users"."role", "private"."users"."status" FROM "private"."users" WHERE ("private"."users"."id" = $1 AND 1=1) LIMIT $2 OFFSET $3 -- params: [2,1,0] -- duration: 2ms
2025-10-01 05:14:26 [INFO]: [QUERY] SELECT "private"."contacts"."id", "private"."contacts"."contact", "private"."contacts"."description", "private"."contacts"."createdAt", "private"."contacts"."updatedAt", "private"."contacts"."userId" FROM "private"."contacts" WHERE "private"."contacts"."userId" IN ($1) OFFSET $2 -- params: [2,0] -- duration: 2ms
2025-10-01 05:14:26 [INFO]: [QUERY] SELECT "private"."testimonials"."id", "private"."testimonials"."content", "private"."testimonials"."rating", "private"."testimonials"."createdAt", "private"."testimonials"."updatedAt", "private"."testimonials"."userId" FROM "private"."testimonials" WHERE "private"."testimonials"."userId" IN ($1) OFFSET $2 -- params: [2,0] -- duration: 1ms
2025-10-01 05:14:26 [INFO]: [QUERY] SELECT "private"."orders"."id", "private"."orders"."amount", "private"."orders"."status", "private"."orders"."createdAt", "private"."orders"."updatedAt", "private"."orders"."userId" FROM "private"."orders" WHERE "private"."orders"."userId" IN ($1) OFFSET $2 -- params: [2,0] -- duration: 2ms
2025-10-01 05:14:26 [ERROR]: [ERROR] 
Invalid `prisma.licensesKey.create()` invocation:

{
  data: {
    id: undefined,
    encryptedKey: "b0da9818e39df1f3dbcc45e716ff92d0:b08a37c1767e263f0ccf6923bb6648b7",
    keyHash: "00b75774ecce628804d79d82dc1eef07746311fbe523f796fecf5d5b7de2ef5a",
    plainText: "AAAA-SSSS-DDDD",
    activationLimit: "1",
                     ~~~
    status: 1,
    soldAt: new Date("2025-09-30T22:14:26.521Z"),
    product: []
  },
  select: {
    id: true,
    encryptedKey: true,
    keyHash: true,
    plainText: true,
    activationLimit: true,
    status: true,
    soldAt: true
  }
}

Argument `activationLimit`: Invalid value provided. Expected Int, provided String.
2025-10-01 05:15:55 [INFO]: [INFO] Starting a postgresql pool with 5 connections.
2025-10-01 05:15:55 [INFO]: [QUERY] SELECT "private"."users"."id", "private"."users"."fullname", "private"."users"."email", "private"."users"."role", "private"."users"."status" FROM "private"."users" WHERE ("private"."users"."id" = $1 AND 1=1) LIMIT $2 OFFSET $3 -- params: [2,1,0] -- duration: 1ms
2025-10-01 05:15:55 [INFO]: [QUERY] SELECT "private"."contacts"."id", "private"."contacts"."contact", "private"."contacts"."description", "private"."contacts"."createdAt", "private"."contacts"."updatedAt", "private"."contacts"."userId" FROM "private"."contacts" WHERE "private"."contacts"."userId" IN ($1) OFFSET $2 -- params: [2,0] -- duration: 1ms
2025-10-01 05:15:55 [INFO]: [QUERY] SELECT "private"."testimonials"."id", "private"."testimonials"."content", "private"."testimonials"."rating", "private"."testimonials"."createdAt", "private"."testimonials"."updatedAt", "private"."testimonials"."userId" FROM "private"."testimonials" WHERE "private"."testimonials"."userId" IN ($1) OFFSET $2 -- params: [2,0] -- duration: 1ms
2025-10-01 05:15:55 [INFO]: [QUERY] SELECT "private"."orders"."id", "private"."orders"."amount", "private"."orders"."status", "private"."orders"."createdAt", "private"."orders"."updatedAt", "private"."orders"."userId" FROM "private"."orders" WHERE "private"."orders"."userId" IN ($1) OFFSET $2 -- params: [2,0] -- duration: 1ms
2025-10-01 05:15:55 [ERROR]: [ERROR] 
Invalid `prisma.licensesKey.create()` invocation:

{
  data: {
    id: undefined,
    encryptedKey: "071a6354af514b4371468ce948f41b75:77fc115dc37651799efff9df8a802b39",
    keyHash: "00b75774ecce628804d79d82dc1eef07746311fbe523f796fecf5d5b7de2ef5a",
    plainText: "AAAA-SSSS-DDDD",
    activationLimit: "1",
                     ~~~
    status: 1,
    soldAt: new Date("2025-09-30T22:15:55.920Z"),
    product: []
  },
  select: {
    id: true,
    encryptedKey: true,
    keyHash: true,
    plainText: true,
    activationLimit: true,
    status: true,
    soldAt: true
  }
}

Argument `activationLimit`: Invalid value provided. Expected Int, provided String.
2025-10-01 05:16:56 [INFO]: [INFO] Starting a postgresql pool with 5 connections.
2025-10-01 05:16:56 [INFO]: [QUERY] SELECT "private"."users"."id", "private"."users"."fullname", "private"."users"."email", "private"."users"."role", "private"."users"."status" FROM "private"."users" WHERE ("private"."users"."id" = $1 AND 1=1) LIMIT $2 OFFSET $3 -- params: [2,1,0] -- duration: 2ms
2025-10-01 05:16:56 [INFO]: [QUERY] SELECT "private"."contacts"."id", "private"."contacts"."contact", "private"."contacts"."description", "private"."contacts"."createdAt", "private"."contacts"."updatedAt", "private"."contacts"."userId" FROM "private"."contacts" WHERE "private"."contacts"."userId" IN ($1) OFFSET $2 -- params: [2,0] -- duration: 1ms
2025-10-01 05:16:56 [INFO]: [QUERY] SELECT "private"."testimonials"."id", "private"."testimonials"."content", "private"."testimonials"."rating", "private"."testimonials"."createdAt", "private"."testimonials"."updatedAt", "private"."testimonials"."userId" FROM "private"."testimonials" WHERE "private"."testimonials"."userId" IN ($1) OFFSET $2 -- params: [2,0] -- duration: 1ms
2025-10-01 05:16:56 [INFO]: [QUERY] SELECT "private"."orders"."id", "private"."orders"."amount", "private"."orders"."status", "private"."orders"."createdAt", "private"."orders"."updatedAt", "private"."orders"."userId" FROM "private"."orders" WHERE "private"."orders"."userId" IN ($1) OFFSET $2 -- params: [2,0] -- duration: 1ms
2025-10-01 05:17:16 [INFO]: [INFO] Starting a postgresql pool with 5 connections.
2025-10-01 05:17:16 [INFO]: [QUERY] SELECT "private"."users"."id", "private"."users"."fullname", "private"."users"."email", "private"."users"."role", "private"."users"."status" FROM "private"."users" WHERE ("private"."users"."id" = $1 AND 1=1) LIMIT $2 OFFSET $3 -- params: [2,1,0] -- duration: 1ms
2025-10-01 05:17:16 [INFO]: [QUERY] SELECT "private"."contacts"."id", "private"."contacts"."contact", "private"."contacts"."description", "private"."contacts"."createdAt", "private"."contacts"."updatedAt", "private"."contacts"."userId" FROM "private"."contacts" WHERE "private"."contacts"."userId" IN ($1) OFFSET $2 -- params: [2,0] -- duration: 1ms
2025-10-01 05:17:16 [INFO]: [QUERY] SELECT "private"."testimonials"."id", "private"."testimonials"."content", "private"."testimonials"."rating", "private"."testimonials"."createdAt", "private"."testimonials"."updatedAt", "private"."testimonials"."userId" FROM "private"."testimonials" WHERE "private"."testimonials"."userId" IN ($1) OFFSET $2 -- params: [2,0] -- duration: 1ms
2025-10-01 05:17:16 [INFO]: [QUERY] SELECT "private"."orders"."id", "private"."orders"."amount", "private"."orders"."status", "private"."orders"."createdAt", "private"."orders"."updatedAt", "private"."orders"."userId" FROM "private"."orders" WHERE "private"."orders"."userId" IN ($1) OFFSET $2 -- params: [2,0] -- duration: 2ms
2025-10-01 05:17:16 [ERROR]: [ERROR] 
Invalid `prisma.licensesKey.create()` invocation:

{
  data: {
    id: undefined,
    encryptedKey: "306fdfa430a4b086b924d849ea21ad76:40f7ce58f9d6af9e8bf42f247576c348",
    keyHash: "00b75774ecce628804d79d82dc1eef07746311fbe523f796fecf5d5b7de2ef5a",
    plainText: "AAAA-SSSS-DDDD",
    status: 1,
    soldAt: new Date("2025-09-30T22:17:16.395Z"),
    product: [],
+   activationLimit: Int
  },
  select: {
    id: true,
    encryptedKey: true,
    keyHash: true,
    plainText: true,
    activationLimit: true,
    status: true,
    soldAt: true
  }
}

Argument `activationLimit` is missing.
2025-10-01 05:17:37 [INFO]: [INFO] Starting a postgresql pool with 5 connections.
2025-10-01 05:17:37 [INFO]: [QUERY] SELECT "private"."users"."id", "private"."users"."fullname", "private"."users"."email", "private"."users"."role", "private"."users"."status" FROM "private"."users" WHERE ("private"."users"."id" = $1 AND 1=1) LIMIT $2 OFFSET $3 -- params: [2,1,0] -- duration: 1ms
2025-10-01 05:17:37 [INFO]: [QUERY] SELECT "private"."contacts"."id", "private"."contacts"."contact", "private"."contacts"."description", "private"."contacts"."createdAt", "private"."contacts"."updatedAt", "private"."contacts"."userId" FROM "private"."contacts" WHERE "private"."contacts"."userId" IN ($1) OFFSET $2 -- params: [2,0] -- duration: 1ms
2025-10-01 05:17:37 [INFO]: [QUERY] SELECT "private"."testimonials"."id", "private"."testimonials"."content", "private"."testimonials"."rating", "private"."testimonials"."createdAt", "private"."testimonials"."updatedAt", "private"."testimonials"."userId" FROM "private"."testimonials" WHERE "private"."testimonials"."userId" IN ($1) OFFSET $2 -- params: [2,0] -- duration: 1ms
2025-10-01 05:17:37 [INFO]: [QUERY] SELECT "private"."orders"."id", "private"."orders"."amount", "private"."orders"."status", "private"."orders"."createdAt", "private"."orders"."updatedAt", "private"."orders"."userId" FROM "private"."orders" WHERE "private"."orders"."userId" IN ($1) OFFSET $2 -- params: [2,0] -- duration: 2ms
2025-10-01 05:17:37 [ERROR]: [ERROR] 
Invalid `prisma.licensesKey.create()` invocation:

{
  data: {
    id: undefined,
    encryptedKey: "ab0fb6dfe3d269d95a7fef474b29b53b:52cf3c233d8c6691ca459698bed4d710",
    keyHash: "00b75774ecce628804d79d82dc1eef07746311fbe523f796fecf5d5b7de2ef5a",
    plainText: "AAAA-SSSS-DDDD",
    activationLimit: 1,
    status: 1,
    soldAt: new Date("2025-09-30T22:17:37.294Z"),
    product: []
             ~~
  },
  select: {
    id: true,
    encryptedKey: true,
    keyHash: true,
    plainText: true,
    activationLimit: true,
    status: true,
    soldAt: true
  }
}

Argument `product`: Invalid value provided. Expected ProductsCreateNestedOneWithoutLicensesInput, provided ().
2025-10-01 05:18:35 [INFO]: [INFO] Starting a postgresql pool with 5 connections.
2025-10-01 05:18:35 [INFO]: [QUERY] SELECT "private"."users"."id", "private"."users"."fullname", "private"."users"."email", "private"."users"."role", "private"."users"."status" FROM "private"."users" WHERE ("private"."users"."id" = $1 AND 1=1) LIMIT $2 OFFSET $3 -- params: [2,1,0] -- duration: 2ms
2025-10-01 05:18:35 [INFO]: [QUERY] SELECT "private"."contacts"."id", "private"."contacts"."contact", "private"."contacts"."description", "private"."contacts"."createdAt", "private"."contacts"."updatedAt", "private"."contacts"."userId" FROM "private"."contacts" WHERE "private"."contacts"."userId" IN ($1) OFFSET $2 -- params: [2,0] -- duration: 1ms
2025-10-01 05:18:35 [INFO]: [QUERY] SELECT "private"."testimonials"."id", "private"."testimonials"."content", "private"."testimonials"."rating", "private"."testimonials"."createdAt", "private"."testimonials"."updatedAt", "private"."testimonials"."userId" FROM "private"."testimonials" WHERE "private"."testimonials"."userId" IN ($1) OFFSET $2 -- params: [2,0] -- duration: 1ms
2025-10-01 05:18:35 [INFO]: [QUERY] SELECT "private"."orders"."id", "private"."orders"."amount", "private"."orders"."status", "private"."orders"."createdAt", "private"."orders"."updatedAt", "private"."orders"."userId" FROM "private"."orders" WHERE "private"."orders"."userId" IN ($1) OFFSET $2 -- params: [2,0] -- duration: 1ms
2025-10-01 05:18:35 [ERROR]: [ERROR] 
Invalid `prisma.licensesKey.create()` invocation:

{
  data: {
    id: undefined,
    encryptedKey: "735d02efb5eb6ae453c7538c6da52616:08c007d9673e08bd91d83355dee8800b",
    keyHash: "00b75774ecce628804d79d82dc1eef07746311fbe523f796fecf5d5b7de2ef5a",
    plainText: "AAAA-SSSS-DDDD",
    activationLimit: 1,
    status: 1,
    soldAt: new Date("2025-09-30T22:18:35.500Z"),
    product: []
             ~~
  },
  select: {
    id: true,
    encryptedKey: true,
    keyHash: true,
    plainText: true,
    activationLimit: true,
    status: true,
    soldAt: true
  }
}

Argument `product`: Invalid value provided. Expected ProductsCreateNestedOneWithoutLicensesInput, provided ().
2025-10-01 05:19:08 [INFO]: [INFO] Starting a postgresql pool with 5 connections.
2025-10-01 05:19:09 [INFO]: [QUERY] SELECT "private"."users"."id", "private"."users"."fullname", "private"."users"."email", "private"."users"."role", "private"."users"."status" FROM "private"."users" WHERE ("private"."users"."id" = $1 AND 1=1) LIMIT $2 OFFSET $3 -- params: [2,1,0] -- duration: 3ms
2025-10-01 05:19:09 [INFO]: [QUERY] SELECT "private"."contacts"."id", "private"."contacts"."contact", "private"."contacts"."description", "private"."contacts"."createdAt", "private"."contacts"."updatedAt", "private"."contacts"."userId" FROM "private"."contacts" WHERE "private"."contacts"."userId" IN ($1) OFFSET $2 -- params: [2,0] -- duration: 1ms
2025-10-01 05:19:09 [INFO]: [QUERY] SELECT "private"."testimonials"."id", "private"."testimonials"."content", "private"."testimonials"."rating", "private"."testimonials"."createdAt", "private"."testimonials"."updatedAt", "private"."testimonials"."userId" FROM "private"."testimonials" WHERE "private"."testimonials"."userId" IN ($1) OFFSET $2 -- params: [2,0] -- duration: 2ms
2025-10-01 05:19:09 [INFO]: [QUERY] SELECT "private"."orders"."id", "private"."orders"."amount", "private"."orders"."status", "private"."orders"."createdAt", "private"."orders"."updatedAt", "private"."orders"."userId" FROM "private"."orders" WHERE "private"."orders"."userId" IN ($1) OFFSET $2 -- params: [2,0] -- duration: 2ms
2025-10-01 05:19:09 [ERROR]: [ERROR] 
Invalid `prisma.licensesKey.create()` invocation:

{
  data: {
    id: undefined,
    encryptedKey: "0696df5662b386ee602a532f5c169856:c3bbb9e69fd3416af0ee11c557ee2e0c",
    keyHash: "00b75774ecce628804d79d82dc1eef07746311fbe523f796fecf5d5b7de2ef5a",
    plainText: "AAAA-SSSS-DDDD",
    activationLimit: 1,
    status: 1,
    soldAt: new Date("2025-09-30T22:19:09.112Z"),
    product: []
             ~~
  },
  select: {
    id: true,
    encryptedKey: true,
    keyHash: true,
    plainText: true,
    activationLimit: true,
    status: true,
    soldAt: true
  }
}

Argument `product`: Invalid value provided. Expected ProductsCreateNestedOneWithoutLicensesInput, provided ().
2025-10-01 05:19:28 [INFO]: [INFO] Starting a postgresql pool with 5 connections.
2025-10-01 05:19:28 [INFO]: [QUERY] SELECT "private"."users"."id", "private"."users"."fullname", "private"."users"."email", "private"."users"."role", "private"."users"."status" FROM "private"."users" WHERE ("private"."users"."id" = $1 AND 1=1) LIMIT $2 OFFSET $3 -- params: [2,1,0] -- duration: 1ms
2025-10-01 05:19:28 [INFO]: [QUERY] SELECT "private"."contacts"."id", "private"."contacts"."contact", "private"."contacts"."description", "private"."contacts"."createdAt", "private"."contacts"."updatedAt", "private"."contacts"."userId" FROM "private"."contacts" WHERE "private"."contacts"."userId" IN ($1) OFFSET $2 -- params: [2,0] -- duration: 1ms
2025-10-01 05:19:28 [INFO]: [QUERY] SELECT "private"."testimonials"."id", "private"."testimonials"."content", "private"."testimonials"."rating", "private"."testimonials"."createdAt", "private"."testimonials"."updatedAt", "private"."testimonials"."userId" FROM "private"."testimonials" WHERE "private"."testimonials"."userId" IN ($1) OFFSET $2 -- params: [2,0] -- duration: 1ms
2025-10-01 05:19:28 [INFO]: [QUERY] SELECT "private"."orders"."id", "private"."orders"."amount", "private"."orders"."status", "private"."orders"."createdAt", "private"."orders"."updatedAt", "private"."orders"."userId" FROM "private"."orders" WHERE "private"."orders"."userId" IN ($1) OFFSET $2 -- params: [2,0] -- duration: 1ms
2025-10-01 05:19:28 [ERROR]: [ERROR] 
Invalid `prisma.licensesKey.create()` invocation:

{
  data: {
    id: undefined,
    encryptedKey: "b3791ab6e2baed31d2174796d5851059:855cc533e761972e045b2fa18b860f58",
    keyHash: "00b75774ecce628804d79d82dc1eef07746311fbe523f796fecf5d5b7de2ef5a",
    plainText: "AAAA-SSSS-DDDD",
    activationLimit: 1,
    status: 1,
    soldAt: new Date("2025-09-30T22:19:28.277Z"),
    product: []
             ~~
  },
  select: {
    id: true,
    encryptedKey: true,
    keyHash: true,
    plainText: true,
    activationLimit: true,
    status: true,
    soldAt: true
  }
}

Argument `product`: Invalid value provided. Expected ProductsCreateNestedOneWithoutLicensesInput, provided ().
2025-10-01 05:20:57 [INFO]: [INFO] Starting a postgresql pool with 5 connections.
2025-10-01 05:20:57 [INFO]: [QUERY] SELECT "private"."users"."id", "private"."users"."fullname", "private"."users"."email", "private"."users"."role", "private"."users"."status" FROM "private"."users" WHERE ("private"."users"."id" = $1 AND 1=1) LIMIT $2 OFFSET $3 -- params: [2,1,0] -- duration: 1ms
2025-10-01 05:20:57 [INFO]: [QUERY] SELECT "private"."contacts"."id", "private"."contacts"."contact", "private"."contacts"."description", "private"."contacts"."createdAt", "private"."contacts"."updatedAt", "private"."contacts"."userId" FROM "private"."contacts" WHERE "private"."contacts"."userId" IN ($1) OFFSET $2 -- params: [2,0] -- duration: 1ms
2025-10-01 05:20:57 [INFO]: [QUERY] SELECT "private"."testimonials"."id", "private"."testimonials"."content", "private"."testimonials"."rating", "private"."testimonials"."createdAt", "private"."testimonials"."updatedAt", "private"."testimonials"."userId" FROM "private"."testimonials" WHERE "private"."testimonials"."userId" IN ($1) OFFSET $2 -- params: [2,0] -- duration: 1ms
2025-10-01 05:20:57 [INFO]: [QUERY] SELECT "private"."orders"."id", "private"."orders"."amount", "private"."orders"."status", "private"."orders"."createdAt", "private"."orders"."updatedAt", "private"."orders"."userId" FROM "private"."orders" WHERE "private"."orders"."userId" IN ($1) OFFSET $2 -- params: [2,0] -- duration: 1ms
2025-10-01 05:20:57 [ERROR]: [ERROR] 
Invalid `prisma.licensesKey.create()` invocation:

{
  data: {
    id: undefined,
    encryptedKey: "487d174e908ad7a8b49430a3c030ed0f:64049ad02bfc7166ec04bb77b597e07d",
    keyHash: "00b75774ecce628804d79d82dc1eef07746311fbe523f796fecf5d5b7de2ef5a",
    plainText: "AAAA-SSSS-DDDD",
    activationLimit: 1,
    status: 1,
    soldAt: new Date("2025-09-30T22:20:57.919Z"),
    product: []
             ~~
  },
  select: {
    id: true,
    encryptedKey: true,
    keyHash: true,
    plainText: true,
    activationLimit: true,
    status: true,
    soldAt: true,
    product: true
  }
}

Argument `product`: Invalid value provided. Expected ProductsCreateNestedOneWithoutLicensesInput, provided ().
2025-10-01 05:21:09 [INFO]: [INFO] Starting a postgresql pool with 5 connections.
2025-10-01 05:21:10 [INFO]: [QUERY] SELECT "private"."users"."id", "private"."users"."fullname", "private"."users"."email", "private"."users"."role", "private"."users"."status" FROM "private"."users" WHERE ("private"."users"."id" = $1 AND 1=1) LIMIT $2 OFFSET $3 -- params: [2,1,0] -- duration: 2ms
2025-10-01 05:21:10 [INFO]: [QUERY] SELECT "private"."contacts"."id", "private"."contacts"."contact", "private"."contacts"."description", "private"."contacts"."createdAt", "private"."contacts"."updatedAt", "private"."contacts"."userId" FROM "private"."contacts" WHERE "private"."contacts"."userId" IN ($1) OFFSET $2 -- params: [2,0] -- duration: 1ms
2025-10-01 05:21:10 [INFO]: [QUERY] SELECT "private"."testimonials"."id", "private"."testimonials"."content", "private"."testimonials"."rating", "private"."testimonials"."createdAt", "private"."testimonials"."updatedAt", "private"."testimonials"."userId" FROM "private"."testimonials" WHERE "private"."testimonials"."userId" IN ($1) OFFSET $2 -- params: [2,0] -- duration: 1ms
2025-10-01 05:21:10 [INFO]: [QUERY] SELECT "private"."orders"."id", "private"."orders"."amount", "private"."orders"."status", "private"."orders"."createdAt", "private"."orders"."updatedAt", "private"."orders"."userId" FROM "private"."orders" WHERE "private"."orders"."userId" IN ($1) OFFSET $2 -- params: [2,0] -- duration: 1ms
2025-10-01 05:21:10 [ERROR]: [ERROR] 
Invalid `prisma.licensesKey.create()` invocation:

{
  data: {
    id: undefined,
    encryptedKey: "759bd95fee2160842000e811917878bd:a1a88f6aef757eabb3101a0e09087dea",
    keyHash: "00b75774ecce628804d79d82dc1eef07746311fbe523f796fecf5d5b7de2ef5a",
    plainText: "AAAA-SSSS-DDDD",
    activationLimit: 1,
    status: 1,
    soldAt: new Date("2025-09-30T22:21:10.055Z"),
    product: []
             ~~
  },
  select: {
    id: true,
    encryptedKey: true,
    keyHash: true,
    plainText: true,
    activationLimit: true,
    status: true,
    soldAt: true,
    productId: true
  }
}

Argument `product`: Invalid value provided. Expected ProductsCreateNestedOneWithoutLicensesInput, provided ().
2025-10-01 05:22:12 [INFO]: [INFO] Starting a postgresql pool with 5 connections.
2025-10-01 05:22:13 [INFO]: [QUERY] SELECT "private"."users"."id", "private"."users"."fullname", "private"."users"."email", "private"."users"."role", "private"."users"."status" FROM "private"."users" WHERE ("private"."users"."id" = $1 AND 1=1) LIMIT $2 OFFSET $3 -- params: [2,1,0] -- duration: 1ms
2025-10-01 05:22:13 [INFO]: [QUERY] SELECT "private"."contacts"."id", "private"."contacts"."contact", "private"."contacts"."description", "private"."contacts"."createdAt", "private"."contacts"."updatedAt", "private"."contacts"."userId" FROM "private"."contacts" WHERE "private"."contacts"."userId" IN ($1) OFFSET $2 -- params: [2,0] -- duration: 1ms
2025-10-01 05:22:13 [INFO]: [QUERY] SELECT "private"."testimonials"."id", "private"."testimonials"."content", "private"."testimonials"."rating", "private"."testimonials"."createdAt", "private"."testimonials"."updatedAt", "private"."testimonials"."userId" FROM "private"."testimonials" WHERE "private"."testimonials"."userId" IN ($1) OFFSET $2 -- params: [2,0] -- duration: 1ms
2025-10-01 05:22:13 [INFO]: [QUERY] SELECT "private"."orders"."id", "private"."orders"."amount", "private"."orders"."status", "private"."orders"."createdAt", "private"."orders"."updatedAt", "private"."orders"."userId" FROM "private"."orders" WHERE "private"."orders"."userId" IN ($1) OFFSET $2 -- params: [2,0] -- duration: 1ms
2025-10-01 05:22:13 [ERROR]: [ERROR] 
Invalid `prisma.licensesKey.create()` invocation:

{
  data: {
    id: undefined,
    encryptedKey: "9abd5216b1b51f304bc2b06f3aa25cda:abc777a65100dcaffabc38b5f0382e91",
    keyHash: "00b75774ecce628804d79d82dc1eef07746311fbe523f796fecf5d5b7de2ef5a",
    plainText: "AAAA-SSSS-DDDD",
    activationLimit: 1,
    status: 1,
    soldAt: new Date("2025-09-30T22:22:13.062Z"),
    productId: "21"
               ~~~~
  },
  select: {
    id: true,
    encryptedKey: true,
    keyHash: true,
    plainText: true,
    activationLimit: true,
    status: true,
    soldAt: true,
    productId: true
  }
}

Argument `productId`: Invalid value provided. Expected Int, provided String.
2025-10-01 05:22:33 [INFO]: [INFO] Starting a postgresql pool with 5 connections.
2025-10-01 05:22:33 [INFO]: [QUERY] SELECT "private"."users"."id", "private"."users"."fullname", "private"."users"."email", "private"."users"."role", "private"."users"."status" FROM "private"."users" WHERE ("private"."users"."id" = $1 AND 1=1) LIMIT $2 OFFSET $3 -- params: [2,1,0] -- duration: 2ms
2025-10-01 05:22:33 [INFO]: [QUERY] SELECT "private"."contacts"."id", "private"."contacts"."contact", "private"."contacts"."description", "private"."contacts"."createdAt", "private"."contacts"."updatedAt", "private"."contacts"."userId" FROM "private"."contacts" WHERE "private"."contacts"."userId" IN ($1) OFFSET $2 -- params: [2,0] -- duration: 1ms
2025-10-01 05:22:33 [INFO]: [QUERY] SELECT "private"."testimonials"."id", "private"."testimonials"."content", "private"."testimonials"."rating", "private"."testimonials"."createdAt", "private"."testimonials"."updatedAt", "private"."testimonials"."userId" FROM "private"."testimonials" WHERE "private"."testimonials"."userId" IN ($1) OFFSET $2 -- params: [2,0] -- duration: 1ms
2025-10-01 05:22:33 [INFO]: [QUERY] SELECT "private"."orders"."id", "private"."orders"."amount", "private"."orders"."status", "private"."orders"."createdAt", "private"."orders"."updatedAt", "private"."orders"."userId" FROM "private"."orders" WHERE "private"."orders"."userId" IN ($1) OFFSET $2 -- params: [2,0] -- duration: 1ms
2025-10-01 05:22:34 [INFO]: [QUERY] INSERT INTO "private"."licenses_key" ("encryptedKey","keyHash","plainText","activationLimit","status","soldAt","createdAt","updatedAt","productId") VALUES ($1,$2,$3,$4,$5,$6,$7,$8,$9) RETURNING "private"."licenses_key"."id", "private"."licenses_key"."encryptedKey", "private"."licenses_key"."keyHash", "private"."licenses_key"."plainText", "private"."licenses_key"."activationLimit", "private"."licenses_key"."status", "private"."licenses_key"."soldAt", "private"."licenses_key"."productId" -- params: ["c87f9d00109a38004a2fe69e44cc0048:8407e3065b4a91ce3388097a0fe4b039","00b75774ecce628804d79d82dc1eef07746311fbe523f796fecf5d5b7de2ef5a","AAAA-SSSS-DDDD",1,1,"2025-09-30 22:22:34.011 UTC","2025-09-30 22:22:34.014 UTC","2025-09-30 22:22:34.014 UTC",21] -- duration: 71ms
2025-10-01 05:23:00 [INFO]: [QUERY] SELECT 1 -- params: [] -- duration: 0ms
2025-10-01 05:23:00 [INFO]: [QUERY] SELECT "private"."users"."id", "private"."users"."fullname", "private"."users"."email", "private"."users"."role", "private"."users"."status" FROM "private"."users" WHERE ("private"."users"."id" = $1 AND 1=1) LIMIT $2 OFFSET $3 -- params: [2,1,0] -- duration: 0ms
2025-10-01 05:23:00 [INFO]: [QUERY] SELECT "private"."contacts"."id", "private"."contacts"."contact", "private"."contacts"."description", "private"."contacts"."createdAt", "private"."contacts"."updatedAt", "private"."contacts"."userId" FROM "private"."contacts" WHERE "private"."contacts"."userId" IN ($1) OFFSET $2 -- params: [2,0] -- duration: 0ms
2025-10-01 05:23:00 [INFO]: [QUERY] SELECT "private"."testimonials"."id", "private"."testimonials"."content", "private"."testimonials"."rating", "private"."testimonials"."createdAt", "private"."testimonials"."updatedAt", "private"."testimonials"."userId" FROM "private"."testimonials" WHERE "private"."testimonials"."userId" IN ($1) OFFSET $2 -- params: [2,0] -- duration: 0ms
2025-10-01 05:23:00 [INFO]: [QUERY] SELECT "private"."orders"."id", "private"."orders"."amount", "private"."orders"."status", "private"."orders"."createdAt", "private"."orders"."updatedAt", "private"."orders"."userId" FROM "private"."orders" WHERE "private"."orders"."userId" IN ($1) OFFSET $2 -- params: [2,0] -- duration: 1ms
2025-10-01 05:23:00 [INFO]: [QUERY] INSERT INTO "private"."licenses_key" ("encryptedKey","keyHash","plainText","activationLimit","status","soldAt","createdAt","updatedAt","productId") VALUES ($1,$2,$3,$4,$5,$6,$7,$8,$9) RETURNING "private"."licenses_key"."id", "private"."licenses_key"."encryptedKey", "private"."licenses_key"."keyHash", "private"."licenses_key"."plainText", "private"."licenses_key"."activationLimit", "private"."licenses_key"."status", "private"."licenses_key"."soldAt", "private"."licenses_key"."productId" -- params: ["2df2ee2cd6dd25a146be0cdfb96ba953:a9d1ce080998f11b676030e2c2d2f17f","00b75774ecce628804d79d82dc1eef07746311fbe523f796fecf5d5b7de2ef5a","AAAA-SSSS-DDDD",1,1,"2025-09-30 22:23:00.166 UTC","2025-09-30 22:23:00.168 UTC","2025-09-30 22:23:00.168 UTC",22] -- duration: 20ms
2025-10-01 05:23:35 [INFO]: [INFO] Starting a postgresql pool with 5 connections.
2025-10-01 05:23:35 [INFO]: [QUERY] SELECT "private"."users"."id", "private"."users"."fullname", "private"."users"."email", "private"."users"."role", "private"."users"."status" FROM "private"."users" WHERE ("private"."users"."id" = $1 AND 1=1) LIMIT $2 OFFSET $3 -- params: [2,1,0] -- duration: 2ms
2025-10-01 05:23:35 [INFO]: [QUERY] SELECT "private"."contacts"."id", "private"."contacts"."contact", "private"."contacts"."description", "private"."contacts"."createdAt", "private"."contacts"."updatedAt", "private"."contacts"."userId" FROM "private"."contacts" WHERE "private"."contacts"."userId" IN ($1) OFFSET $2 -- params: [2,0] -- duration: 1ms
2025-10-01 05:23:35 [INFO]: [QUERY] SELECT "private"."testimonials"."id", "private"."testimonials"."content", "private"."testimonials"."rating", "private"."testimonials"."createdAt", "private"."testimonials"."updatedAt", "private"."testimonials"."userId" FROM "private"."testimonials" WHERE "private"."testimonials"."userId" IN ($1) OFFSET $2 -- params: [2,0] -- duration: 1ms
2025-10-01 05:23:35 [INFO]: [QUERY] SELECT "private"."orders"."id", "private"."orders"."amount", "private"."orders"."status", "private"."orders"."createdAt", "private"."orders"."updatedAt", "private"."orders"."userId" FROM "private"."orders" WHERE "private"."orders"."userId" IN ($1) OFFSET $2 -- params: [2,0] -- duration: 2ms
2025-10-01 05:23:35 [INFO]: [QUERY] INSERT INTO "private"."licenses_key" ("encryptedKey","keyHash","plainText","activationLimit","status","soldAt","createdAt","updatedAt","productId") VALUES ($1,$2,$3,$4,$5,$6,$7,$8,$9) RETURNING "private"."licenses_key"."id", "private"."licenses_key"."encryptedKey", "private"."licenses_key"."keyHash", "private"."licenses_key"."plainText", "private"."licenses_key"."activationLimit", "private"."licenses_key"."status", "private"."licenses_key"."soldAt", "private"."licenses_key"."productId" -- params: ["c2b14006db788f6334cbde0fd0b460fc:4efb4b84bf81fd75363769033ff2879e","00b75774ecce628804d79d82dc1eef07746311fbe523f796fecf5d5b7de2ef5a","AAAA-SSSS-DDDD",1,1,"2025-09-30 22:23:35.732 UTC","2025-09-30 22:23:35.734 UTC","2025-09-30 22:23:35.734 UTC",22] -- duration: 25ms
2025-10-01 05:24:53 [INFO]: [INFO] Starting a postgresql pool with 5 connections.
2025-10-01 05:24:53 [INFO]: [QUERY] SELECT "private"."users"."id", "private"."users"."fullname", "private"."users"."email", "private"."users"."role", "private"."users"."status" FROM "private"."users" WHERE ("private"."users"."id" = $1 AND 1=1) LIMIT $2 OFFSET $3 -- params: [2,1,0] -- duration: 2ms
2025-10-01 05:24:53 [INFO]: [QUERY] SELECT "private"."contacts"."id", "private"."contacts"."contact", "private"."contacts"."description", "private"."contacts"."createdAt", "private"."contacts"."updatedAt", "private"."contacts"."userId" FROM "private"."contacts" WHERE "private"."contacts"."userId" IN ($1) OFFSET $2 -- params: [2,0] -- duration: 2ms
2025-10-01 05:24:53 [INFO]: [QUERY] SELECT "private"."testimonials"."id", "private"."testimonials"."content", "private"."testimonials"."rating", "private"."testimonials"."createdAt", "private"."testimonials"."updatedAt", "private"."testimonials"."userId" FROM "private"."testimonials" WHERE "private"."testimonials"."userId" IN ($1) OFFSET $2 -- params: [2,0] -- duration: 1ms
2025-10-01 05:24:53 [INFO]: [QUERY] SELECT "private"."orders"."id", "private"."orders"."amount", "private"."orders"."status", "private"."orders"."createdAt", "private"."orders"."updatedAt", "private"."orders"."userId" FROM "private"."orders" WHERE "private"."orders"."userId" IN ($1) OFFSET $2 -- params: [2,0] -- duration: 1ms
2025-10-01 05:24:53 [INFO]: [QUERY] INSERT INTO "private"."licenses_key" ("encryptedKey","keyHash","plainText","activationLimit","status","soldAt","createdAt","updatedAt","productId") VALUES ($1,$2,$3,$4,$5,$6,$7,$8,$9) RETURNING "private"."licenses_key"."id", "private"."licenses_key"."encryptedKey", "private"."licenses_key"."keyHash", "private"."licenses_key"."plainText", "private"."licenses_key"."activationLimit", "private"."licenses_key"."status", "private"."licenses_key"."soldAt", "private"."licenses_key"."productId" -- params: ["2ba112c53188f3ac0c6d550ee0301cc4:1f918918a54320316446932e44a7e38f","00b75774ecce628804d79d82dc1eef07746311fbe523f796fecf5d5b7de2ef5a","AAAA-SSSS-DDDD",1,1,"2025-09-30 22:24:53.597 UTC","2025-09-30 22:24:53.601 UTC","2025-09-30 22:24:53.601 UTC",22] -- duration: 45ms
2025-10-01 05:25:22 [INFO]: [INFO] Starting a postgresql pool with 5 connections.
2025-10-01 05:25:22 [INFO]: [QUERY] SELECT "private"."users"."id", "private"."users"."fullname", "private"."users"."email", "private"."users"."role", "private"."users"."status" FROM "private"."users" WHERE ("private"."users"."id" = $1 AND 1=1) LIMIT $2 OFFSET $3 -- params: [2,1,0] -- duration: 1ms
2025-10-01 05:25:23 [INFO]: [QUERY] SELECT "private"."contacts"."id", "private"."contacts"."contact", "private"."contacts"."description", "private"."contacts"."createdAt", "private"."contacts"."updatedAt", "private"."contacts"."userId" FROM "private"."contacts" WHERE "private"."contacts"."userId" IN ($1) OFFSET $2 -- params: [2,0] -- duration: 1ms
2025-10-01 05:25:23 [INFO]: [QUERY] SELECT "private"."testimonials"."id", "private"."testimonials"."content", "private"."testimonials"."rating", "private"."testimonials"."createdAt", "private"."testimonials"."updatedAt", "private"."testimonials"."userId" FROM "private"."testimonials" WHERE "private"."testimonials"."userId" IN ($1) OFFSET $2 -- params: [2,0] -- duration: 1ms
2025-10-01 05:25:23 [INFO]: [QUERY] SELECT "private"."orders"."id", "private"."orders"."amount", "private"."orders"."status", "private"."orders"."createdAt", "private"."orders"."updatedAt", "private"."orders"."userId" FROM "private"."orders" WHERE "private"."orders"."userId" IN ($1) OFFSET $2 -- params: [2,0] -- duration: 1ms
2025-10-01 05:25:23 [INFO]: [QUERY] INSERT INTO "private"."licenses_key" ("encryptedKey","keyHash","plainText","activationLimit","status","soldAt","createdAt","updatedAt","productId") VALUES ($1,$2,$3,$4,$5,$6,$7,$8,$9) RETURNING "private"."licenses_key"."id", "private"."licenses_key"."encryptedKey", "private"."licenses_key"."keyHash", "private"."licenses_key"."plainText", "private"."licenses_key"."activationLimit", "private"."licenses_key"."status", "private"."licenses_key"."soldAt", "private"."licenses_key"."productId" -- params: ["628065d9cc0c05195cbfcefa5280665b:41a04f032b00f4f3efdf434f3ab7aa04","00b75774ecce628804d79d82dc1eef07746311fbe523f796fecf5d5b7de2ef5a","AAAA-SSSS-DDDD",1,1,"2025-09-30 22:25:23.029 UTC","2025-09-30 22:25:23.032 UTC","2025-09-30 22:25:23.032 UTC",22] -- duration: 29ms
2025-10-01 09:40:54 [INFO]: [INFO] Starting a postgresql pool with 5 connections.
2025-10-01 09:40:54 [INFO]: [QUERY] SELECT "private"."users"."id", "private"."users"."fullname", "private"."users"."email", "private"."users"."password", "private"."users"."role", "private"."users"."status" FROM "private"."users" WHERE ("private"."users"."email" = $1 AND 1=1) LIMIT $2 OFFSET $3 -- params: ["admin@gmail.com",1,0] -- duration: 2ms
2025-10-01 09:40:54 [INFO]: [QUERY] BEGIN -- params: [] -- duration: 0ms
2025-10-01 09:40:54 [INFO]: [QUERY] INSERT INTO "private"."users" ("fullname","email","password","role","status","createdAt","updatedAt") VALUES ($1,$2,$3,$4,$5,$6,$7) RETURNING "private"."users"."id" -- params: ["admin","admin@gmail.com","$2b$10$fi/WNu2eHUoCMYK2oUuI9.AYIMMbWhz9TAgPp24PCB.YDXOt/zrnC",3,1,"2025-10-01 02:40:54.609 UTC","2025-10-01 02:40:54.609 UTC"] -- duration: 3ms
2025-10-01 09:40:54 [INFO]: [QUERY] SELECT "private"."users"."id", "private"."users"."fullname", "private"."users"."email", "private"."users"."role", "private"."users"."status" FROM "private"."users" WHERE "private"."users"."id" = $1 LIMIT $2 OFFSET $3 -- params: [1,1,0] -- duration: 1ms
2025-10-01 09:40:54 [INFO]: [QUERY] SELECT "private"."contacts"."id", "private"."contacts"."contact", "private"."contacts"."description", "private"."contacts"."createdAt", "private"."contacts"."updatedAt", "private"."contacts"."userId" FROM "private"."contacts" WHERE "private"."contacts"."userId" IN ($1) OFFSET $2 -- params: [1,0] -- duration: 3ms
2025-10-01 09:40:54 [INFO]: [QUERY] SELECT "private"."testimonials"."id", "private"."testimonials"."content", "private"."testimonials"."rating", "private"."testimonials"."createdAt", "private"."testimonials"."updatedAt", "private"."testimonials"."userId" FROM "private"."testimonials" WHERE "private"."testimonials"."userId" IN ($1) OFFSET $2 -- params: [1,0] -- duration: 2ms
2025-10-01 09:40:54 [INFO]: [QUERY] SELECT "private"."orders"."id", "private"."orders"."amount", "private"."orders"."status", "private"."orders"."createdAt", "private"."orders"."updatedAt", "private"."orders"."userId" FROM "private"."orders" WHERE "private"."orders"."userId" IN ($1) OFFSET $2 -- params: [1,0] -- duration: 1ms
2025-10-01 09:40:54 [INFO]: [QUERY] COMMIT -- params: [] -- duration: 28ms
2025-10-01 09:41:33 [INFO]: [INFO] Starting a postgresql pool with 5 connections.
2025-10-01 09:41:33 [INFO]: [QUERY] SELECT "private"."users"."id", "private"."users"."fullname", "private"."users"."email", "private"."users"."password", "private"."users"."role", "private"."users"."status" FROM "private"."users" WHERE ("private"."users"."email" = $1 AND 1=1) LIMIT $2 OFFSET $3 -- params: ["admin@gmail.com",1,0] -- duration: 2ms
2025-10-01 09:41:33 [INFO]: [QUERY] BEGIN -- params: [] -- duration: 0ms
2025-10-01 09:41:33 [INFO]: [QUERY] INSERT INTO "private"."users" ("fullname","email","password","role","status","createdAt","updatedAt") VALUES ($1,$2,$3,$4,$5,$6,$7) RETURNING "private"."users"."id" -- params: ["admin","admin@gmail.com","$2b$10$USToQDPz3E4NcKGqRTUcOuizFUVj.sR80GR8MPX8dicUeBEPMjQIW",1,1,"2025-10-01 02:41:33.601 UTC","2025-10-01 02:41:33.601 UTC"] -- duration: 4ms
2025-10-01 09:41:33 [INFO]: [QUERY] SELECT "private"."users"."id", "private"."users"."fullname", "private"."users"."email", "private"."users"."role", "private"."users"."status" FROM "private"."users" WHERE "private"."users"."id" = $1 LIMIT $2 OFFSET $3 -- params: [1,1,0] -- duration: 1ms
2025-10-01 09:41:33 [INFO]: [QUERY] SELECT "private"."contacts"."id", "private"."contacts"."contact", "private"."contacts"."description", "private"."contacts"."createdAt", "private"."contacts"."updatedAt", "private"."contacts"."userId" FROM "private"."contacts" WHERE "private"."contacts"."userId" IN ($1) OFFSET $2 -- params: [1,0] -- duration: 1ms
2025-10-01 09:41:33 [INFO]: [QUERY] SELECT "private"."testimonials"."id", "private"."testimonials"."content", "private"."testimonials"."rating", "private"."testimonials"."createdAt", "private"."testimonials"."updatedAt", "private"."testimonials"."userId" FROM "private"."testimonials" WHERE "private"."testimonials"."userId" IN ($1) OFFSET $2 -- params: [1,0] -- duration: 1ms
2025-10-01 09:41:33 [INFO]: [QUERY] SELECT "private"."orders"."id", "private"."orders"."amount", "private"."orders"."status", "private"."orders"."createdAt", "private"."orders"."updatedAt", "private"."orders"."userId" FROM "private"."orders" WHERE "private"."orders"."userId" IN ($1) OFFSET $2 -- params: [1,0] -- duration: 1ms
2025-10-01 09:41:33 [INFO]: [QUERY] COMMIT -- params: [] -- duration: 137ms
2025-10-01 09:42:21 [INFO]: [QUERY] SELECT 1 -- params: [] -- duration: 0ms
2025-10-01 09:42:21 [INFO]: [QUERY] SELECT "private"."users"."id", "private"."users"."fullname", "private"."users"."email", "private"."users"."password", "private"."users"."role", "private"."users"."status" FROM "private"."users" WHERE ("private"."users"."email" = $1 AND 1=1) LIMIT $2 OFFSET $3 -- params: ["admin@gmail.com",1,0] -- duration: 0ms
2025-10-01 09:42:21 [INFO]: [QUERY] SELECT "private"."contacts"."id", "private"."contacts"."contact", "private"."contacts"."description", "private"."contacts"."createdAt", "private"."contacts"."updatedAt", "private"."contacts"."userId" FROM "private"."contacts" WHERE "private"."contacts"."userId" IN ($1) OFFSET $2 -- params: [1,0] -- duration: 0ms
2025-10-01 09:42:21 [INFO]: [QUERY] SELECT "private"."testimonials"."id", "private"."testimonials"."content", "private"."testimonials"."rating", "private"."testimonials"."createdAt", "private"."testimonials"."updatedAt", "private"."testimonials"."userId" FROM "private"."testimonials" WHERE "private"."testimonials"."userId" IN ($1) OFFSET $2 -- params: [1,0] -- duration: 0ms
2025-10-01 09:42:21 [INFO]: [QUERY] SELECT "private"."orders"."id", "private"."orders"."amount", "private"."orders"."status", "private"."orders"."createdAt", "private"."orders"."updatedAt", "private"."orders"."userId" FROM "private"."orders" WHERE "private"."orders"."userId" IN ($1) OFFSET $2 -- params: [1,0] -- duration: 0ms
2025-10-01 09:42:49 [INFO]: [QUERY] SELECT 1 -- params: [] -- duration: 0ms
2025-10-01 09:42:49 [INFO]: [QUERY] SELECT "private"."users"."id", "private"."users"."fullname", "private"."users"."email", "private"."users"."role", "private"."users"."status" FROM "private"."users" WHERE ("private"."users"."id" = $1 AND 1=1) LIMIT $2 OFFSET $3 -- params: [1,1,0] -- duration: 2ms
2025-10-01 09:42:49 [INFO]: [QUERY] SELECT "private"."contacts"."id", "private"."contacts"."contact", "private"."contacts"."description", "private"."contacts"."createdAt", "private"."contacts"."updatedAt", "private"."contacts"."userId" FROM "private"."contacts" WHERE "private"."contacts"."userId" IN ($1) OFFSET $2 -- params: [1,0] -- duration: 1ms
2025-10-01 09:42:49 [INFO]: [QUERY] SELECT "private"."testimonials"."id", "private"."testimonials"."content", "private"."testimonials"."rating", "private"."testimonials"."createdAt", "private"."testimonials"."updatedAt", "private"."testimonials"."userId" FROM "private"."testimonials" WHERE "private"."testimonials"."userId" IN ($1) OFFSET $2 -- params: [1,0] -- duration: 1ms
2025-10-01 09:42:49 [INFO]: [QUERY] SELECT "private"."orders"."id", "private"."orders"."amount", "private"."orders"."status", "private"."orders"."createdAt", "private"."orders"."updatedAt", "private"."orders"."userId" FROM "private"."orders" WHERE "private"."orders"."userId" IN ($1) OFFSET $2 -- params: [1,0] -- duration: 2ms
2025-10-01 09:42:49 [INFO]: [QUERY] SELECT "private"."users"."id", "private"."users"."fullname", "private"."users"."email", "private"."users"."password", "private"."users"."role", "private"."users"."status" FROM "private"."users" WHERE ("private"."users"."email" = $1 AND 1=1) LIMIT $2 OFFSET $3 -- params: ["staff1@example.com",1,0] -- duration: 0ms
2025-10-01 09:42:49 [INFO]: [QUERY] BEGIN -- params: [] -- duration: 0ms
2025-10-01 09:42:49 [INFO]: [QUERY] INSERT INTO "private"."users" ("fullname","email","password","role","status","createdAt","updatedAt") VALUES ($1,$2,$3,$4,$5,$6,$7) RETURNING "private"."users"."id" -- params: ["staff 1","staff1@example.com","$2b$10$d35v9ZTaFxTQEd2cXvX5kuePcSfdSiZEnaNKgaPnTR1aaIattwKWa",2,1,"2025-10-01 02:42:49.351 UTC","2025-10-01 02:42:49.351 UTC"] -- duration: 1ms
2025-10-01 09:42:49 [INFO]: [QUERY] SELECT "private"."users"."id", "private"."users"."fullname", "private"."users"."email", "private"."users"."role", "private"."users"."status" FROM "private"."users" WHERE "private"."users"."id" = $1 LIMIT $2 OFFSET $3 -- params: [2,1,0] -- duration: 0ms
2025-10-01 09:42:49 [INFO]: [QUERY] SELECT "private"."contacts"."id", "private"."contacts"."contact", "private"."contacts"."description", "private"."contacts"."createdAt", "private"."contacts"."updatedAt", "private"."contacts"."userId" FROM "private"."contacts" WHERE "private"."contacts"."userId" IN ($1) OFFSET $2 -- params: [2,0] -- duration: 0ms
2025-10-01 09:42:49 [INFO]: [QUERY] SELECT "private"."testimonials"."id", "private"."testimonials"."content", "private"."testimonials"."rating", "private"."testimonials"."createdAt", "private"."testimonials"."updatedAt", "private"."testimonials"."userId" FROM "private"."testimonials" WHERE "private"."testimonials"."userId" IN ($1) OFFSET $2 -- params: [2,0] -- duration: 0ms
2025-10-01 09:42:49 [INFO]: [QUERY] SELECT "private"."orders"."id", "private"."orders"."amount", "private"."orders"."status", "private"."orders"."createdAt", "private"."orders"."updatedAt", "private"."orders"."userId" FROM "private"."orders" WHERE "private"."orders"."userId" IN ($1) OFFSET $2 -- params: [2,0] -- duration: 0ms
2025-10-01 09:42:49 [INFO]: [QUERY] COMMIT -- params: [] -- duration: 26ms
2025-10-01 09:42:49 [INFO]: [QUERY] INSERT INTO "private"."attachment" ("fileName","fileType","filePath","fileSize","attachmentAbleId","attachmentAbleType","createdAt","updatedAt") VALUES ($1,$2,$3,$4,$5,$6,$7,$8) RETURNING "private"."attachment"."id", "private"."attachment"."fileName", "private"."attachment"."fileType", "private"."attachment"."filePath", "private"."attachment"."fileSize", "private"."attachment"."attachmentAbleId", "private"."attachment"."attachmentAbleType" -- params: ["foto-hadi.jpeg","image/jpeg","/home/hadi-rachmat-s/Documents/Project/finework/app-finework-backend/uploads/1759286569122-98225709-foto-hadi.jpeg",2011107,2,"user","2025-10-01 02:42:49.389 UTC","2025-10-01 02:42:49.389 UTC"] -- duration: 17ms
2025-10-01 09:43:06 [INFO]: [QUERY] SELECT 1 -- params: [] -- duration: 0ms
2025-10-01 09:43:06 [INFO]: [QUERY] SELECT "private"."users"."id", "private"."users"."fullname", "private"."users"."email", "private"."users"."role", "private"."users"."status" FROM "private"."users" WHERE ("private"."users"."id" = $1 AND 1=1) LIMIT $2 OFFSET $3 -- params: [1,1,0] -- duration: 0ms
2025-10-01 09:43:06 [INFO]: [QUERY] SELECT "private"."contacts"."id", "private"."contacts"."contact", "private"."contacts"."description", "private"."contacts"."createdAt", "private"."contacts"."updatedAt", "private"."contacts"."userId" FROM "private"."contacts" WHERE "private"."contacts"."userId" IN ($1) OFFSET $2 -- params: [1,0] -- duration: 2ms
2025-10-01 09:43:06 [INFO]: [QUERY] SELECT "private"."testimonials"."id", "private"."testimonials"."content", "private"."testimonials"."rating", "private"."testimonials"."createdAt", "private"."testimonials"."updatedAt", "private"."testimonials"."userId" FROM "private"."testimonials" WHERE "private"."testimonials"."userId" IN ($1) OFFSET $2 -- params: [1,0] -- duration: 0ms
2025-10-01 09:43:06 [INFO]: [QUERY] SELECT "private"."orders"."id", "private"."orders"."amount", "private"."orders"."status", "private"."orders"."createdAt", "private"."orders"."updatedAt", "private"."orders"."userId" FROM "private"."orders" WHERE "private"."orders"."userId" IN ($1) OFFSET $2 -- params: [1,0] -- duration: 0ms
2025-10-01 09:43:06 [INFO]: [QUERY] SELECT "private"."users"."id", "private"."users"."fullname", "private"."users"."email", "private"."users"."password", "private"."users"."role", "private"."users"."status" FROM "private"."users" WHERE ("private"."users"."email" = $1 AND 1=1) LIMIT $2 OFFSET $3 -- params: ["staff2@example.com",1,0] -- duration: 0ms
2025-10-01 09:43:07 [INFO]: [QUERY] BEGIN -- params: [] -- duration: 0ms
2025-10-01 09:43:07 [INFO]: [QUERY] INSERT INTO "private"."users" ("fullname","email","password","role","status","createdAt","updatedAt") VALUES ($1,$2,$3,$4,$5,$6,$7) RETURNING "private"."users"."id" -- params: ["staff 2","staff2@example.com","$2b$10$gztEjt7eUyLySTmUagcr1eFtP8pHB/JKziyMPUb6EJMxGfUw6UI.S",2,1,"2025-10-01 02:43:07.013 UTC","2025-10-01 02:43:07.013 UTC"] -- duration: 0ms
2025-10-01 09:43:07 [INFO]: [QUERY] SELECT "private"."users"."id", "private"."users"."fullname", "private"."users"."email", "private"."users"."role", "private"."users"."status" FROM "private"."users" WHERE "private"."users"."id" = $1 LIMIT $2 OFFSET $3 -- params: [3,1,0] -- duration: 2ms
2025-10-01 09:43:07 [INFO]: [QUERY] SELECT "private"."contacts"."id", "private"."contacts"."contact", "private"."contacts"."description", "private"."contacts"."createdAt", "private"."contacts"."updatedAt", "private"."contacts"."userId" FROM "private"."contacts" WHERE "private"."contacts"."userId" IN ($1) OFFSET $2 -- params: [3,0] -- duration: 0ms
2025-10-01 09:43:07 [INFO]: [QUERY] SELECT "private"."testimonials"."id", "private"."testimonials"."content", "private"."testimonials"."rating", "private"."testimonials"."createdAt", "private"."testimonials"."updatedAt", "private"."testimonials"."userId" FROM "private"."testimonials" WHERE "private"."testimonials"."userId" IN ($1) OFFSET $2 -- params: [3,0] -- duration: 1ms
2025-10-01 09:43:07 [INFO]: [QUERY] SELECT "private"."orders"."id", "private"."orders"."amount", "private"."orders"."status", "private"."orders"."createdAt", "private"."orders"."updatedAt", "private"."orders"."userId" FROM "private"."orders" WHERE "private"."orders"."userId" IN ($1) OFFSET $2 -- params: [3,0] -- duration: 1ms
2025-10-01 09:43:07 [INFO]: [QUERY] COMMIT -- params: [] -- duration: 32ms
2025-10-01 09:43:07 [INFO]: [QUERY] INSERT INTO "private"."attachment" ("fileName","fileType","filePath","fileSize","attachmentAbleId","attachmentAbleType","createdAt","updatedAt") VALUES ($1,$2,$3,$4,$5,$6,$7,$8) RETURNING "private"."attachment"."id", "private"."attachment"."fileName", "private"."attachment"."fileType", "private"."attachment"."filePath", "private"."attachment"."fileSize", "private"."attachment"."attachmentAbleId", "private"."attachment"."attachmentAbleType" -- params: ["foto-hadi.jpeg","image/jpeg","/home/hadi-rachmat-s/Documents/Project/finework/app-finework-backend/uploads/1759286586833-444867474-foto-hadi.jpeg",2011107,3,"user","2025-10-01 02:43:07.056 UTC","2025-10-01 02:43:07.056 UTC"] -- duration: 7ms
2025-10-01 09:43:20 [INFO]: [QUERY] SELECT "private"."users"."id", "private"."users"."fullname", "private"."users"."email", "private"."users"."role", "private"."users"."status" FROM "private"."users" WHERE ("private"."users"."id" = $1 AND 1=1) LIMIT $2 OFFSET $3 -- params: [1,1,0] -- duration: 0ms
2025-10-01 09:43:20 [INFO]: [QUERY] SELECT "private"."contacts"."id", "private"."contacts"."contact", "private"."contacts"."description", "private"."contacts"."createdAt", "private"."contacts"."updatedAt", "private"."contacts"."userId" FROM "private"."contacts" WHERE "private"."contacts"."userId" IN ($1) OFFSET $2 -- params: [1,0] -- duration: 1ms
2025-10-01 09:43:20 [INFO]: [QUERY] SELECT "private"."testimonials"."id", "private"."testimonials"."content", "private"."testimonials"."rating", "private"."testimonials"."createdAt", "private"."testimonials"."updatedAt", "private"."testimonials"."userId" FROM "private"."testimonials" WHERE "private"."testimonials"."userId" IN ($1) OFFSET $2 -- params: [1,0] -- duration: 1ms
2025-10-01 09:43:20 [INFO]: [QUERY] SELECT "private"."orders"."id", "private"."orders"."amount", "private"."orders"."status", "private"."orders"."createdAt", "private"."orders"."updatedAt", "private"."orders"."userId" FROM "private"."orders" WHERE "private"."orders"."userId" IN ($1) OFFSET $2 -- params: [1,0] -- duration: 1ms
2025-10-01 09:43:20 [INFO]: [QUERY] SELECT "private"."users"."id", "private"."users"."fullname", "private"."users"."email", "private"."users"."password", "private"."users"."role", "private"."users"."status" FROM "private"."users" WHERE ("private"."users"."email" = $1 AND 1=1) LIMIT $2 OFFSET $3 -- params: ["staff3@example.com",1,0] -- duration: 0ms
2025-10-01 09:43:20 [INFO]: [QUERY] BEGIN -- params: [] -- duration: 0ms
2025-10-01 09:43:20 [INFO]: [QUERY] INSERT INTO "private"."users" ("fullname","email","password","role","status","createdAt","updatedAt") VALUES ($1,$2,$3,$4,$5,$6,$7) RETURNING "private"."users"."id" -- params: ["staff 3","staff3@example.com","$2b$10$odHNW7b6cn2G8o9fBIcp4uFzP0VP9xxPrteO7s1R.CQKTDfk8gG3S",2,1,"2025-10-01 02:43:20.648 UTC","2025-10-01 02:43:20.648 UTC"] -- duration: 1ms
2025-10-01 09:43:20 [INFO]: [QUERY] SELECT "private"."users"."id", "private"."users"."fullname", "private"."users"."email", "private"."users"."role", "private"."users"."status" FROM "private"."users" WHERE "private"."users"."id" = $1 LIMIT $2 OFFSET $3 -- params: [4,1,0] -- duration: 0ms
2025-10-01 09:43:20 [INFO]: [QUERY] SELECT "private"."contacts"."id", "private"."contacts"."contact", "private"."contacts"."description", "private"."contacts"."createdAt", "private"."contacts"."updatedAt", "private"."contacts"."userId" FROM "private"."contacts" WHERE "private"."contacts"."userId" IN ($1) OFFSET $2 -- params: [4,0] -- duration: 0ms
2025-10-01 09:43:20 [INFO]: [QUERY] SELECT "private"."testimonials"."id", "private"."testimonials"."content", "private"."testimonials"."rating", "private"."testimonials"."createdAt", "private"."testimonials"."updatedAt", "private"."testimonials"."userId" FROM "private"."testimonials" WHERE "private"."testimonials"."userId" IN ($1) OFFSET $2 -- params: [4,0] -- duration: 0ms
2025-10-01 09:43:20 [INFO]: [QUERY] SELECT "private"."orders"."id", "private"."orders"."amount", "private"."orders"."status", "private"."orders"."createdAt", "private"."orders"."updatedAt", "private"."orders"."userId" FROM "private"."orders" WHERE "private"."orders"."userId" IN ($1) OFFSET $2 -- params: [4,0] -- duration: 0ms
2025-10-01 09:43:20 [INFO]: [QUERY] COMMIT -- params: [] -- duration: 105ms
2025-10-01 09:43:20 [INFO]: [QUERY] INSERT INTO "private"."attachment" ("fileName","fileType","filePath","fileSize","attachmentAbleId","attachmentAbleType","createdAt","updatedAt") VALUES ($1,$2,$3,$4,$5,$6,$7,$8) RETURNING "private"."attachment"."id", "private"."attachment"."fileName", "private"."attachment"."fileType", "private"."attachment"."filePath", "private"."attachment"."fileSize", "private"."attachment"."attachmentAbleId", "private"."attachment"."attachmentAbleType" -- params: ["foto-hadi.jpeg","image/jpeg","/home/hadi-rachmat-s/Documents/Project/finework/app-finework-backend/uploads/1759286600433-766022882-foto-hadi.jpeg",2011107,4,"user","2025-10-01 02:43:20.760 UTC","2025-10-01 02:43:20.760 UTC"] -- duration: 27ms
2025-10-01 09:43:49 [INFO]: [QUERY] SELECT 1 -- params: [] -- duration: 0ms
2025-10-01 09:43:49 [INFO]: [QUERY] SELECT "private"."users"."id", "private"."users"."fullname", "private"."users"."email", "private"."users"."role", "private"."users"."status" FROM "private"."users" WHERE ("private"."users"."id" = $1 AND 1=1) LIMIT $2 OFFSET $3 -- params: [1,1,0] -- duration: 1ms
2025-10-01 09:43:49 [INFO]: [QUERY] SELECT "private"."contacts"."id", "private"."contacts"."contact", "private"."contacts"."description", "private"."contacts"."createdAt", "private"."contacts"."updatedAt", "private"."contacts"."userId" FROM "private"."contacts" WHERE "private"."contacts"."userId" IN ($1) OFFSET $2 -- params: [1,0] -- duration: 0ms
2025-10-01 09:43:49 [INFO]: [QUERY] SELECT "private"."testimonials"."id", "private"."testimonials"."content", "private"."testimonials"."rating", "private"."testimonials"."createdAt", "private"."testimonials"."updatedAt", "private"."testimonials"."userId" FROM "private"."testimonials" WHERE "private"."testimonials"."userId" IN ($1) OFFSET $2 -- params: [1,0] -- duration: 1ms
2025-10-01 09:43:49 [INFO]: [QUERY] SELECT "private"."orders"."id", "private"."orders"."amount", "private"."orders"."status", "private"."orders"."createdAt", "private"."orders"."updatedAt", "private"."orders"."userId" FROM "private"."orders" WHERE "private"."orders"."userId" IN ($1) OFFSET $2 -- params: [1,0] -- duration: 1ms
2025-10-01 09:43:49 [INFO]: [QUERY] SELECT "private"."users"."id", "private"."users"."fullname", "private"."users"."email", "private"."users"."password", "private"."users"."role", "private"."users"."status" FROM "private"."users" WHERE ("private"."users"."email" = $1 AND 1=1) LIMIT $2 OFFSET $3 -- params: ["customer1@example.com",1,0] -- duration: 1ms
2025-10-01 09:43:49 [INFO]: [QUERY] BEGIN -- params: [] -- duration: 0ms
2025-10-01 09:43:49 [INFO]: [QUERY] INSERT INTO "private"."users" ("fullname","email","password","role","status","createdAt","updatedAt") VALUES ($1,$2,$3,$4,$5,$6,$7) RETURNING "private"."users"."id" -- params: ["cutomer 1","customer1@example.com","$2b$10$5aKuVCAlSvs2EypymdEvX.gpqHwqeE4YG9VKrXe5dBLBZbVKGSXlW",3,1,"2025-10-01 02:43:49.386 UTC","2025-10-01 02:43:49.386 UTC"] -- duration: 1ms
2025-10-01 09:43:49 [INFO]: [QUERY] SELECT "private"."users"."id", "private"."users"."fullname", "private"."users"."email", "private"."users"."role", "private"."users"."status" FROM "private"."users" WHERE "private"."users"."id" = $1 LIMIT $2 OFFSET $3 -- params: [5,1,0] -- duration: 0ms
2025-10-01 09:43:49 [INFO]: [QUERY] SELECT "private"."contacts"."id", "private"."contacts"."contact", "private"."contacts"."description", "private"."contacts"."createdAt", "private"."contacts"."updatedAt", "private"."contacts"."userId" FROM "private"."contacts" WHERE "private"."contacts"."userId" IN ($1) OFFSET $2 -- params: [5,0] -- duration: 0ms
2025-10-01 09:43:49 [INFO]: [QUERY] SELECT "private"."testimonials"."id", "private"."testimonials"."content", "private"."testimonials"."rating", "private"."testimonials"."createdAt", "private"."testimonials"."updatedAt", "private"."testimonials"."userId" FROM "private"."testimonials" WHERE "private"."testimonials"."userId" IN ($1) OFFSET $2 -- params: [5,0] -- duration: 0ms
2025-10-01 09:43:49 [INFO]: [QUERY] SELECT "private"."orders"."id", "private"."orders"."amount", "private"."orders"."status", "private"."orders"."createdAt", "private"."orders"."updatedAt", "private"."orders"."userId" FROM "private"."orders" WHERE "private"."orders"."userId" IN ($1) OFFSET $2 -- params: [5,0] -- duration: 0ms
2025-10-01 09:43:49 [INFO]: [QUERY] COMMIT -- params: [] -- duration: 22ms
2025-10-01 09:43:49 [INFO]: [QUERY] INSERT INTO "private"."attachment" ("fileName","fileType","filePath","fileSize","attachmentAbleId","attachmentAbleType","createdAt","updatedAt") VALUES ($1,$2,$3,$4,$5,$6,$7,$8) RETURNING "private"."attachment"."id", "private"."attachment"."fileName", "private"."attachment"."fileType", "private"."attachment"."filePath", "private"."attachment"."fileSize", "private"."attachment"."attachmentAbleId", "private"."attachment"."attachmentAbleType" -- params: ["foto-hadi.jpeg","image/jpeg","/home/hadi-rachmat-s/Documents/Project/finework/app-finework-backend/uploads/1759286629201-842240141-foto-hadi.jpeg",2011107,5,"user","2025-10-01 02:43:49.416 UTC","2025-10-01 02:43:49.416 UTC"] -- duration: 8ms
2025-10-01 09:44:04 [INFO]: [QUERY] SELECT 1 -- params: [] -- duration: 0ms
2025-10-01 09:44:04 [INFO]: [QUERY] SELECT "private"."users"."id", "private"."users"."fullname", "private"."users"."email", "private"."users"."role", "private"."users"."status" FROM "private"."users" WHERE ("private"."users"."id" = $1 AND 1=1) LIMIT $2 OFFSET $3 -- params: [1,1,0] -- duration: 1ms
2025-10-01 09:44:04 [INFO]: [QUERY] SELECT "private"."contacts"."id", "private"."contacts"."contact", "private"."contacts"."description", "private"."contacts"."createdAt", "private"."contacts"."updatedAt", "private"."contacts"."userId" FROM "private"."contacts" WHERE "private"."contacts"."userId" IN ($1) OFFSET $2 -- params: [1,0] -- duration: 2ms
2025-10-01 09:44:04 [INFO]: [QUERY] SELECT "private"."testimonials"."id", "private"."testimonials"."content", "private"."testimonials"."rating", "private"."testimonials"."createdAt", "private"."testimonials"."updatedAt", "private"."testimonials"."userId" FROM "private"."testimonials" WHERE "private"."testimonials"."userId" IN ($1) OFFSET $2 -- params: [1,0] -- duration: 0ms
2025-10-01 09:44:04 [INFO]: [QUERY] SELECT "private"."orders"."id", "private"."orders"."amount", "private"."orders"."status", "private"."orders"."createdAt", "private"."orders"."updatedAt", "private"."orders"."userId" FROM "private"."orders" WHERE "private"."orders"."userId" IN ($1) OFFSET $2 -- params: [1,0] -- duration: 0ms
2025-10-01 09:44:04 [INFO]: [QUERY] SELECT "private"."users"."id", "private"."users"."fullname", "private"."users"."email", "private"."users"."password", "private"."users"."role", "private"."users"."status" FROM "private"."users" WHERE ("private"."users"."email" = $1 AND 1=1) LIMIT $2 OFFSET $3 -- params: ["customer2@example.com",1,0] -- duration: 3ms
2025-10-01 09:44:04 [INFO]: [QUERY] BEGIN -- params: [] -- duration: 0ms
2025-10-01 09:44:04 [INFO]: [QUERY] INSERT INTO "private"."users" ("fullname","email","password","role","status","createdAt","updatedAt") VALUES ($1,$2,$3,$4,$5,$6,$7) RETURNING "private"."users"."id" -- params: ["cutomer 2","customer2@example.com","$2b$10$q5ElQygpmEl7izFlIl5lH..Jx4AVRWaR0bsIY.MINjwS/I2hbyzb.",3,1,"2025-10-01 02:44:04.837 UTC","2025-10-01 02:44:04.837 UTC"] -- duration: 0ms
2025-10-01 09:44:04 [INFO]: [QUERY] SELECT "private"."users"."id", "private"."users"."fullname", "private"."users"."email", "private"."users"."role", "private"."users"."status" FROM "private"."users" WHERE "private"."users"."id" = $1 LIMIT $2 OFFSET $3 -- params: [6,1,0] -- duration: 0ms
2025-10-01 09:44:04 [INFO]: [QUERY] SELECT "private"."contacts"."id", "private"."contacts"."contact", "private"."contacts"."description", "private"."contacts"."createdAt", "private"."contacts"."updatedAt", "private"."contacts"."userId" FROM "private"."contacts" WHERE "private"."contacts"."userId" IN ($1) OFFSET $2 -- params: [6,0] -- duration: 0ms
2025-10-01 09:44:04 [INFO]: [QUERY] SELECT "private"."testimonials"."id", "private"."testimonials"."content", "private"."testimonials"."rating", "private"."testimonials"."createdAt", "private"."testimonials"."updatedAt", "private"."testimonials"."userId" FROM "private"."testimonials" WHERE "private"."testimonials"."userId" IN ($1) OFFSET $2 -- params: [6,0] -- duration: 0ms
2025-10-01 09:44:04 [INFO]: [QUERY] SELECT "private"."orders"."id", "private"."orders"."amount", "private"."orders"."status", "private"."orders"."createdAt", "private"."orders"."updatedAt", "private"."orders"."userId" FROM "private"."orders" WHERE "private"."orders"."userId" IN ($1) OFFSET $2 -- params: [6,0] -- duration: 0ms
2025-10-01 09:44:04 [INFO]: [QUERY] COMMIT -- params: [] -- duration: 28ms
2025-10-01 09:44:04 [INFO]: [QUERY] INSERT INTO "private"."attachment" ("fileName","fileType","filePath","fileSize","attachmentAbleId","attachmentAbleType","createdAt","updatedAt") VALUES ($1,$2,$3,$4,$5,$6,$7,$8) RETURNING "private"."attachment"."id", "private"."attachment"."fileName", "private"."attachment"."fileType", "private"."attachment"."filePath", "private"."attachment"."fileSize", "private"."attachment"."attachmentAbleId", "private"."attachment"."attachmentAbleType" -- params: ["foto-hadi.jpeg","image/jpeg","/home/hadi-rachmat-s/Documents/Project/finework/app-finework-backend/uploads/1759286644681-271081846-foto-hadi.jpeg",2011107,6,"user","2025-10-01 02:44:04.872 UTC","2025-10-01 02:44:04.872 UTC"] -- duration: 9ms
2025-10-01 09:44:16 [INFO]: [QUERY] SELECT "private"."users"."id", "private"."users"."fullname", "private"."users"."email", "private"."users"."role", "private"."users"."status" FROM "private"."users" WHERE ("private"."users"."id" = $1 AND 1=1) LIMIT $2 OFFSET $3 -- params: [1,1,0] -- duration: 0ms
2025-10-01 09:44:16 [INFO]: [QUERY] SELECT "private"."contacts"."id", "private"."contacts"."contact", "private"."contacts"."description", "private"."contacts"."createdAt", "private"."contacts"."updatedAt", "private"."contacts"."userId" FROM "private"."contacts" WHERE "private"."contacts"."userId" IN ($1) OFFSET $2 -- params: [1,0] -- duration: 0ms
2025-10-01 09:44:16 [INFO]: [QUERY] SELECT "private"."testimonials"."id", "private"."testimonials"."content", "private"."testimonials"."rating", "private"."testimonials"."createdAt", "private"."testimonials"."updatedAt", "private"."testimonials"."userId" FROM "private"."testimonials" WHERE "private"."testimonials"."userId" IN ($1) OFFSET $2 -- params: [1,0] -- duration: 0ms
2025-10-01 09:44:16 [INFO]: [QUERY] SELECT "private"."orders"."id", "private"."orders"."amount", "private"."orders"."status", "private"."orders"."createdAt", "private"."orders"."updatedAt", "private"."orders"."userId" FROM "private"."orders" WHERE "private"."orders"."userId" IN ($1) OFFSET $2 -- params: [1,0] -- duration: 0ms
2025-10-01 09:44:16 [INFO]: [QUERY] SELECT "private"."users"."id", "private"."users"."fullname", "private"."users"."email", "private"."users"."password", "private"."users"."role", "private"."users"."status" FROM "private"."users" WHERE ("private"."users"."email" = $1 AND 1=1) LIMIT $2 OFFSET $3 -- params: ["customer3@example.com",1,0] -- duration: 0ms
2025-10-01 09:44:16 [INFO]: [QUERY] BEGIN -- params: [] -- duration: 0ms
2025-10-01 09:44:16 [INFO]: [QUERY] INSERT INTO "private"."users" ("fullname","email","password","role","status","createdAt","updatedAt") VALUES ($1,$2,$3,$4,$5,$6,$7) RETURNING "private"."users"."id" -- params: ["cutomer 3","customer3@example.com","$2b$10$7lJ64zFNH894v7TeXytWD.BFDCJWEWjqwNpzNFzC0ZApev7XHKvmq",3,1,"2025-10-01 02:44:16.419 UTC","2025-10-01 02:44:16.419 UTC"] -- duration: 0ms
2025-10-01 09:44:16 [INFO]: [QUERY] SELECT "private"."users"."id", "private"."users"."fullname", "private"."users"."email", "private"."users"."role", "private"."users"."status" FROM "private"."users" WHERE "private"."users"."id" = $1 LIMIT $2 OFFSET $3 -- params: [7,1,0] -- duration: 0ms
2025-10-01 09:44:16 [INFO]: [QUERY] SELECT "private"."contacts"."id", "private"."contacts"."contact", "private"."contacts"."description", "private"."contacts"."createdAt", "private"."contacts"."updatedAt", "private"."contacts"."userId" FROM "private"."contacts" WHERE "private"."contacts"."userId" IN ($1) OFFSET $2 -- params: [7,0] -- duration: 0ms
2025-10-01 09:44:16 [INFO]: [QUERY] SELECT "private"."testimonials"."id", "private"."testimonials"."content", "private"."testimonials"."rating", "private"."testimonials"."createdAt", "private"."testimonials"."updatedAt", "private"."testimonials"."userId" FROM "private"."testimonials" WHERE "private"."testimonials"."userId" IN ($1) OFFSET $2 -- params: [7,0] -- duration: 0ms
2025-10-01 09:44:16 [INFO]: [QUERY] SELECT "private"."orders"."id", "private"."orders"."amount", "private"."orders"."status", "private"."orders"."createdAt", "private"."orders"."updatedAt", "private"."orders"."userId" FROM "private"."orders" WHERE "private"."orders"."userId" IN ($1) OFFSET $2 -- params: [7,0] -- duration: 0ms
2025-10-01 09:44:16 [INFO]: [QUERY] COMMIT -- params: [] -- duration: 27ms
2025-10-01 09:44:16 [INFO]: [QUERY] INSERT INTO "private"."attachment" ("fileName","fileType","filePath","fileSize","attachmentAbleId","attachmentAbleType","createdAt","updatedAt") VALUES ($1,$2,$3,$4,$5,$6,$7,$8) RETURNING "private"."attachment"."id", "private"."attachment"."fileName", "private"."attachment"."fileType", "private"."attachment"."filePath", "private"."attachment"."fileSize", "private"."attachment"."attachmentAbleId", "private"."attachment"."attachmentAbleType" -- params: ["foto-hadi.jpeg","image/jpeg","/home/hadi-rachmat-s/Documents/Project/finework/app-finework-backend/uploads/1759286656254-433550952-foto-hadi.jpeg",2011107,7,"user","2025-10-01 02:44:16.453 UTC","2025-10-01 02:44:16.453 UTC"] -- duration: 8ms
2025-10-01 09:44:28 [INFO]: [QUERY] SELECT 1 -- params: [] -- duration: 0ms
2025-10-01 09:44:28 [INFO]: [QUERY] SELECT "private"."users"."id", "private"."users"."fullname", "private"."users"."email", "private"."users"."role", "private"."users"."status" FROM "private"."users" WHERE ("private"."users"."id" = $1 AND 1=1) LIMIT $2 OFFSET $3 -- params: [1,1,0] -- duration: 0ms
2025-10-01 09:44:28 [INFO]: [QUERY] SELECT "private"."contacts"."id", "private"."contacts"."contact", "private"."contacts"."description", "private"."contacts"."createdAt", "private"."contacts"."updatedAt", "private"."contacts"."userId" FROM "private"."contacts" WHERE "private"."contacts"."userId" IN ($1) OFFSET $2 -- params: [1,0] -- duration: 0ms
2025-10-01 09:44:28 [INFO]: [QUERY] SELECT "private"."testimonials"."id", "private"."testimonials"."content", "private"."testimonials"."rating", "private"."testimonials"."createdAt", "private"."testimonials"."updatedAt", "private"."testimonials"."userId" FROM "private"."testimonials" WHERE "private"."testimonials"."userId" IN ($1) OFFSET $2 -- params: [1,0] -- duration: 0ms
2025-10-01 09:44:28 [INFO]: [QUERY] SELECT "private"."orders"."id", "private"."orders"."amount", "private"."orders"."status", "private"."orders"."createdAt", "private"."orders"."updatedAt", "private"."orders"."userId" FROM "private"."orders" WHERE "private"."orders"."userId" IN ($1) OFFSET $2 -- params: [1,0] -- duration: 0ms
2025-10-01 09:44:28 [INFO]: [QUERY] SELECT "private"."users"."id", "private"."users"."fullname", "private"."users"."email", "private"."users"."role", "private"."users"."status" FROM "private"."users" WHERE 1=1 OFFSET $1 -- params: [0] -- duration: 0ms
2025-10-01 09:44:42 [INFO]: [QUERY] SELECT "private"."users"."id", "private"."users"."fullname", "private"."users"."email", "private"."users"."role", "private"."users"."status" FROM "private"."users" WHERE ("private"."users"."id" = $1 AND 1=1) LIMIT $2 OFFSET $3 -- params: [1,1,0] -- duration: 0ms
2025-10-01 09:44:42 [INFO]: [QUERY] SELECT "private"."contacts"."id", "private"."contacts"."contact", "private"."contacts"."description", "private"."contacts"."createdAt", "private"."contacts"."updatedAt", "private"."contacts"."userId" FROM "private"."contacts" WHERE "private"."contacts"."userId" IN ($1) OFFSET $2 -- params: [1,0] -- duration: 0ms
2025-10-01 09:44:42 [INFO]: [QUERY] SELECT "private"."testimonials"."id", "private"."testimonials"."content", "private"."testimonials"."rating", "private"."testimonials"."createdAt", "private"."testimonials"."updatedAt", "private"."testimonials"."userId" FROM "private"."testimonials" WHERE "private"."testimonials"."userId" IN ($1) OFFSET $2 -- params: [1,0] -- duration: 0ms
2025-10-01 09:44:42 [INFO]: [QUERY] SELECT "private"."orders"."id", "private"."orders"."amount", "private"."orders"."status", "private"."orders"."createdAt", "private"."orders"."updatedAt", "private"."orders"."userId" FROM "private"."orders" WHERE "private"."orders"."userId" IN ($1) OFFSET $2 -- params: [1,0] -- duration: 0ms
2025-10-01 09:44:42 [INFO]: [QUERY] SELECT "private"."users"."id", "private"."users"."fullname", "private"."users"."email", "private"."users"."role", "private"."users"."status" FROM "private"."users" WHERE ("private"."users"."id" = $1 AND 1=1) LIMIT $2 OFFSET $3 -- params: [26,1,0] -- duration: 0ms
2025-10-01 09:44:47 [INFO]: [QUERY] SELECT 1 -- params: [] -- duration: 1ms
2025-10-01 09:44:47 [INFO]: [QUERY] SELECT "private"."users"."id", "private"."users"."fullname", "private"."users"."email", "private"."users"."role", "private"."users"."status" FROM "private"."users" WHERE ("private"."users"."id" = $1 AND 1=1) LIMIT $2 OFFSET $3 -- params: [1,1,0] -- duration: 0ms
2025-10-01 09:44:47 [INFO]: [QUERY] SELECT "private"."contacts"."id", "private"."contacts"."contact", "private"."contacts"."description", "private"."contacts"."createdAt", "private"."contacts"."updatedAt", "private"."contacts"."userId" FROM "private"."contacts" WHERE "private"."contacts"."userId" IN ($1) OFFSET $2 -- params: [1,0] -- duration: 0ms
2025-10-01 09:44:47 [INFO]: [QUERY] SELECT "private"."testimonials"."id", "private"."testimonials"."content", "private"."testimonials"."rating", "private"."testimonials"."createdAt", "private"."testimonials"."updatedAt", "private"."testimonials"."userId" FROM "private"."testimonials" WHERE "private"."testimonials"."userId" IN ($1) OFFSET $2 -- params: [1,0] -- duration: 0ms
2025-10-01 09:44:47 [INFO]: [QUERY] SELECT "private"."orders"."id", "private"."orders"."amount", "private"."orders"."status", "private"."orders"."createdAt", "private"."orders"."updatedAt", "private"."orders"."userId" FROM "private"."orders" WHERE "private"."orders"."userId" IN ($1) OFFSET $2 -- params: [1,0] -- duration: 0ms
2025-10-01 09:44:47 [INFO]: [QUERY] SELECT "private"."users"."id", "private"."users"."fullname", "private"."users"."email", "private"."users"."role", "private"."users"."status" FROM "private"."users" WHERE ("private"."users"."id" = $1 AND 1=1) LIMIT $2 OFFSET $3 -- params: [3,1,0] -- duration: 1ms
2025-10-01 09:44:47 [INFO]: [QUERY] SELECT "private"."contacts"."id", "private"."contacts"."contact", "private"."contacts"."description", "private"."contacts"."createdAt", "private"."contacts"."updatedAt", "private"."contacts"."userId" FROM "private"."contacts" WHERE "private"."contacts"."userId" IN ($1) OFFSET $2 -- params: [3,0] -- duration: 0ms
2025-10-01 09:44:47 [INFO]: [QUERY] SELECT "private"."testimonials"."id", "private"."testimonials"."content", "private"."testimonials"."rating", "private"."testimonials"."createdAt", "private"."testimonials"."updatedAt", "private"."testimonials"."userId" FROM "private"."testimonials" WHERE "private"."testimonials"."userId" IN ($1) OFFSET $2 -- params: [3,0] -- duration: 2ms
2025-10-01 09:44:47 [INFO]: [QUERY] SELECT "private"."orders"."id", "private"."orders"."amount", "private"."orders"."status", "private"."orders"."createdAt", "private"."orders"."updatedAt", "private"."orders"."userId" FROM "private"."orders" WHERE "private"."orders"."userId" IN ($1) OFFSET $2 -- params: [3,0] -- duration: 1ms
2025-10-01 09:44:47 [INFO]: [QUERY] SELECT "private"."attachment"."id", "private"."attachment"."fileName", "private"."attachment"."fileType", "private"."attachment"."filePath", "private"."attachment"."fileSize", "private"."attachment"."attachmentAbleId", "private"."attachment"."attachmentAbleType" FROM "private"."attachment" WHERE ("private"."attachment"."attachmentAbleId" = $1 AND "private"."attachment"."attachmentAbleType" = $2) LIMIT $3 OFFSET $4 -- params: [3,"user",1,0] -- duration: 1ms
2025-10-01 09:48:55 [INFO]: [QUERY] SELECT "private"."users"."id", "private"."users"."fullname", "private"."users"."email", "private"."users"."role", "private"."users"."status" FROM "private"."users" WHERE ("private"."users"."id" = $1 AND 1=1) LIMIT $2 OFFSET $3 -- params: [1,1,0] -- duration: 3ms
2025-10-01 09:48:55 [INFO]: [QUERY] SELECT "private"."contacts"."id", "private"."contacts"."contact", "private"."contacts"."description", "private"."contacts"."createdAt", "private"."contacts"."updatedAt", "private"."contacts"."userId" FROM "private"."contacts" WHERE "private"."contacts"."userId" IN ($1) OFFSET $2 -- params: [1,0] -- duration: 1ms
2025-10-01 09:48:55 [INFO]: [QUERY] SELECT "private"."testimonials"."id", "private"."testimonials"."content", "private"."testimonials"."rating", "private"."testimonials"."createdAt", "private"."testimonials"."updatedAt", "private"."testimonials"."userId" FROM "private"."testimonials" WHERE "private"."testimonials"."userId" IN ($1) OFFSET $2 -- params: [1,0] -- duration: 1ms
2025-10-01 09:48:55 [INFO]: [QUERY] SELECT "private"."orders"."id", "private"."orders"."amount", "private"."orders"."status", "private"."orders"."createdAt", "private"."orders"."updatedAt", "private"."orders"."userId" FROM "private"."orders" WHERE "private"."orders"."userId" IN ($1) OFFSET $2 -- params: [1,0] -- duration: 4ms
2025-10-01 09:48:55 [INFO]: [QUERY] SELECT "private"."users"."id", "private"."users"."fullname", "private"."users"."email", "private"."users"."role", "private"."users"."status" FROM "private"."users" WHERE ("private"."users"."id" = $1 AND 1=1) LIMIT $2 OFFSET $3 -- params: [5,1,0] -- duration: 1ms
2025-10-01 09:48:55 [INFO]: [QUERY] SELECT "private"."contacts"."id", "private"."contacts"."contact", "private"."contacts"."description", "private"."contacts"."createdAt", "private"."contacts"."updatedAt", "private"."contacts"."userId" FROM "private"."contacts" WHERE "private"."contacts"."userId" IN ($1) OFFSET $2 -- params: [5,0] -- duration: 2ms
2025-10-01 09:48:55 [INFO]: [QUERY] SELECT "private"."testimonials"."id", "private"."testimonials"."content", "private"."testimonials"."rating", "private"."testimonials"."createdAt", "private"."testimonials"."updatedAt", "private"."testimonials"."userId" FROM "private"."testimonials" WHERE "private"."testimonials"."userId" IN ($1) OFFSET $2 -- params: [5,0] -- duration: 2ms
2025-10-01 09:48:55 [INFO]: [QUERY] SELECT "private"."orders"."id", "private"."orders"."amount", "private"."orders"."status", "private"."orders"."createdAt", "private"."orders"."updatedAt", "private"."orders"."userId" FROM "private"."orders" WHERE "private"."orders"."userId" IN ($1) OFFSET $2 -- params: [5,0] -- duration: 1ms
2025-10-01 09:48:55 [INFO]: [QUERY] BEGIN -- params: [] -- duration: 1ms
2025-10-01 09:48:55 [INFO]: [QUERY] UPDATE "private"."users" SET "fullname" = $1, "email" = $2, "role" = $3, "status" = $4, "updatedAt" = $5 WHERE ("private"."users"."id" = $6 AND 1=1) RETURNING "private"."users"."id", "private"."users"."fullname", "private"."users"."email", "private"."users"."role", "private"."users"."status" -- params: ["customer3","customer3@example.com",3,1,"2025-10-01 02:48:55.146 UTC",5] -- duration: 3ms
2025-10-01 09:48:55 [INFO]: [QUERY] ROLLBACK -- params: [] -- duration: 0ms
2025-10-01 09:48:55 [ERROR]: [ERROR] 
Invalid `prisma.users.update()` invocation:


Unique constraint failed on the fields: (`email`)
2025-10-01 09:49:49 [INFO]: [QUERY] SELECT 1 -- params: [] -- duration: 0ms
2025-10-01 09:49:49 [INFO]: [QUERY] SELECT "private"."users"."id", "private"."users"."fullname", "private"."users"."email", "private"."users"."role", "private"."users"."status" FROM "private"."users" WHERE ("private"."users"."id" = $1 AND 1=1) LIMIT $2 OFFSET $3 -- params: [1,1,0] -- duration: 1ms
2025-10-01 09:49:49 [INFO]: [QUERY] SELECT "private"."contacts"."id", "private"."contacts"."contact", "private"."contacts"."description", "private"."contacts"."createdAt", "private"."contacts"."updatedAt", "private"."contacts"."userId" FROM "private"."contacts" WHERE "private"."contacts"."userId" IN ($1) OFFSET $2 -- params: [1,0] -- duration: 0ms
2025-10-01 09:49:49 [INFO]: [QUERY] SELECT "private"."testimonials"."id", "private"."testimonials"."content", "private"."testimonials"."rating", "private"."testimonials"."createdAt", "private"."testimonials"."updatedAt", "private"."testimonials"."userId" FROM "private"."testimonials" WHERE "private"."testimonials"."userId" IN ($1) OFFSET $2 -- params: [1,0] -- duration: 0ms
2025-10-01 09:49:49 [INFO]: [QUERY] SELECT "private"."orders"."id", "private"."orders"."amount", "private"."orders"."status", "private"."orders"."createdAt", "private"."orders"."updatedAt", "private"."orders"."userId" FROM "private"."orders" WHERE "private"."orders"."userId" IN ($1) OFFSET $2 -- params: [1,0] -- duration: 0ms
2025-10-01 09:49:49 [INFO]: [QUERY] SELECT "private"."users"."id", "private"."users"."fullname", "private"."users"."email", "private"."users"."role", "private"."users"."status" FROM "private"."users" WHERE ("private"."users"."id" = $1 AND 1=1) LIMIT $2 OFFSET $3 -- params: [5,1,0] -- duration: 4ms
2025-10-01 09:49:49 [INFO]: [QUERY] SELECT "private"."contacts"."id", "private"."contacts"."contact", "private"."contacts"."description", "private"."contacts"."createdAt", "private"."contacts"."updatedAt", "private"."contacts"."userId" FROM "private"."contacts" WHERE "private"."contacts"."userId" IN ($1) OFFSET $2 -- params: [5,0] -- duration: 0ms
2025-10-01 09:49:49 [INFO]: [QUERY] SELECT "private"."testimonials"."id", "private"."testimonials"."content", "private"."testimonials"."rating", "private"."testimonials"."createdAt", "private"."testimonials"."updatedAt", "private"."testimonials"."userId" FROM "private"."testimonials" WHERE "private"."testimonials"."userId" IN ($1) OFFSET $2 -- params: [5,0] -- duration: 0ms
2025-10-01 09:49:49 [INFO]: [QUERY] SELECT "private"."orders"."id", "private"."orders"."amount", "private"."orders"."status", "private"."orders"."createdAt", "private"."orders"."updatedAt", "private"."orders"."userId" FROM "private"."orders" WHERE "private"."orders"."userId" IN ($1) OFFSET $2 -- params: [5,0] -- duration: 0ms
2025-10-01 09:49:49 [INFO]: [QUERY] BEGIN -- params: [] -- duration: 1ms
2025-10-01 09:49:49 [INFO]: [QUERY] UPDATE "private"."users" SET "fullname" = $1, "email" = $2, "role" = $3, "status" = $4, "updatedAt" = $5 WHERE ("private"."users"."id" = $6 AND 1=1) RETURNING "private"."users"."id", "private"."users"."fullname", "private"."users"."email", "private"."users"."role", "private"."users"."status" -- params: ["customer 1 updated","customer1@example.com",3,1,"2025-10-01 02:49:49.781 UTC",5] -- duration: 2ms
2025-10-01 09:49:49 [INFO]: [QUERY] SELECT "private"."users"."id", "private"."users"."fullname", "private"."users"."email", "private"."users"."role", "private"."users"."status" FROM "private"."users" WHERE "private"."users"."id" = $1 LIMIT $2 OFFSET $3 -- params: [5,1,0] -- duration: 3ms
2025-10-01 09:49:49 [INFO]: [QUERY] SELECT "private"."contacts"."id", "private"."contacts"."contact", "private"."contacts"."description", "private"."contacts"."createdAt", "private"."contacts"."updatedAt", "private"."contacts"."userId" FROM "private"."contacts" WHERE "private"."contacts"."userId" IN ($1) OFFSET $2 -- params: [5,0] -- duration: 0ms
2025-10-01 09:49:49 [INFO]: [QUERY] SELECT "private"."testimonials"."id", "private"."testimonials"."content", "private"."testimonials"."rating", "private"."testimonials"."createdAt", "private"."testimonials"."updatedAt", "private"."testimonials"."userId" FROM "private"."testimonials" WHERE "private"."testimonials"."userId" IN ($1) OFFSET $2 -- params: [5,0] -- duration: 0ms
2025-10-01 09:49:49 [INFO]: [QUERY] SELECT "private"."orders"."id", "private"."orders"."amount", "private"."orders"."status", "private"."orders"."createdAt", "private"."orders"."updatedAt", "private"."orders"."userId" FROM "private"."orders" WHERE "private"."orders"."userId" IN ($1) OFFSET $2 -- params: [5,0] -- duration: 1ms
2025-10-01 09:49:49 [INFO]: [QUERY] COMMIT -- params: [] -- duration: 27ms
2025-10-01 09:49:49 [INFO]: [QUERY] SELECT "private"."attachment"."id", "private"."attachment"."fileName", "private"."attachment"."fileType", "private"."attachment"."filePath", "private"."attachment"."fileSize", "private"."attachment"."attachmentAbleId", "private"."attachment"."attachmentAbleType" FROM "private"."attachment" WHERE ("private"."attachment"."attachmentAbleId" = $1 AND "private"."attachment"."attachmentAbleType" = $2) LIMIT $3 OFFSET $4 -- params: [5,"user",1,0] -- duration: 2ms
2025-10-01 09:49:49 [INFO]: [QUERY] DELETE FROM "private"."attachment" WHERE ("private"."attachment"."id" = $1 AND 1=1) RETURNING "private"."attachment"."id", "private"."attachment"."fileName", "private"."attachment"."fileType", "private"."attachment"."filePath", "private"."attachment"."fileSize", "private"."attachment"."attachmentAbleId", "private"."attachment"."attachmentAbleType" -- params: [4] -- duration: 3ms
2025-10-01 09:49:49 [INFO]: [QUERY] INSERT INTO "private"."attachment" ("fileName","fileType","filePath","fileSize","attachmentAbleId","attachmentAbleType","createdAt","updatedAt") VALUES ($1,$2,$3,$4,$5,$6,$7,$8) RETURNING "private"."attachment"."id", "private"."attachment"."fileName", "private"."attachment"."fileType", "private"."attachment"."filePath", "private"."attachment"."fileSize", "private"."attachment"."attachmentAbleId", "private"."attachment"."attachmentAbleType" -- params: ["mysql.png","image/png","/home/hadi-rachmat-s/Documents/Project/finework/app-finework-backend/uploads/1759286989761-713069434-mysql.png",514065,5,"user","2025-10-01 02:49:49.835 UTC","2025-10-01 02:49:49.835 UTC"] -- duration: 9ms
2025-10-01 09:50:10 [INFO]: [QUERY] SELECT 1 -- params: [] -- duration: 0ms
2025-10-01 09:50:10 [INFO]: [QUERY] SELECT "private"."users"."id", "private"."users"."fullname", "private"."users"."email", "private"."users"."role", "private"."users"."status" FROM "private"."users" WHERE ("private"."users"."id" = $1 AND 1=1) LIMIT $2 OFFSET $3 -- params: [1,1,0] -- duration: 1ms
2025-10-01 09:50:10 [INFO]: [QUERY] SELECT "private"."contacts"."id", "private"."contacts"."contact", "private"."contacts"."description", "private"."contacts"."createdAt", "private"."contacts"."updatedAt", "private"."contacts"."userId" FROM "private"."contacts" WHERE "private"."contacts"."userId" IN ($1) OFFSET $2 -- params: [1,0] -- duration: 0ms
2025-10-01 09:50:10 [INFO]: [QUERY] SELECT "private"."testimonials"."id", "private"."testimonials"."content", "private"."testimonials"."rating", "private"."testimonials"."createdAt", "private"."testimonials"."updatedAt", "private"."testimonials"."userId" FROM "private"."testimonials" WHERE "private"."testimonials"."userId" IN ($1) OFFSET $2 -- params: [1,0] -- duration: 0ms
2025-10-01 09:50:10 [INFO]: [QUERY] SELECT "private"."orders"."id", "private"."orders"."amount", "private"."orders"."status", "private"."orders"."createdAt", "private"."orders"."updatedAt", "private"."orders"."userId" FROM "private"."orders" WHERE "private"."orders"."userId" IN ($1) OFFSET $2 -- params: [1,0] -- duration: 0ms
2025-10-01 09:50:10 [INFO]: [QUERY] SELECT "private"."users"."id", "private"."users"."fullname", "private"."users"."email", "private"."users"."role", "private"."users"."status" FROM "private"."users" WHERE ("private"."users"."id" = $1 AND 1=1) LIMIT $2 OFFSET $3 -- params: [5,1,0] -- duration: 1ms
2025-10-01 09:50:10 [INFO]: [QUERY] SELECT "private"."contacts"."id", "private"."contacts"."contact", "private"."contacts"."description", "private"."contacts"."createdAt", "private"."contacts"."updatedAt", "private"."contacts"."userId" FROM "private"."contacts" WHERE "private"."contacts"."userId" IN ($1) OFFSET $2 -- params: [5,0] -- duration: 1ms
2025-10-01 09:50:10 [INFO]: [QUERY] SELECT "private"."testimonials"."id", "private"."testimonials"."content", "private"."testimonials"."rating", "private"."testimonials"."createdAt", "private"."testimonials"."updatedAt", "private"."testimonials"."userId" FROM "private"."testimonials" WHERE "private"."testimonials"."userId" IN ($1) OFFSET $2 -- params: [5,0] -- duration: 0ms
2025-10-01 09:50:10 [INFO]: [QUERY] SELECT "private"."orders"."id", "private"."orders"."amount", "private"."orders"."status", "private"."orders"."createdAt", "private"."orders"."updatedAt", "private"."orders"."userId" FROM "private"."orders" WHERE "private"."orders"."userId" IN ($1) OFFSET $2 -- params: [5,0] -- duration: 0ms
2025-10-01 09:50:10 [INFO]: [QUERY] BEGIN -- params: [] -- duration: 1ms
2025-10-01 09:50:10 [INFO]: [QUERY] UPDATE "private"."users" SET "fullname" = $1, "email" = $2, "role" = $3, "status" = $4, "updatedAt" = $5 WHERE ("private"."users"."id" = $6 AND 1=1) RETURNING "private"."users"."id", "private"."users"."fullname", "private"."users"."email", "private"."users"."role", "private"."users"."status" -- params: ["customer1","customer1@example.com",3,1,"2025-10-01 02:50:10.235 UTC",5] -- duration: 1ms
2025-10-01 09:50:10 [INFO]: [QUERY] SELECT "private"."users"."id", "private"."users"."fullname", "private"."users"."email", "private"."users"."role", "private"."users"."status" FROM "private"."users" WHERE "private"."users"."id" = $1 LIMIT $2 OFFSET $3 -- params: [5,1,0] -- duration: 0ms
2025-10-01 09:50:10 [INFO]: [QUERY] SELECT "private"."contacts"."id", "private"."contacts"."contact", "private"."contacts"."description", "private"."contacts"."createdAt", "private"."contacts"."updatedAt", "private"."contacts"."userId" FROM "private"."contacts" WHERE "private"."contacts"."userId" IN ($1) OFFSET $2 -- params: [5,0] -- duration: 0ms
2025-10-01 09:50:10 [INFO]: [QUERY] SELECT "private"."testimonials"."id", "private"."testimonials"."content", "private"."testimonials"."rating", "private"."testimonials"."createdAt", "private"."testimonials"."updatedAt", "private"."testimonials"."userId" FROM "private"."testimonials" WHERE "private"."testimonials"."userId" IN ($1) OFFSET $2 -- params: [5,0] -- duration: 0ms
2025-10-01 09:50:10 [INFO]: [QUERY] SELECT "private"."orders"."id", "private"."orders"."amount", "private"."orders"."status", "private"."orders"."createdAt", "private"."orders"."updatedAt", "private"."orders"."userId" FROM "private"."orders" WHERE "private"."orders"."userId" IN ($1) OFFSET $2 -- params: [5,0] -- duration: 0ms
2025-10-01 09:50:10 [INFO]: [QUERY] COMMIT -- params: [] -- duration: 14ms
2025-10-01 09:50:10 [INFO]: [QUERY] SELECT "private"."attachment"."id", "private"."attachment"."fileName", "private"."attachment"."fileType", "private"."attachment"."filePath", "private"."attachment"."fileSize", "private"."attachment"."attachmentAbleId", "private"."attachment"."attachmentAbleType" FROM "private"."attachment" WHERE ("private"."attachment"."attachmentAbleId" = $1 AND "private"."attachment"."attachmentAbleType" = $2) LIMIT $3 OFFSET $4 -- params: [5,"user",1,0] -- duration: 1ms
2025-10-01 09:50:10 [INFO]: [QUERY] DELETE FROM "private"."attachment" WHERE ("private"."attachment"."id" = $1 AND 1=1) RETURNING "private"."attachment"."id", "private"."attachment"."fileName", "private"."attachment"."fileType", "private"."attachment"."filePath", "private"."attachment"."fileSize", "private"."attachment"."attachmentAbleId", "private"."attachment"."attachmentAbleType" -- params: [7] -- duration: 12ms
2025-10-01 09:50:10 [INFO]: [QUERY] INSERT INTO "private"."attachment" ("fileName","fileType","filePath","fileSize","attachmentAbleId","attachmentAbleType","createdAt","updatedAt") VALUES ($1,$2,$3,$4,$5,$6,$7,$8) RETURNING "private"."attachment"."id", "private"."attachment"."fileName", "private"."attachment"."fileType", "private"."attachment"."filePath", "private"."attachment"."fileSize", "private"."attachment"."attachmentAbleId", "private"."attachment"."attachmentAbleType" -- params: ["mysql.png","image/png","/home/hadi-rachmat-s/Documents/Project/finework/app-finework-backend/uploads/1759287010213-585827834-mysql.png",514065,5,"user","2025-10-01 02:50:10.282 UTC","2025-10-01 02:50:10.282 UTC"] -- duration: 8ms
2025-10-01 09:51:30 [INFO]: [QUERY] SELECT 1 -- params: [] -- duration: 0ms
2025-10-01 09:51:30 [INFO]: [QUERY] SELECT "private"."users"."id", "private"."users"."fullname", "private"."users"."email", "private"."users"."role", "private"."users"."status" FROM "private"."users" WHERE ("private"."users"."id" = $1 AND 1=1) LIMIT $2 OFFSET $3 -- params: [1,1,0] -- duration: 1ms
2025-10-01 09:51:30 [INFO]: [QUERY] SELECT "private"."contacts"."id", "private"."contacts"."contact", "private"."contacts"."description", "private"."contacts"."createdAt", "private"."contacts"."updatedAt", "private"."contacts"."userId" FROM "private"."contacts" WHERE "private"."contacts"."userId" IN ($1) OFFSET $2 -- params: [1,0] -- duration: 1ms
2025-10-01 09:51:30 [INFO]: [QUERY] SELECT "private"."testimonials"."id", "private"."testimonials"."content", "private"."testimonials"."rating", "private"."testimonials"."createdAt", "private"."testimonials"."updatedAt", "private"."testimonials"."userId" FROM "private"."testimonials" WHERE "private"."testimonials"."userId" IN ($1) OFFSET $2 -- params: [1,0] -- duration: 1ms
2025-10-01 09:51:30 [INFO]: [QUERY] SELECT "private"."orders"."id", "private"."orders"."amount", "private"."orders"."status", "private"."orders"."createdAt", "private"."orders"."updatedAt", "private"."orders"."userId" FROM "private"."orders" WHERE "private"."orders"."userId" IN ($1) OFFSET $2 -- params: [1,0] -- duration: 0ms
2025-10-01 09:51:30 [INFO]: [QUERY] INSERT INTO "private"."categories" ("name","description","createdAt","updatedAt") VALUES ($1,$2,$3,$4) RETURNING "private"."categories"."id", "private"."categories"."name", "private"."categories"."description" -- params: ["Windows","Window Categories Description","2025-10-01 02:51:30.544 UTC","2025-10-01 02:51:30.544 UTC"] -- duration: 34ms
2025-10-01 09:51:46 [INFO]: [QUERY] SELECT 1 -- params: [] -- duration: 0ms
2025-10-01 09:51:46 [INFO]: [QUERY] SELECT "private"."users"."id", "private"."users"."fullname", "private"."users"."email", "private"."users"."role", "private"."users"."status" FROM "private"."users" WHERE ("private"."users"."id" = $1 AND 1=1) LIMIT $2 OFFSET $3 -- params: [1,1,0] -- duration: 0ms
2025-10-01 09:51:46 [INFO]: [QUERY] SELECT "private"."contacts"."id", "private"."contacts"."contact", "private"."contacts"."description", "private"."contacts"."createdAt", "private"."contacts"."updatedAt", "private"."contacts"."userId" FROM "private"."contacts" WHERE "private"."contacts"."userId" IN ($1) OFFSET $2 -- params: [1,0] -- duration: 0ms
2025-10-01 09:51:46 [INFO]: [QUERY] SELECT "private"."testimonials"."id", "private"."testimonials"."content", "private"."testimonials"."rating", "private"."testimonials"."createdAt", "private"."testimonials"."updatedAt", "private"."testimonials"."userId" FROM "private"."testimonials" WHERE "private"."testimonials"."userId" IN ($1) OFFSET $2 -- params: [1,0] -- duration: 0ms
2025-10-01 09:51:46 [INFO]: [QUERY] SELECT "private"."orders"."id", "private"."orders"."amount", "private"."orders"."status", "private"."orders"."createdAt", "private"."orders"."updatedAt", "private"."orders"."userId" FROM "private"."orders" WHERE "private"."orders"."userId" IN ($1) OFFSET $2 -- params: [1,0] -- duration: 0ms
2025-10-01 09:51:46 [INFO]: [QUERY] INSERT INTO "private"."categories" ("name","description","createdAt","updatedAt") VALUES ($1,$2,$3,$4) RETURNING "private"."categories"."id", "private"."categories"."name", "private"."categories"."description" -- params: ["Adobe","Adobe Categories Description","2025-10-01 02:51:46.545 UTC","2025-10-01 02:51:46.545 UTC"] -- duration: 13ms
2025-10-01 09:52:07 [INFO]: [QUERY] SELECT 1 -- params: [] -- duration: 0ms
2025-10-01 09:52:07 [INFO]: [QUERY] SELECT "private"."users"."id", "private"."users"."fullname", "private"."users"."email", "private"."users"."role", "private"."users"."status" FROM "private"."users" WHERE ("private"."users"."id" = $1 AND 1=1) LIMIT $2 OFFSET $3 -- params: [1,1,0] -- duration: 1ms
2025-10-01 09:52:07 [INFO]: [QUERY] SELECT "private"."contacts"."id", "private"."contacts"."contact", "private"."contacts"."description", "private"."contacts"."createdAt", "private"."contacts"."updatedAt", "private"."contacts"."userId" FROM "private"."contacts" WHERE "private"."contacts"."userId" IN ($1) OFFSET $2 -- params: [1,0] -- duration: 4ms
2025-10-01 09:52:07 [INFO]: [QUERY] SELECT "private"."testimonials"."id", "private"."testimonials"."content", "private"."testimonials"."rating", "private"."testimonials"."createdAt", "private"."testimonials"."updatedAt", "private"."testimonials"."userId" FROM "private"."testimonials" WHERE "private"."testimonials"."userId" IN ($1) OFFSET $2 -- params: [1,0] -- duration: 0ms
2025-10-01 09:52:07 [INFO]: [QUERY] SELECT "private"."orders"."id", "private"."orders"."amount", "private"."orders"."status", "private"."orders"."createdAt", "private"."orders"."updatedAt", "private"."orders"."userId" FROM "private"."orders" WHERE "private"."orders"."userId" IN ($1) OFFSET $2 -- params: [1,0] -- duration: 0ms
2025-10-01 09:52:07 [INFO]: [QUERY] INSERT INTO "private"."categories" ("name","description","createdAt","updatedAt") VALUES ($1,$2,$3,$4) RETURNING "private"."categories"."id", "private"."categories"."name", "private"."categories"."description" -- params: ["Office","Office Categories Description","2025-10-01 02:52:07.656 UTC","2025-10-01 02:52:07.656 UTC"] -- duration: 35ms
2025-10-01 09:52:37 [INFO]: [QUERY] SELECT 1 -- params: [] -- duration: 0ms
2025-10-01 09:52:37 [INFO]: [QUERY] SELECT "private"."users"."id", "private"."users"."fullname", "private"."users"."email", "private"."users"."role", "private"."users"."status" FROM "private"."users" WHERE ("private"."users"."id" = $1 AND 1=1) LIMIT $2 OFFSET $3 -- params: [1,1,0] -- duration: 0ms
2025-10-01 09:52:37 [INFO]: [QUERY] SELECT "private"."contacts"."id", "private"."contacts"."contact", "private"."contacts"."description", "private"."contacts"."createdAt", "private"."contacts"."updatedAt", "private"."contacts"."userId" FROM "private"."contacts" WHERE "private"."contacts"."userId" IN ($1) OFFSET $2 -- params: [1,0] -- duration: 0ms
2025-10-01 09:52:37 [INFO]: [QUERY] SELECT "private"."testimonials"."id", "private"."testimonials"."content", "private"."testimonials"."rating", "private"."testimonials"."createdAt", "private"."testimonials"."updatedAt", "private"."testimonials"."userId" FROM "private"."testimonials" WHERE "private"."testimonials"."userId" IN ($1) OFFSET $2 -- params: [1,0] -- duration: 0ms
2025-10-01 09:52:37 [INFO]: [QUERY] SELECT "private"."orders"."id", "private"."orders"."amount", "private"."orders"."status", "private"."orders"."createdAt", "private"."orders"."updatedAt", "private"."orders"."userId" FROM "private"."orders" WHERE "private"."orders"."userId" IN ($1) OFFSET $2 -- params: [1,0] -- duration: 0ms
2025-10-01 09:52:37 [INFO]: [QUERY] SELECT "private"."categories"."id", "private"."categories"."name", "private"."categories"."description" FROM "private"."categories" WHERE 1=1 OFFSET $1 -- params: [0] -- duration: 1ms
2025-10-01 09:52:51 [INFO]: [QUERY] SELECT "private"."users"."id", "private"."users"."fullname", "private"."users"."email", "private"."users"."role", "private"."users"."status" FROM "private"."users" WHERE ("private"."users"."id" = $1 AND 1=1) LIMIT $2 OFFSET $3 -- params: [1,1,0] -- duration: 0ms
2025-10-01 09:52:51 [INFO]: [QUERY] SELECT "private"."contacts"."id", "private"."contacts"."contact", "private"."contacts"."description", "private"."contacts"."createdAt", "private"."contacts"."updatedAt", "private"."contacts"."userId" FROM "private"."contacts" WHERE "private"."contacts"."userId" IN ($1) OFFSET $2 -- params: [1,0] -- duration: 0ms
2025-10-01 09:52:51 [INFO]: [QUERY] SELECT "private"."testimonials"."id", "private"."testimonials"."content", "private"."testimonials"."rating", "private"."testimonials"."createdAt", "private"."testimonials"."updatedAt", "private"."testimonials"."userId" FROM "private"."testimonials" WHERE "private"."testimonials"."userId" IN ($1) OFFSET $2 -- params: [1,0] -- duration: 0ms
2025-10-01 09:52:51 [INFO]: [QUERY] SELECT "private"."orders"."id", "private"."orders"."amount", "private"."orders"."status", "private"."orders"."createdAt", "private"."orders"."updatedAt", "private"."orders"."userId" FROM "private"."orders" WHERE "private"."orders"."userId" IN ($1) OFFSET $2 -- params: [1,0] -- duration: 0ms
2025-10-01 09:52:51 [INFO]: [QUERY] SELECT "private"."categories"."id", "private"."categories"."name", "private"."categories"."description" FROM "private"."categories" WHERE ("private"."categories"."id" = $1 AND 1=1) LIMIT $2 OFFSET $3 -- params: [1,1,0] -- duration: 1ms
2025-10-01 09:53:06 [INFO]: [QUERY] SELECT 1 -- params: [] -- duration: 0ms
2025-10-01 09:53:06 [INFO]: [QUERY] SELECT "private"."users"."id", "private"."users"."fullname", "private"."users"."email", "private"."users"."role", "private"."users"."status" FROM "private"."users" WHERE ("private"."users"."id" = $1 AND 1=1) LIMIT $2 OFFSET $3 -- params: [1,1,0] -- duration: 0ms
2025-10-01 09:53:06 [INFO]: [QUERY] SELECT "private"."contacts"."id", "private"."contacts"."contact", "private"."contacts"."description", "private"."contacts"."createdAt", "private"."contacts"."updatedAt", "private"."contacts"."userId" FROM "private"."contacts" WHERE "private"."contacts"."userId" IN ($1) OFFSET $2 -- params: [1,0] -- duration: 0ms
2025-10-01 09:53:06 [INFO]: [QUERY] SELECT "private"."testimonials"."id", "private"."testimonials"."content", "private"."testimonials"."rating", "private"."testimonials"."createdAt", "private"."testimonials"."updatedAt", "private"."testimonials"."userId" FROM "private"."testimonials" WHERE "private"."testimonials"."userId" IN ($1) OFFSET $2 -- params: [1,0] -- duration: 0ms
2025-10-01 09:53:06 [INFO]: [QUERY] SELECT "private"."orders"."id", "private"."orders"."amount", "private"."orders"."status", "private"."orders"."createdAt", "private"."orders"."updatedAt", "private"."orders"."userId" FROM "private"."orders" WHERE "private"."orders"."userId" IN ($1) OFFSET $2 -- params: [1,0] -- duration: 0ms
2025-10-01 09:53:06 [INFO]: [QUERY] SELECT "private"."categories"."id", "private"."categories"."name", "private"."categories"."description" FROM "private"."categories" WHERE ("private"."categories"."id" = $1 AND 1=1) LIMIT $2 OFFSET $3 -- params: [1,1,0] -- duration: 0ms
2025-10-01 09:53:06 [INFO]: [QUERY] UPDATE "private"."categories" SET "id" = $1, "name" = $2, "description" = $3, "updatedAt" = $4 WHERE ("private"."categories"."id" = $5 AND 1=1) RETURNING "private"."categories"."id", "private"."categories"."name", "private"."categories"."description" -- params: [1,"Microsoft Licenses","Microsoft Licenses category description","2025-10-01 02:53:06.556 UTC",1] -- duration: 23ms
2025-10-01 09:54:11 [INFO]: [QUERY] SELECT "private"."users"."id", "private"."users"."fullname", "private"."users"."email", "private"."users"."role", "private"."users"."status" FROM "private"."users" WHERE ("private"."users"."id" = $1 AND 1=1) LIMIT $2 OFFSET $3 -- params: [1,1,0] -- duration: 2ms
2025-10-01 09:54:11 [INFO]: [QUERY] SELECT "private"."contacts"."id", "private"."contacts"."contact", "private"."contacts"."description", "private"."contacts"."createdAt", "private"."contacts"."updatedAt", "private"."contacts"."userId" FROM "private"."contacts" WHERE "private"."contacts"."userId" IN ($1) OFFSET $2 -- params: [1,0] -- duration: 1ms
2025-10-01 09:54:11 [INFO]: [QUERY] SELECT "private"."testimonials"."id", "private"."testimonials"."content", "private"."testimonials"."rating", "private"."testimonials"."createdAt", "private"."testimonials"."updatedAt", "private"."testimonials"."userId" FROM "private"."testimonials" WHERE "private"."testimonials"."userId" IN ($1) OFFSET $2 -- params: [1,0] -- duration: 1ms
2025-10-01 09:54:11 [INFO]: [QUERY] SELECT "private"."orders"."id", "private"."orders"."amount", "private"."orders"."status", "private"."orders"."createdAt", "private"."orders"."updatedAt", "private"."orders"."userId" FROM "private"."orders" WHERE "private"."orders"."userId" IN ($1) OFFSET $2 -- params: [1,0] -- duration: 1ms
2025-10-01 09:54:11 [INFO]: [QUERY] INSERT INTO "private"."categories" ("name","description","createdAt","updatedAt") VALUES ($1,$2,$3,$4) RETURNING "private"."categories"."id", "private"."categories"."name", "private"."categories"."description" -- params: ["Office","Office Categories Description","2025-10-01 02:54:11.452 UTC","2025-10-01 02:54:11.452 UTC"] -- duration: 34ms
2025-10-01 09:54:31 [INFO]: [QUERY] SELECT 1 -- params: [] -- duration: 3ms
2025-10-01 09:54:31 [INFO]: [QUERY] SELECT "private"."users"."id", "private"."users"."fullname", "private"."users"."email", "private"."users"."role", "private"."users"."status" FROM "private"."users" WHERE ("private"."users"."id" = $1 AND 1=1) LIMIT $2 OFFSET $3 -- params: [1,1,0] -- duration: 4ms
2025-10-01 09:54:31 [INFO]: [QUERY] SELECT "private"."contacts"."id", "private"."contacts"."contact", "private"."contacts"."description", "private"."contacts"."createdAt", "private"."contacts"."updatedAt", "private"."contacts"."userId" FROM "private"."contacts" WHERE "private"."contacts"."userId" IN ($1) OFFSET $2 -- params: [1,0] -- duration: 3ms
2025-10-01 09:54:31 [INFO]: [QUERY] SELECT "private"."testimonials"."id", "private"."testimonials"."content", "private"."testimonials"."rating", "private"."testimonials"."createdAt", "private"."testimonials"."updatedAt", "private"."testimonials"."userId" FROM "private"."testimonials" WHERE "private"."testimonials"."userId" IN ($1) OFFSET $2 -- params: [1,0] -- duration: 6ms
2025-10-01 09:54:31 [INFO]: [QUERY] SELECT "private"."orders"."id", "private"."orders"."amount", "private"."orders"."status", "private"."orders"."createdAt", "private"."orders"."updatedAt", "private"."orders"."userId" FROM "private"."orders" WHERE "private"."orders"."userId" IN ($1) OFFSET $2 -- params: [1,0] -- duration: 1ms
2025-10-01 09:54:31 [INFO]: [QUERY] SELECT "private"."categories"."id", "private"."categories"."name", "private"."categories"."description" FROM "private"."categories" WHERE ("private"."categories"."id" = $1 AND 1=1) LIMIT $2 OFFSET $3 -- params: [4,1,0] -- duration: 2ms
2025-10-01 09:54:32 [INFO]: [QUERY] DELETE FROM "private"."categories" WHERE ("private"."categories"."id" = $1 AND 1=1) RETURNING "private"."categories"."id", "private"."categories"."name", "private"."categories"."description", "private"."categories"."createdAt", "private"."categories"."updatedAt" -- params: [4] -- duration: 38ms
2025-10-01 09:55:03 [INFO]: [QUERY] SELECT 1 -- params: [] -- duration: 0ms
2025-10-01 09:55:03 [INFO]: [QUERY] SELECT "private"."users"."id", "private"."users"."fullname", "private"."users"."email", "private"."users"."role", "private"."users"."status" FROM "private"."users" WHERE ("private"."users"."id" = $1 AND 1=1) LIMIT $2 OFFSET $3 -- params: [1,1,0] -- duration: 0ms
2025-10-01 09:55:03 [INFO]: [QUERY] SELECT "private"."contacts"."id", "private"."contacts"."contact", "private"."contacts"."description", "private"."contacts"."createdAt", "private"."contacts"."updatedAt", "private"."contacts"."userId" FROM "private"."contacts" WHERE "private"."contacts"."userId" IN ($1) OFFSET $2 -- params: [1,0] -- duration: 1ms
2025-10-01 09:55:03 [INFO]: [QUERY] SELECT "private"."testimonials"."id", "private"."testimonials"."content", "private"."testimonials"."rating", "private"."testimonials"."createdAt", "private"."testimonials"."updatedAt", "private"."testimonials"."userId" FROM "private"."testimonials" WHERE "private"."testimonials"."userId" IN ($1) OFFSET $2 -- params: [1,0] -- duration: 0ms
2025-10-01 09:55:03 [INFO]: [QUERY] SELECT "private"."orders"."id", "private"."orders"."amount", "private"."orders"."status", "private"."orders"."createdAt", "private"."orders"."updatedAt", "private"."orders"."userId" FROM "private"."orders" WHERE "private"."orders"."userId" IN ($1) OFFSET $2 -- params: [1,0] -- duration: 0ms
2025-10-01 09:55:03 [INFO]: [QUERY] INSERT INTO "private"."categories" ("name","description","createdAt","updatedAt") VALUES ($1,$2,$3,$4) RETURNING "private"."categories"."id", "private"."categories"."name", "private"."categories"."description" -- params: ["will deleted data","will deleted description","2025-10-01 02:55:03.782 UTC","2025-10-01 02:55:03.782 UTC"] -- duration: 32ms
2025-10-01 09:55:44 [INFO]: [QUERY] SELECT 1 -- params: [] -- duration: 0ms
2025-10-01 09:55:44 [INFO]: [QUERY] SELECT "private"."users"."id", "private"."users"."fullname", "private"."users"."email", "private"."users"."role", "private"."users"."status" FROM "private"."users" WHERE ("private"."users"."id" = $1 AND 1=1) LIMIT $2 OFFSET $3 -- params: [1,1,0] -- duration: 1ms
2025-10-01 09:55:44 [INFO]: [QUERY] SELECT "private"."contacts"."id", "private"."contacts"."contact", "private"."contacts"."description", "private"."contacts"."createdAt", "private"."contacts"."updatedAt", "private"."contacts"."userId" FROM "private"."contacts" WHERE "private"."contacts"."userId" IN ($1) OFFSET $2 -- params: [1,0] -- duration: 2ms
2025-10-01 09:55:44 [INFO]: [QUERY] SELECT "private"."testimonials"."id", "private"."testimonials"."content", "private"."testimonials"."rating", "private"."testimonials"."createdAt", "private"."testimonials"."updatedAt", "private"."testimonials"."userId" FROM "private"."testimonials" WHERE "private"."testimonials"."userId" IN ($1) OFFSET $2 -- params: [1,0] -- duration: 0ms
2025-10-01 09:55:44 [INFO]: [QUERY] SELECT "private"."orders"."id", "private"."orders"."amount", "private"."orders"."status", "private"."orders"."createdAt", "private"."orders"."updatedAt", "private"."orders"."userId" FROM "private"."orders" WHERE "private"."orders"."userId" IN ($1) OFFSET $2 -- params: [1,0] -- duration: 0ms
2025-10-01 09:55:44 [INFO]: [QUERY] SELECT "private"."categories"."id", "private"."categories"."name", "private"."categories"."description" FROM "private"."categories" WHERE ("private"."categories"."id" = $1 AND 1=1) LIMIT $2 OFFSET $3 -- params: [5,1,0] -- duration: 0ms
2025-10-01 09:55:44 [INFO]: [QUERY] DELETE FROM "private"."categories" WHERE ("private"."categories"."id" = $1 AND 1=1) RETURNING "private"."categories"."id", "private"."categories"."name", "private"."categories"."description", "private"."categories"."createdAt", "private"."categories"."updatedAt" -- params: [5] -- duration: 29ms
2025-10-01 09:57:34 [INFO]: [QUERY] SELECT 1 -- params: [] -- duration: 0ms
2025-10-01 09:57:34 [INFO]: [QUERY] SELECT "private"."users"."id", "private"."users"."fullname", "private"."users"."email", "private"."users"."role", "private"."users"."status" FROM "private"."users" WHERE ("private"."users"."id" = $1 AND 1=1) LIMIT $2 OFFSET $3 -- params: [1,1,0] -- duration: 0ms
2025-10-01 09:57:34 [INFO]: [QUERY] SELECT "private"."contacts"."id", "private"."contacts"."contact", "private"."contacts"."description", "private"."contacts"."createdAt", "private"."contacts"."updatedAt", "private"."contacts"."userId" FROM "private"."contacts" WHERE "private"."contacts"."userId" IN ($1) OFFSET $2 -- params: [1,0] -- duration: 1ms
2025-10-01 09:57:34 [INFO]: [QUERY] SELECT "private"."testimonials"."id", "private"."testimonials"."content", "private"."testimonials"."rating", "private"."testimonials"."createdAt", "private"."testimonials"."updatedAt", "private"."testimonials"."userId" FROM "private"."testimonials" WHERE "private"."testimonials"."userId" IN ($1) OFFSET $2 -- params: [1,0] -- duration: 1ms
2025-10-01 09:57:34 [INFO]: [QUERY] SELECT "private"."orders"."id", "private"."orders"."amount", "private"."orders"."status", "private"."orders"."createdAt", "private"."orders"."updatedAt", "private"."orders"."userId" FROM "private"."orders" WHERE "private"."orders"."userId" IN ($1) OFFSET $2 -- params: [1,0] -- duration: 0ms
2025-10-01 09:57:35 [INFO]: [QUERY] SELECT "private"."categories"."id", "private"."categories"."name", "private"."categories"."description" FROM "private"."categories" WHERE ("private"."categories"."id" = $1 AND 1=1) LIMIT $2 OFFSET $3 -- params: [1,1,0] -- duration: 0ms
2025-10-01 09:57:35 [INFO]: [QUERY] INSERT INTO "private"."products" ("name","description","price","stock","status","createdAt","updatedAt","categoryId") VALUES ($1,$2,$3,$4,$5,$6,$7,$8) RETURNING "private"."products"."id", "private"."products"."name", "private"."products"."description", "private"."products"."price", "private"."products"."stock", "private"."products"."status", "private"."products"."categoryId" -- params: ["Windows 11","windows 11 Description","100000",90,1,"2025-10-01 02:57:35.119 UTC","2025-10-01 02:57:35.119 UTC",1] -- duration: 14ms
2025-10-01 09:57:35 [INFO]: [QUERY] INSERT INTO "private"."attachment" ("fileName","fileType","filePath","fileSize","attachmentAbleId","attachmentAbleType","createdAt","updatedAt") VALUES ($1,$2,$3,$4,$5,$6,$7,$8) RETURNING "private"."attachment"."id", "private"."attachment"."fileName", "private"."attachment"."fileType", "private"."attachment"."filePath", "private"."attachment"."fileSize", "private"."attachment"."attachmentAbleId", "private"."attachment"."attachmentAbleType" -- params: ["typescript.png","image/png","/home/hadi-rachmat-s/Documents/Project/finework/app-finework-backend/uploads/1759287454988-696399399-typescript.png",186561,1,"product","2025-10-01 02:57:35.135 UTC","2025-10-01 02:57:35.135 UTC"] -- duration: 20ms
2025-10-01 09:57:35 [INFO]: [QUERY] INSERT INTO "private"."attachment" ("fileName","fileType","filePath","fileSize","attachmentAbleId","attachmentAbleType","createdAt","updatedAt") VALUES ($1,$2,$3,$4,$5,$6,$7,$8) RETURNING "private"."attachment"."id", "private"."attachment"."fileName", "private"."attachment"."fileType", "private"."attachment"."filePath", "private"."attachment"."fileSize", "private"."attachment"."attachmentAbleId", "private"."attachment"."attachmentAbleType" -- params: ["javascript.png","image/png","/home/hadi-rachmat-s/Documents/Project/finework/app-finework-backend/uploads/1759287455042-886315676-javascript.png",159935,1,"product","2025-10-01 02:57:35.158 UTC","2025-10-01 02:57:35.158 UTC"] -- duration: 63ms
2025-10-01 09:57:35 [INFO]: [QUERY] INSERT INTO "private"."attachment" ("fileName","fileType","filePath","fileSize","attachmentAbleId","attachmentAbleType","createdAt","updatedAt") VALUES ($1,$2,$3,$4,$5,$6,$7,$8) RETURNING "private"."attachment"."id", "private"."attachment"."fileName", "private"."attachment"."fileType", "private"."attachment"."filePath", "private"."attachment"."fileSize", "private"."attachment"."attachmentAbleId", "private"."attachment"."attachmentAbleType" -- params: ["figma.png","image/png","/home/hadi-rachmat-s/Documents/Project/finework/app-finework-backend/uploads/1759287455045-294092430-figma.png",644497,1,"product","2025-10-01 02:57:35.224 UTC","2025-10-01 02:57:35.224 UTC"] -- duration: 8ms
2025-10-01 09:57:35 [INFO]: [QUERY] INSERT INTO "private"."attachment" ("fileName","fileType","filePath","fileSize","attachmentAbleId","attachmentAbleType","createdAt","updatedAt") VALUES ($1,$2,$3,$4,$5,$6,$7,$8) RETURNING "private"."attachment"."id", "private"."attachment"."fileName", "private"."attachment"."fileType", "private"."attachment"."filePath", "private"."attachment"."fileSize", "private"."attachment"."attachmentAbleId", "private"."attachment"."attachmentAbleType" -- params: ["code.png","image/png","/home/hadi-rachmat-s/Documents/Project/finework/app-finework-backend/uploads/1759287455067-743801128-code.png",51099,1,"product","2025-10-01 02:57:35.234 UTC","2025-10-01 02:57:35.234 UTC"] -- duration: 9ms
2025-10-01 09:57:35 [INFO]: [QUERY] INSERT INTO "private"."attachment" ("fileName","fileType","filePath","fileSize","attachmentAbleId","attachmentAbleType","createdAt","updatedAt") VALUES ($1,$2,$3,$4,$5,$6,$7,$8) RETURNING "private"."attachment"."id", "private"."attachment"."fileName", "private"."attachment"."fileType", "private"."attachment"."filePath", "private"."attachment"."fileSize", "private"."attachment"."attachmentAbleId", "private"."attachment"."attachmentAbleType" -- params: ["css.png","image/png","/home/hadi-rachmat-s/Documents/Project/finework/app-finework-backend/uploads/1759287455095-551842269-css.png",590139,1,"product","2025-10-01 02:57:35.247 UTC","2025-10-01 02:57:35.247 UTC"] -- duration: 7ms
2025-10-01 09:58:29 [INFO]: [QUERY] SELECT 1 -- params: [] -- duration: 0ms
2025-10-01 09:58:29 [INFO]: [QUERY] SELECT "private"."users"."id", "private"."users"."fullname", "private"."users"."email", "private"."users"."role", "private"."users"."status" FROM "private"."users" WHERE ("private"."users"."id" = $1 AND 1=1) LIMIT $2 OFFSET $3 -- params: [1,1,0] -- duration: 0ms
2025-10-01 09:58:29 [INFO]: [QUERY] SELECT "private"."contacts"."id", "private"."contacts"."contact", "private"."contacts"."description", "private"."contacts"."createdAt", "private"."contacts"."updatedAt", "private"."contacts"."userId" FROM "private"."contacts" WHERE "private"."contacts"."userId" IN ($1) OFFSET $2 -- params: [1,0] -- duration: 1ms
2025-10-01 09:58:29 [INFO]: [QUERY] SELECT "private"."testimonials"."id", "private"."testimonials"."content", "private"."testimonials"."rating", "private"."testimonials"."createdAt", "private"."testimonials"."updatedAt", "private"."testimonials"."userId" FROM "private"."testimonials" WHERE "private"."testimonials"."userId" IN ($1) OFFSET $2 -- params: [1,0] -- duration: 1ms
2025-10-01 09:58:29 [INFO]: [QUERY] SELECT "private"."orders"."id", "private"."orders"."amount", "private"."orders"."status", "private"."orders"."createdAt", "private"."orders"."updatedAt", "private"."orders"."userId" FROM "private"."orders" WHERE "private"."orders"."userId" IN ($1) OFFSET $2 -- params: [1,0] -- duration: 0ms
2025-10-01 09:58:29 [INFO]: [QUERY] SELECT "private"."categories"."id", "private"."categories"."name", "private"."categories"."description" FROM "private"."categories" WHERE ("private"."categories"."id" = $1 AND 1=1) LIMIT $2 OFFSET $3 -- params: [1,1,0] -- duration: 1ms
2025-10-01 09:58:29 [INFO]: [QUERY] INSERT INTO "private"."products" ("name","description","price","stock","status","createdAt","updatedAt","categoryId") VALUES ($1,$2,$3,$4,$5,$6,$7,$8) RETURNING "private"."products"."id", "private"."products"."name", "private"."products"."description", "private"."products"."price", "private"."products"."stock", "private"."products"."status", "private"."products"."categoryId" -- params: ["Windows 10","windows 10 Description","350000",100,1,"2025-10-01 02:58:29.270 UTC","2025-10-01 02:58:29.270 UTC",1] -- duration: 36ms
2025-10-01 09:58:29 [INFO]: [QUERY] INSERT INTO "private"."attachment" ("fileName","fileType","filePath","fileSize","attachmentAbleId","attachmentAbleType","createdAt","updatedAt") VALUES ($1,$2,$3,$4,$5,$6,$7,$8) RETURNING "private"."attachment"."id", "private"."attachment"."fileName", "private"."attachment"."fileType", "private"."attachment"."filePath", "private"."attachment"."fileSize", "private"."attachment"."attachmentAbleId", "private"."attachment"."attachmentAbleType" -- params: ["typescript.png","image/png","/home/hadi-rachmat-s/Documents/Project/finework/app-finework-backend/uploads/1759287509236-806870102-typescript.png",186561,2,"product","2025-10-01 02:58:29.309 UTC","2025-10-01 02:58:29.309 UTC"] -- duration: 7ms
2025-10-01 09:58:29 [INFO]: [QUERY] INSERT INTO "private"."attachment" ("fileName","fileType","filePath","fileSize","attachmentAbleId","attachmentAbleType","createdAt","updatedAt") VALUES ($1,$2,$3,$4,$5,$6,$7,$8) RETURNING "private"."attachment"."id", "private"."attachment"."fileName", "private"."attachment"."fileType", "private"."attachment"."filePath", "private"."attachment"."fileSize", "private"."attachment"."attachmentAbleId", "private"."attachment"."attachmentAbleType" -- params: ["javascript.png","image/png","/home/hadi-rachmat-s/Documents/Project/finework/app-finework-backend/uploads/1759287509242-493072062-javascript.png",159935,2,"product","2025-10-01 02:58:29.319 UTC","2025-10-01 02:58:29.319 UTC"] -- duration: 9ms
2025-10-01 09:58:29 [INFO]: [QUERY] INSERT INTO "private"."attachment" ("fileName","fileType","filePath","fileSize","attachmentAbleId","attachmentAbleType","createdAt","updatedAt") VALUES ($1,$2,$3,$4,$5,$6,$7,$8) RETURNING "private"."attachment"."id", "private"."attachment"."fileName", "private"."attachment"."fileType", "private"."attachment"."filePath", "private"."attachment"."fileSize", "private"."attachment"."attachmentAbleId", "private"."attachment"."attachmentAbleType" -- params: ["figma.png","image/png","/home/hadi-rachmat-s/Documents/Project/finework/app-finework-backend/uploads/1759287509247-256193631-figma.png",644497,2,"product","2025-10-01 02:58:29.330 UTC","2025-10-01 02:58:29.330 UTC"] -- duration: 8ms
2025-10-01 09:58:29 [INFO]: [QUERY] INSERT INTO "private"."attachment" ("fileName","fileType","filePath","fileSize","attachmentAbleId","attachmentAbleType","createdAt","updatedAt") VALUES ($1,$2,$3,$4,$5,$6,$7,$8) RETURNING "private"."attachment"."id", "private"."attachment"."fileName", "private"."attachment"."fileType", "private"."attachment"."filePath", "private"."attachment"."fileSize", "private"."attachment"."attachmentAbleId", "private"."attachment"."attachmentAbleType" -- params: ["code.png","image/png","/home/hadi-rachmat-s/Documents/Project/finework/app-finework-backend/uploads/1759287509254-838256706-code.png",51099,2,"product","2025-10-01 02:58:29.341 UTC","2025-10-01 02:58:29.341 UTC"] -- duration: 8ms
2025-10-01 09:58:29 [INFO]: [QUERY] INSERT INTO "private"."attachment" ("fileName","fileType","filePath","fileSize","attachmentAbleId","attachmentAbleType","createdAt","updatedAt") VALUES ($1,$2,$3,$4,$5,$6,$7,$8) RETURNING "private"."attachment"."id", "private"."attachment"."fileName", "private"."attachment"."fileType", "private"."attachment"."filePath", "private"."attachment"."fileSize", "private"."attachment"."attachmentAbleId", "private"."attachment"."attachmentAbleType" -- params: ["css.png","image/png","/home/hadi-rachmat-s/Documents/Project/finework/app-finework-backend/uploads/1759287509254-789905353-css.png",590139,2,"product","2025-10-01 02:58:29.352 UTC","2025-10-01 02:58:29.352 UTC"] -- duration: 9ms
2025-10-01 09:59:22 [INFO]: [QUERY] SELECT "private"."users"."id", "private"."users"."fullname", "private"."users"."email", "private"."users"."role", "private"."users"."status" FROM "private"."users" WHERE ("private"."users"."id" = $1 AND 1=1) LIMIT $2 OFFSET $3 -- params: [1,1,0] -- duration: 2ms
2025-10-01 09:59:22 [INFO]: [QUERY] SELECT "private"."contacts"."id", "private"."contacts"."contact", "private"."contacts"."description", "private"."contacts"."createdAt", "private"."contacts"."updatedAt", "private"."contacts"."userId" FROM "private"."contacts" WHERE "private"."contacts"."userId" IN ($1) OFFSET $2 -- params: [1,0] -- duration: 1ms
2025-10-01 09:59:22 [INFO]: [QUERY] SELECT "private"."testimonials"."id", "private"."testimonials"."content", "private"."testimonials"."rating", "private"."testimonials"."createdAt", "private"."testimonials"."updatedAt", "private"."testimonials"."userId" FROM "private"."testimonials" WHERE "private"."testimonials"."userId" IN ($1) OFFSET $2 -- params: [1,0] -- duration: 1ms
2025-10-01 09:59:22 [INFO]: [QUERY] SELECT "private"."orders"."id", "private"."orders"."amount", "private"."orders"."status", "private"."orders"."createdAt", "private"."orders"."updatedAt", "private"."orders"."userId" FROM "private"."orders" WHERE "private"."orders"."userId" IN ($1) OFFSET $2 -- params: [1,0] -- duration: 1ms
2025-10-01 09:59:22 [INFO]: [QUERY] SELECT "private"."categories"."id", "private"."categories"."name", "private"."categories"."description" FROM "private"."categories" WHERE ("private"."categories"."id" = $1 AND 1=1) LIMIT $2 OFFSET $3 -- params: [2,1,0] -- duration: 3ms
2025-10-01 09:59:22 [INFO]: [QUERY] INSERT INTO "private"."products" ("name","description","price","stock","status","createdAt","updatedAt","categoryId") VALUES ($1,$2,$3,$4,$5,$6,$7,$8) RETURNING "private"."products"."id", "private"."products"."name", "private"."products"."description", "private"."products"."price", "private"."products"."stock", "private"."products"."status", "private"."products"."categoryId" -- params: ["Adobe ilustrator","Adobe Ilustrator Description","350000",50,1,"2025-10-01 02:59:22.405 UTC","2025-10-01 02:59:22.405 UTC",2] -- duration: 28ms
2025-10-01 09:59:22 [INFO]: [QUERY] INSERT INTO "private"."attachment" ("fileName","fileType","filePath","fileSize","attachmentAbleId","attachmentAbleType","createdAt","updatedAt") VALUES ($1,$2,$3,$4,$5,$6,$7,$8) RETURNING "private"."attachment"."id", "private"."attachment"."fileName", "private"."attachment"."fileType", "private"."attachment"."filePath", "private"."attachment"."fileSize", "private"."attachment"."attachmentAbleId", "private"."attachment"."attachmentAbleType" -- params: ["typescript.png","image/png","/home/hadi-rachmat-s/Documents/Project/finework/app-finework-backend/uploads/1759287562372-332561170-typescript.png",186561,3,"product","2025-10-01 02:59:22.439 UTC","2025-10-01 02:59:22.439 UTC"] -- duration: 6ms
2025-10-01 09:59:22 [INFO]: [QUERY] INSERT INTO "private"."attachment" ("fileName","fileType","filePath","fileSize","attachmentAbleId","attachmentAbleType","createdAt","updatedAt") VALUES ($1,$2,$3,$4,$5,$6,$7,$8) RETURNING "private"."attachment"."id", "private"."attachment"."fileName", "private"."attachment"."fileType", "private"."attachment"."filePath", "private"."attachment"."fileSize", "private"."attachment"."attachmentAbleId", "private"."attachment"."attachmentAbleType" -- params: ["javascript.png","image/png","/home/hadi-rachmat-s/Documents/Project/finework/app-finework-backend/uploads/1759287562375-400858638-javascript.png",159935,3,"product","2025-10-01 02:59:22.447 UTC","2025-10-01 02:59:22.447 UTC"] -- duration: 9ms
2025-10-01 09:59:22 [INFO]: [QUERY] INSERT INTO "private"."attachment" ("fileName","fileType","filePath","fileSize","attachmentAbleId","attachmentAbleType","createdAt","updatedAt") VALUES ($1,$2,$3,$4,$5,$6,$7,$8) RETURNING "private"."attachment"."id", "private"."attachment"."fileName", "private"."attachment"."fileType", "private"."attachment"."filePath", "private"."attachment"."fileSize", "private"."attachment"."attachmentAbleId", "private"."attachment"."attachmentAbleType" -- params: ["figma.png","image/png","/home/hadi-rachmat-s/Documents/Project/finework/app-finework-backend/uploads/1759287562379-779249424-figma.png",644497,3,"product","2025-10-01 02:59:22.458 UTC","2025-10-01 02:59:22.458 UTC"] -- duration: 9ms
2025-10-01 10:00:35 [INFO]: [QUERY] SELECT 1 -- params: [] -- duration: 0ms
2025-10-01 10:00:35 [INFO]: [QUERY] SELECT "private"."users"."id", "private"."users"."fullname", "private"."users"."email", "private"."users"."role", "private"."users"."status" FROM "private"."users" WHERE ("private"."users"."id" = $1 AND 1=1) LIMIT $2 OFFSET $3 -- params: [1,1,0] -- duration: 0ms
2025-10-01 10:00:35 [INFO]: [QUERY] SELECT "private"."contacts"."id", "private"."contacts"."contact", "private"."contacts"."description", "private"."contacts"."createdAt", "private"."contacts"."updatedAt", "private"."contacts"."userId" FROM "private"."contacts" WHERE "private"."contacts"."userId" IN ($1) OFFSET $2 -- params: [1,0] -- duration: 0ms
2025-10-01 10:00:35 [INFO]: [QUERY] SELECT "private"."testimonials"."id", "private"."testimonials"."content", "private"."testimonials"."rating", "private"."testimonials"."createdAt", "private"."testimonials"."updatedAt", "private"."testimonials"."userId" FROM "private"."testimonials" WHERE "private"."testimonials"."userId" IN ($1) OFFSET $2 -- params: [1,0] -- duration: 1ms
2025-10-01 10:00:35 [INFO]: [QUERY] SELECT "private"."orders"."id", "private"."orders"."amount", "private"."orders"."status", "private"."orders"."createdAt", "private"."orders"."updatedAt", "private"."orders"."userId" FROM "private"."orders" WHERE "private"."orders"."userId" IN ($1) OFFSET $2 -- params: [1,0] -- duration: 1ms
2025-10-01 10:00:35 [INFO]: [QUERY] SELECT "private"."categories"."id", "private"."categories"."name", "private"."categories"."description" FROM "private"."categories" WHERE ("private"."categories"."id" = $1 AND 1=1) LIMIT $2 OFFSET $3 -- params: [4,1,0] -- duration: 0ms
2025-10-01 10:00:40 [INFO]: [QUERY] SELECT "private"."users"."id", "private"."users"."fullname", "private"."users"."email", "private"."users"."role", "private"."users"."status" FROM "private"."users" WHERE ("private"."users"."id" = $1 AND 1=1) LIMIT $2 OFFSET $3 -- params: [1,1,0] -- duration: 0ms
2025-10-01 10:00:40 [INFO]: [QUERY] SELECT "private"."contacts"."id", "private"."contacts"."contact", "private"."contacts"."description", "private"."contacts"."createdAt", "private"."contacts"."updatedAt", "private"."contacts"."userId" FROM "private"."contacts" WHERE "private"."contacts"."userId" IN ($1) OFFSET $2 -- params: [1,0] -- duration: 2ms
2025-10-01 10:00:40 [INFO]: [QUERY] SELECT "private"."testimonials"."id", "private"."testimonials"."content", "private"."testimonials"."rating", "private"."testimonials"."createdAt", "private"."testimonials"."updatedAt", "private"."testimonials"."userId" FROM "private"."testimonials" WHERE "private"."testimonials"."userId" IN ($1) OFFSET $2 -- params: [1,0] -- duration: 2ms
2025-10-01 10:00:40 [INFO]: [QUERY] SELECT "private"."orders"."id", "private"."orders"."amount", "private"."orders"."status", "private"."orders"."createdAt", "private"."orders"."updatedAt", "private"."orders"."userId" FROM "private"."orders" WHERE "private"."orders"."userId" IN ($1) OFFSET $2 -- params: [1,0] -- duration: 0ms
2025-10-01 10:00:40 [INFO]: [QUERY] SELECT "private"."categories"."id", "private"."categories"."name", "private"."categories"."description" FROM "private"."categories" WHERE ("private"."categories"."id" = $1 AND 1=1) LIMIT $2 OFFSET $3 -- params: [3,1,0] -- duration: 1ms
2025-10-01 10:00:40 [INFO]: [QUERY] INSERT INTO "private"."products" ("name","description","price","stock","status","createdAt","updatedAt","categoryId") VALUES ($1,$2,$3,$4,$5,$6,$7,$8) RETURNING "private"."products"."id", "private"."products"."name", "private"."products"."description", "private"."products"."price", "private"."products"."stock", "private"."products"."status", "private"."products"."categoryId" -- params: ["Microsoft Word","Microsoft Word Description","40000",50,1,"2025-10-01 03:00:40.451 UTC","2025-10-01 03:00:40.451 UTC",3] -- duration: 35ms
2025-10-01 10:00:40 [INFO]: [QUERY] INSERT INTO "private"."attachment" ("fileName","fileType","filePath","fileSize","attachmentAbleId","attachmentAbleType","createdAt","updatedAt") VALUES ($1,$2,$3,$4,$5,$6,$7,$8) RETURNING "private"."attachment"."id", "private"."attachment"."fileName", "private"."attachment"."fileType", "private"."attachment"."filePath", "private"."attachment"."fileSize", "private"."attachment"."attachmentAbleId", "private"."attachment"."attachmentAbleType" -- params: ["typescript.png","image/png","/home/hadi-rachmat-s/Documents/Project/finework/app-finework-backend/uploads/1759287640395-159376222-typescript.png",186561,4,"product","2025-10-01 03:00:40.490 UTC","2025-10-01 03:00:40.490 UTC"] -- duration: 8ms
2025-10-01 10:00:40 [INFO]: [QUERY] INSERT INTO "private"."attachment" ("fileName","fileType","filePath","fileSize","attachmentAbleId","attachmentAbleType","createdAt","updatedAt") VALUES ($1,$2,$3,$4,$5,$6,$7,$8) RETURNING "private"."attachment"."id", "private"."attachment"."fileName", "private"."attachment"."fileType", "private"."attachment"."filePath", "private"."attachment"."fileSize", "private"."attachment"."attachmentAbleId", "private"."attachment"."attachmentAbleType" -- params: ["javascript.png","image/png","/home/hadi-rachmat-s/Documents/Project/finework/app-finework-backend/uploads/1759287640401-150526813-javascript.png",159935,4,"product","2025-10-01 03:00:40.502 UTC","2025-10-01 03:00:40.502 UTC"] -- duration: 7ms
2025-10-01 10:00:40 [INFO]: [QUERY] INSERT INTO "private"."attachment" ("fileName","fileType","filePath","fileSize","attachmentAbleId","attachmentAbleType","createdAt","updatedAt") VALUES ($1,$2,$3,$4,$5,$6,$7,$8) RETURNING "private"."attachment"."id", "private"."attachment"."fileName", "private"."attachment"."fileType", "private"."attachment"."filePath", "private"."attachment"."fileSize", "private"."attachment"."attachmentAbleId", "private"."attachment"."attachmentAbleType" -- params: ["figma.png","image/png","/home/hadi-rachmat-s/Documents/Project/finework/app-finework-backend/uploads/1759287640407-519730871-figma.png",644497,4,"product","2025-10-01 03:00:40.514 UTC","2025-10-01 03:00:40.514 UTC"] -- duration: 7ms
2025-10-01 10:00:40 [INFO]: [QUERY] INSERT INTO "private"."attachment" ("fileName","fileType","filePath","fileSize","attachmentAbleId","attachmentAbleType","createdAt","updatedAt") VALUES ($1,$2,$3,$4,$5,$6,$7,$8) RETURNING "private"."attachment"."id", "private"."attachment"."fileName", "private"."attachment"."fileType", "private"."attachment"."filePath", "private"."attachment"."fileSize", "private"."attachment"."attachmentAbleId", "private"."attachment"."attachmentAbleType" -- params: ["android.png","image/png","/home/hadi-rachmat-s/Documents/Project/finework/app-finework-backend/uploads/1759287640420-971306605-android.png",433333,4,"product","2025-10-01 03:00:40.524 UTC","2025-10-01 03:00:40.524 UTC"] -- duration: 8ms
2025-10-01 10:00:40 [INFO]: [QUERY] INSERT INTO "private"."attachment" ("fileName","fileType","filePath","fileSize","attachmentAbleId","attachmentAbleType","createdAt","updatedAt") VALUES ($1,$2,$3,$4,$5,$6,$7,$8) RETURNING "private"."attachment"."id", "private"."attachment"."fileName", "private"."attachment"."fileType", "private"."attachment"."filePath", "private"."attachment"."fileSize", "private"."attachment"."attachmentAbleId", "private"."attachment"."attachmentAbleType" -- params: ["website.png","image/png","/home/hadi-rachmat-s/Documents/Project/finework/app-finework-backend/uploads/1759287640427-999050082-website.png",585111,4,"product","2025-10-01 03:00:40.534 UTC","2025-10-01 03:00:40.534 UTC"] -- duration: 9ms
2025-10-01 10:02:20 [INFO]: [QUERY] SELECT 1 -- params: [] -- duration: 0ms
2025-10-01 10:02:20 [INFO]: [QUERY] SELECT "private"."users"."id", "private"."users"."fullname", "private"."users"."email", "private"."users"."role", "private"."users"."status" FROM "private"."users" WHERE ("private"."users"."id" = $1 AND 1=1) LIMIT $2 OFFSET $3 -- params: [1,1,0] -- duration: 0ms
2025-10-01 10:02:20 [INFO]: [QUERY] SELECT "private"."contacts"."id", "private"."contacts"."contact", "private"."contacts"."description", "private"."contacts"."createdAt", "private"."contacts"."updatedAt", "private"."contacts"."userId" FROM "private"."contacts" WHERE "private"."contacts"."userId" IN ($1) OFFSET $2 -- params: [1,0] -- duration: 0ms
2025-10-01 10:02:20 [INFO]: [QUERY] SELECT "private"."testimonials"."id", "private"."testimonials"."content", "private"."testimonials"."rating", "private"."testimonials"."createdAt", "private"."testimonials"."updatedAt", "private"."testimonials"."userId" FROM "private"."testimonials" WHERE "private"."testimonials"."userId" IN ($1) OFFSET $2 -- params: [1,0] -- duration: 0ms
2025-10-01 10:02:20 [INFO]: [QUERY] SELECT "private"."orders"."id", "private"."orders"."amount", "private"."orders"."status", "private"."orders"."createdAt", "private"."orders"."updatedAt", "private"."orders"."userId" FROM "private"."orders" WHERE "private"."orders"."userId" IN ($1) OFFSET $2 -- params: [1,0] -- duration: 0ms
2025-10-01 10:02:20 [INFO]: [QUERY] SELECT "private"."products"."id", "private"."products"."name", "private"."products"."description", "private"."products"."price", "private"."products"."stock", "private"."products"."status", "private"."products"."categoryId" FROM "private"."products" WHERE 1=1 OFFSET $1 -- params: [0] -- duration: 0ms
2025-10-01 10:02:20 [INFO]: [QUERY] SELECT "private"."attachment"."id", "private"."attachment"."fileName", "private"."attachment"."fileType", "private"."attachment"."filePath", "private"."attachment"."fileSize", "private"."attachment"."attachmentAbleId", "private"."attachment"."attachmentAbleType" FROM "private"."attachment" WHERE ("private"."attachment"."attachmentAbleId" = $1 AND "private"."attachment"."attachmentAbleType" = $2) OFFSET $3 -- params: [1,"product",0] -- duration: 1ms
2025-10-01 10:02:20 [INFO]: [QUERY] SELECT "private"."attachment"."id", "private"."attachment"."fileName", "private"."attachment"."fileType", "private"."attachment"."filePath", "private"."attachment"."fileSize", "private"."attachment"."attachmentAbleId", "private"."attachment"."attachmentAbleType" FROM "private"."attachment" WHERE ("private"."attachment"."attachmentAbleId" = $1 AND "private"."attachment"."attachmentAbleType" = $2) OFFSET $3 -- params: [2,"product",0] -- duration: 0ms
2025-10-01 10:02:20 [INFO]: [QUERY] SELECT "private"."attachment"."id", "private"."attachment"."fileName", "private"."attachment"."fileType", "private"."attachment"."filePath", "private"."attachment"."fileSize", "private"."attachment"."attachmentAbleId", "private"."attachment"."attachmentAbleType" FROM "private"."attachment" WHERE ("private"."attachment"."attachmentAbleId" = $1 AND "private"."attachment"."attachmentAbleType" = $2) OFFSET $3 -- params: [3,"product",0] -- duration: 1ms
2025-10-01 10:02:20 [INFO]: [QUERY] SELECT "private"."attachment"."id", "private"."attachment"."fileName", "private"."attachment"."fileType", "private"."attachment"."filePath", "private"."attachment"."fileSize", "private"."attachment"."attachmentAbleId", "private"."attachment"."attachmentAbleType" FROM "private"."attachment" WHERE ("private"."attachment"."attachmentAbleId" = $1 AND "private"."attachment"."attachmentAbleType" = $2) OFFSET $3 -- params: [4,"product",0] -- duration: 0ms
2025-10-01 10:04:55 [INFO]: [QUERY] SELECT "private"."users"."id", "private"."users"."fullname", "private"."users"."email", "private"."users"."role", "private"."users"."status" FROM "private"."users" WHERE ("private"."users"."id" = $1 AND 1=1) LIMIT $2 OFFSET $3 -- params: [1,1,0] -- duration: 2ms
2025-10-01 10:04:55 [INFO]: [QUERY] SELECT "private"."contacts"."id", "private"."contacts"."contact", "private"."contacts"."description", "private"."contacts"."createdAt", "private"."contacts"."updatedAt", "private"."contacts"."userId" FROM "private"."contacts" WHERE "private"."contacts"."userId" IN ($1) OFFSET $2 -- params: [1,0] -- duration: 2ms
2025-10-01 10:04:55 [INFO]: [QUERY] SELECT "private"."testimonials"."id", "private"."testimonials"."content", "private"."testimonials"."rating", "private"."testimonials"."createdAt", "private"."testimonials"."updatedAt", "private"."testimonials"."userId" FROM "private"."testimonials" WHERE "private"."testimonials"."userId" IN ($1) OFFSET $2 -- params: [1,0] -- duration: 1ms
2025-10-01 10:04:55 [INFO]: [QUERY] SELECT "private"."orders"."id", "private"."orders"."amount", "private"."orders"."status", "private"."orders"."createdAt", "private"."orders"."updatedAt", "private"."orders"."userId" FROM "private"."orders" WHERE "private"."orders"."userId" IN ($1) OFFSET $2 -- params: [1,0] -- duration: 1ms
2025-10-01 10:04:55 [INFO]: [QUERY] SELECT "private"."categories"."id", "private"."categories"."name", "private"."categories"."description" FROM "private"."categories" WHERE ("private"."categories"."id" = $1 AND 1=1) LIMIT $2 OFFSET $3 -- params: [3,1,0] -- duration: 1ms
2025-10-01 10:04:55 [INFO]: [QUERY] INSERT INTO "private"."products" ("name","description","price","stock","status","createdAt","updatedAt","categoryId") VALUES ($1,$2,$3,$4,$5,$6,$7,$8) RETURNING "private"."products"."id", "private"."products"."name", "private"."products"."description", "private"."products"."price", "private"."products"."stock", "private"."products"."status", "private"."products"."categoryId" -- params: ["Microsoft Word","Microsoft Word Description","40000",50,1,"2025-10-01 03:04:55.944 UTC","2025-10-01 03:04:55.944 UTC",3] -- duration: 37ms
2025-10-01 10:04:55 [INFO]: [QUERY] INSERT INTO "private"."attachment" ("fileName","fileType","filePath","fileSize","attachmentAbleId","attachmentAbleType","createdAt","updatedAt") VALUES ($1,$2,$3,$4,$5,$6,$7,$8) RETURNING "private"."attachment"."id", "private"."attachment"."fileName", "private"."attachment"."fileType", "private"."attachment"."filePath", "private"."attachment"."fileSize", "private"."attachment"."attachmentAbleId", "private"."attachment"."attachmentAbleType" -- params: ["typescript.png","image/png","/home/hadi-rachmat-s/Documents/Project/finework/app-finework-backend/uploads/1759287895914-308661733-typescript.png",186561,5,"product","2025-10-01 03:04:55.984 UTC","2025-10-01 03:04:55.984 UTC"] -- duration: 9ms
2025-10-01 10:04:56 [INFO]: [QUERY] INSERT INTO "private"."attachment" ("fileName","fileType","filePath","fileSize","attachmentAbleId","attachmentAbleType","createdAt","updatedAt") VALUES ($1,$2,$3,$4,$5,$6,$7,$8) RETURNING "private"."attachment"."id", "private"."attachment"."fileName", "private"."attachment"."fileType", "private"."attachment"."filePath", "private"."attachment"."fileSize", "private"."attachment"."attachmentAbleId", "private"."attachment"."attachmentAbleType" -- params: ["javascript.png","image/png","/home/hadi-rachmat-s/Documents/Project/finework/app-finework-backend/uploads/1759287895915-847358275-javascript.png",159935,5,"product","2025-10-01 03:04:55.995 UTC","2025-10-01 03:04:55.995 UTC"] -- duration: 42ms
2025-10-01 10:04:56 [INFO]: [QUERY] INSERT INTO "private"."attachment" ("fileName","fileType","filePath","fileSize","attachmentAbleId","attachmentAbleType","createdAt","updatedAt") VALUES ($1,$2,$3,$4,$5,$6,$7,$8) RETURNING "private"."attachment"."id", "private"."attachment"."fileName", "private"."attachment"."fileType", "private"."attachment"."filePath", "private"."attachment"."fileSize", "private"."attachment"."attachmentAbleId", "private"."attachment"."attachmentAbleType" -- params: ["figma.png","image/png","/home/hadi-rachmat-s/Documents/Project/finework/app-finework-backend/uploads/1759287895917-279800870-figma.png",644497,5,"product","2025-10-01 03:04:56.039 UTC","2025-10-01 03:04:56.039 UTC"] -- duration: 9ms
2025-10-01 10:04:56 [INFO]: [QUERY] INSERT INTO "private"."attachment" ("fileName","fileType","filePath","fileSize","attachmentAbleId","attachmentAbleType","createdAt","updatedAt") VALUES ($1,$2,$3,$4,$5,$6,$7,$8) RETURNING "private"."attachment"."id", "private"."attachment"."fileName", "private"."attachment"."fileType", "private"."attachment"."filePath", "private"."attachment"."fileSize", "private"."attachment"."attachmentAbleId", "private"."attachment"."attachmentAbleType" -- params: ["android.png","image/png","/home/hadi-rachmat-s/Documents/Project/finework/app-finework-backend/uploads/1759287895921-980839418-android.png",433333,5,"product","2025-10-01 03:04:56.050 UTC","2025-10-01 03:04:56.050 UTC"] -- duration: 9ms
2025-10-01 10:04:56 [INFO]: [QUERY] INSERT INTO "private"."attachment" ("fileName","fileType","filePath","fileSize","attachmentAbleId","attachmentAbleType","createdAt","updatedAt") VALUES ($1,$2,$3,$4,$5,$6,$7,$8) RETURNING "private"."attachment"."id", "private"."attachment"."fileName", "private"."attachment"."fileType", "private"."attachment"."filePath", "private"."attachment"."fileSize", "private"."attachment"."attachmentAbleId", "private"."attachment"."attachmentAbleType" -- params: ["website.png","image/png","/home/hadi-rachmat-s/Documents/Project/finework/app-finework-backend/uploads/1759287895928-802602940-website.png",585111,5,"product","2025-10-01 03:04:56.062 UTC","2025-10-01 03:04:56.062 UTC"] -- duration: 8ms
2025-10-01 10:04:56 [INFO]: [QUERY] INSERT INTO "private"."attachment" ("fileName","fileType","filePath","fileSize","attachmentAbleId","attachmentAbleType","createdAt","updatedAt") VALUES ($1,$2,$3,$4,$5,$6,$7,$8) RETURNING "private"."attachment"."id", "private"."attachment"."fileName", "private"."attachment"."fileType", "private"."attachment"."filePath", "private"."attachment"."fileSize", "private"."attachment"."attachmentAbleId", "private"."attachment"."attachmentAbleType" -- params: ["nodejs.png","image/png","/home/hadi-rachmat-s/Documents/Project/finework/app-finework-backend/uploads/1759287895934-510202373-nodejs.png",191936,5,"product","2025-10-01 03:04:56.072 UTC","2025-10-01 03:04:56.072 UTC"] -- duration: 9ms
2025-10-01 10:04:56 [INFO]: [QUERY] INSERT INTO "private"."attachment" ("fileName","fileType","filePath","fileSize","attachmentAbleId","attachmentAbleType","createdAt","updatedAt") VALUES ($1,$2,$3,$4,$5,$6,$7,$8) RETURNING "private"."attachment"."id", "private"."attachment"."fileName", "private"."attachment"."fileType", "private"."attachment"."filePath", "private"."attachment"."fileSize", "private"."attachment"."attachmentAbleId", "private"."attachment"."attachmentAbleType" -- params: ["picture.png","image/png","/home/hadi-rachmat-s/Documents/Project/finework/app-finework-backend/uploads/1759287895936-652893294-picture.png",506345,5,"product","2025-10-01 03:04:56.084 UTC","2025-10-01 03:04:56.084 UTC"] -- duration: 8ms
2025-10-01 10:04:56 [INFO]: [QUERY] SELECT "private"."users"."id", "private"."users"."fullname", "private"."users"."email", "private"."users"."role", "private"."users"."status" FROM "private"."users" WHERE ("private"."users"."id" = $1 AND 1=1) LIMIT $2 OFFSET $3 -- params: [1,1,0] -- duration: 1ms
2025-10-01 10:04:56 [INFO]: [QUERY] SELECT "private"."contacts"."id", "private"."contacts"."contact", "private"."contacts"."description", "private"."contacts"."createdAt", "private"."contacts"."updatedAt", "private"."contacts"."userId" FROM "private"."contacts" WHERE "private"."contacts"."userId" IN ($1) OFFSET $2 -- params: [1,0] -- duration: 1ms
2025-10-01 10:04:56 [INFO]: [QUERY] SELECT "private"."testimonials"."id", "private"."testimonials"."content", "private"."testimonials"."rating", "private"."testimonials"."createdAt", "private"."testimonials"."updatedAt", "private"."testimonials"."userId" FROM "private"."testimonials" WHERE "private"."testimonials"."userId" IN ($1) OFFSET $2 -- params: [1,0] -- duration: 1ms
2025-10-01 10:04:56 [INFO]: [QUERY] SELECT "private"."orders"."id", "private"."orders"."amount", "private"."orders"."status", "private"."orders"."createdAt", "private"."orders"."updatedAt", "private"."orders"."userId" FROM "private"."orders" WHERE "private"."orders"."userId" IN ($1) OFFSET $2 -- params: [1,0] -- duration: 1ms
2025-10-01 10:04:57 [INFO]: [QUERY] SELECT "private"."categories"."id", "private"."categories"."name", "private"."categories"."description" FROM "private"."categories" WHERE ("private"."categories"."id" = $1 AND 1=1) LIMIT $2 OFFSET $3 -- params: [3,1,0] -- duration: 1ms
2025-10-01 10:04:57 [INFO]: [QUERY] INSERT INTO "private"."products" ("name","description","price","stock","status","createdAt","updatedAt","categoryId") VALUES ($1,$2,$3,$4,$5,$6,$7,$8) RETURNING "private"."products"."id", "private"."products"."name", "private"."products"."description", "private"."products"."price", "private"."products"."stock", "private"."products"."status", "private"."products"."categoryId" -- params: ["Microsoft Power Point","Microsoft Point Description","40000",50,1,"2025-10-01 03:04:57.038 UTC","2025-10-01 03:04:57.038 UTC",3] -- duration: 43ms
2025-10-01 10:04:57 [INFO]: [QUERY] INSERT INTO "private"."attachment" ("fileName","fileType","filePath","fileSize","attachmentAbleId","attachmentAbleType","createdAt","updatedAt") VALUES ($1,$2,$3,$4,$5,$6,$7,$8) RETURNING "private"."attachment"."id", "private"."attachment"."fileName", "private"."attachment"."fileType", "private"."attachment"."filePath", "private"."attachment"."fileSize", "private"."attachment"."attachmentAbleId", "private"."attachment"."attachmentAbleType" -- params: ["typescript.png","image/png","/home/hadi-rachmat-s/Documents/Project/finework/app-finework-backend/uploads/1759287896947-394014866-typescript.png",186561,6,"product","2025-10-01 03:04:57.083 UTC","2025-10-01 03:04:57.083 UTC"] -- duration: 9ms
2025-10-01 10:04:57 [INFO]: [QUERY] INSERT INTO "private"."attachment" ("fileName","fileType","filePath","fileSize","attachmentAbleId","attachmentAbleType","createdAt","updatedAt") VALUES ($1,$2,$3,$4,$5,$6,$7,$8) RETURNING "private"."attachment"."id", "private"."attachment"."fileName", "private"."attachment"."fileType", "private"."attachment"."filePath", "private"."attachment"."fileSize", "private"."attachment"."attachmentAbleId", "private"."attachment"."attachmentAbleType" -- params: ["javascript.png","image/png","/home/hadi-rachmat-s/Documents/Project/finework/app-finework-backend/uploads/1759287896951-346582247-javascript.png",159935,6,"product","2025-10-01 03:04:57.096 UTC","2025-10-01 03:04:57.096 UTC"] -- duration: 8ms
2025-10-01 10:04:57 [INFO]: [QUERY] INSERT INTO "private"."attachment" ("fileName","fileType","filePath","fileSize","attachmentAbleId","attachmentAbleType","createdAt","updatedAt") VALUES ($1,$2,$3,$4,$5,$6,$7,$8) RETURNING "private"."attachment"."id", "private"."attachment"."fileName", "private"."attachment"."fileType", "private"."attachment"."filePath", "private"."attachment"."fileSize", "private"."attachment"."attachmentAbleId", "private"."attachment"."attachmentAbleType" -- params: ["figma.png","image/png","/home/hadi-rachmat-s/Documents/Project/finework/app-finework-backend/uploads/1759287896955-712902849-figma.png",644497,6,"product","2025-10-01 03:04:57.107 UTC","2025-10-01 03:04:57.107 UTC"] -- duration: 8ms
2025-10-01 10:04:57 [INFO]: [QUERY] INSERT INTO "private"."attachment" ("fileName","fileType","filePath","fileSize","attachmentAbleId","attachmentAbleType","createdAt","updatedAt") VALUES ($1,$2,$3,$4,$5,$6,$7,$8) RETURNING "private"."attachment"."id", "private"."attachment"."fileName", "private"."attachment"."fileType", "private"."attachment"."filePath", "private"."attachment"."fileSize", "private"."attachment"."attachmentAbleId", "private"."attachment"."attachmentAbleType" -- params: ["android.png","image/png","/home/hadi-rachmat-s/Documents/Project/finework/app-finework-backend/uploads/1759287896969-483879755-android.png",433333,6,"product","2025-10-01 03:04:57.116 UTC","2025-10-01 03:04:57.116 UTC"] -- duration: 9ms
2025-10-01 10:04:57 [INFO]: [QUERY] INSERT INTO "private"."attachment" ("fileName","fileType","filePath","fileSize","attachmentAbleId","attachmentAbleType","createdAt","updatedAt") VALUES ($1,$2,$3,$4,$5,$6,$7,$8) RETURNING "private"."attachment"."id", "private"."attachment"."fileName", "private"."attachment"."fileType", "private"."attachment"."filePath", "private"."attachment"."fileSize", "private"."attachment"."attachmentAbleId", "private"."attachment"."attachmentAbleType" -- params: ["website.png","image/png","/home/hadi-rachmat-s/Documents/Project/finework/app-finework-backend/uploads/1759287896977-539855513-website.png",585111,6,"product","2025-10-01 03:04:57.128 UTC","2025-10-01 03:04:57.128 UTC"] -- duration: 9ms
2025-10-01 10:04:57 [INFO]: [QUERY] INSERT INTO "private"."attachment" ("fileName","fileType","filePath","fileSize","attachmentAbleId","attachmentAbleType","createdAt","updatedAt") VALUES ($1,$2,$3,$4,$5,$6,$7,$8) RETURNING "private"."attachment"."id", "private"."attachment"."fileName", "private"."attachment"."fileType", "private"."attachment"."filePath", "private"."attachment"."fileSize", "private"."attachment"."attachmentAbleId", "private"."attachment"."attachmentAbleType" -- params: ["react.png","image/png","/home/hadi-rachmat-s/Documents/Project/finework/app-finework-backend/uploads/1759287896990-931634679-react.png",738317,6,"product","2025-10-01 03:04:57.139 UTC","2025-10-01 03:04:57.139 UTC"] -- duration: 9ms
2025-10-01 10:04:57 [INFO]: [QUERY] INSERT INTO "private"."attachment" ("fileName","fileType","filePath","fileSize","attachmentAbleId","attachmentAbleType","createdAt","updatedAt") VALUES ($1,$2,$3,$4,$5,$6,$7,$8) RETURNING "private"."attachment"."id", "private"."attachment"."fileName", "private"."attachment"."fileType", "private"."attachment"."filePath", "private"."attachment"."fileSize", "private"."attachment"."attachmentAbleId", "private"."attachment"."attachmentAbleType" -- params: ["nodejs.png","image/png","/home/hadi-rachmat-s/Documents/Project/finework/app-finework-backend/uploads/1759287897000-872516719-nodejs.png",191936,6,"product","2025-10-01 03:04:57.150 UTC","2025-10-01 03:04:57.150 UTC"] -- duration: 42ms
2025-10-01 10:04:57 [INFO]: [QUERY] INSERT INTO "private"."attachment" ("fileName","fileType","filePath","fileSize","attachmentAbleId","attachmentAbleType","createdAt","updatedAt") VALUES ($1,$2,$3,$4,$5,$6,$7,$8) RETURNING "private"."attachment"."id", "private"."attachment"."fileName", "private"."attachment"."fileType", "private"."attachment"."filePath", "private"."attachment"."fileSize", "private"."attachment"."attachmentAbleId", "private"."attachment"."attachmentAbleType" -- params: ["picture.png","image/png","/home/hadi-rachmat-s/Documents/Project/finework/app-finework-backend/uploads/1759287897010-429276867-picture.png",506345,6,"product","2025-10-01 03:04:57.195 UTC","2025-10-01 03:04:57.195 UTC"] -- duration: 8ms
2025-10-01 10:05:05 [INFO]: [QUERY] SELECT "private"."users"."id", "private"."users"."fullname", "private"."users"."email", "private"."users"."role", "private"."users"."status" FROM "private"."users" WHERE ("private"."users"."id" = $1 AND 1=1) LIMIT $2 OFFSET $3 -- params: [1,1,0] -- duration: 0ms
2025-10-01 10:05:05 [INFO]: [QUERY] SELECT "private"."contacts"."id", "private"."contacts"."contact", "private"."contacts"."description", "private"."contacts"."createdAt", "private"."contacts"."updatedAt", "private"."contacts"."userId" FROM "private"."contacts" WHERE "private"."contacts"."userId" IN ($1) OFFSET $2 -- params: [1,0] -- duration: 0ms
2025-10-01 10:05:05 [INFO]: [QUERY] SELECT "private"."testimonials"."id", "private"."testimonials"."content", "private"."testimonials"."rating", "private"."testimonials"."createdAt", "private"."testimonials"."updatedAt", "private"."testimonials"."userId" FROM "private"."testimonials" WHERE "private"."testimonials"."userId" IN ($1) OFFSET $2 -- params: [1,0] -- duration: 0ms
2025-10-01 10:05:05 [INFO]: [QUERY] SELECT "private"."orders"."id", "private"."orders"."amount", "private"."orders"."status", "private"."orders"."createdAt", "private"."orders"."updatedAt", "private"."orders"."userId" FROM "private"."orders" WHERE "private"."orders"."userId" IN ($1) OFFSET $2 -- params: [1,0] -- duration: 0ms
2025-10-01 10:05:05 [INFO]: [QUERY] SELECT "private"."categories"."id", "private"."categories"."name", "private"."categories"."description" FROM "private"."categories" WHERE ("private"."categories"."id" = $1 AND 1=1) LIMIT $2 OFFSET $3 -- params: [3,1,0] -- duration: 0ms
2025-10-01 10:05:05 [INFO]: [QUERY] INSERT INTO "private"."products" ("name","description","price","stock","status","createdAt","updatedAt","categoryId") VALUES ($1,$2,$3,$4,$5,$6,$7,$8) RETURNING "private"."products"."id", "private"."products"."name", "private"."products"."description", "private"."products"."price", "private"."products"."stock", "private"."products"."status", "private"."products"."categoryId" -- params: ["Microsoft Power Point","Microsoft Power Point Description","40000",50,1,"2025-10-01 03:05:05.562 UTC","2025-10-01 03:05:05.562 UTC",3] -- duration: 16ms
2025-10-01 10:05:05 [INFO]: [QUERY] INSERT INTO "private"."attachment" ("fileName","fileType","filePath","fileSize","attachmentAbleId","attachmentAbleType","createdAt","updatedAt") VALUES ($1,$2,$3,$4,$5,$6,$7,$8) RETURNING "private"."attachment"."id", "private"."attachment"."fileName", "private"."attachment"."fileType", "private"."attachment"."filePath", "private"."attachment"."fileSize", "private"."attachment"."attachmentAbleId", "private"."attachment"."attachmentAbleType" -- params: ["typescript.png","image/png","/home/hadi-rachmat-s/Documents/Project/finework/app-finework-backend/uploads/1759287905510-754204446-typescript.png",186561,7,"product","2025-10-01 03:05:05.580 UTC","2025-10-01 03:05:05.580 UTC"] -- duration: 9ms
2025-10-01 10:05:05 [INFO]: [QUERY] INSERT INTO "private"."attachment" ("fileName","fileType","filePath","fileSize","attachmentAbleId","attachmentAbleType","createdAt","updatedAt") VALUES ($1,$2,$3,$4,$5,$6,$7,$8) RETURNING "private"."attachment"."id", "private"."attachment"."fileName", "private"."attachment"."fileType", "private"."attachment"."filePath", "private"."attachment"."fileSize", "private"."attachment"."attachmentAbleId", "private"."attachment"."attachmentAbleType" -- params: ["javascript.png","image/png","/home/hadi-rachmat-s/Documents/Project/finework/app-finework-backend/uploads/1759287905513-170076910-javascript.png",159935,7,"product","2025-10-01 03:05:05.593 UTC","2025-10-01 03:05:05.593 UTC"] -- duration: 7ms
2025-10-01 10:05:05 [INFO]: [QUERY] INSERT INTO "private"."attachment" ("fileName","fileType","filePath","fileSize","attachmentAbleId","attachmentAbleType","createdAt","updatedAt") VALUES ($1,$2,$3,$4,$5,$6,$7,$8) RETURNING "private"."attachment"."id", "private"."attachment"."fileName", "private"."attachment"."fileType", "private"."attachment"."filePath", "private"."attachment"."fileSize", "private"."attachment"."attachmentAbleId", "private"."attachment"."attachmentAbleType" -- params: ["figma.png","image/png","/home/hadi-rachmat-s/Documents/Project/finework/app-finework-backend/uploads/1759287905515-386804526-figma.png",644497,7,"product","2025-10-01 03:05:05.602 UTC","2025-10-01 03:05:05.602 UTC"] -- duration: 9ms
2025-10-01 10:05:05 [INFO]: [QUERY] INSERT INTO "private"."attachment" ("fileName","fileType","filePath","fileSize","attachmentAbleId","attachmentAbleType","createdAt","updatedAt") VALUES ($1,$2,$3,$4,$5,$6,$7,$8) RETURNING "private"."attachment"."id", "private"."attachment"."fileName", "private"."attachment"."fileType", "private"."attachment"."filePath", "private"."attachment"."fileSize", "private"."attachment"."attachmentAbleId", "private"."attachment"."attachmentAbleType" -- params: ["android.png","image/png","/home/hadi-rachmat-s/Documents/Project/finework/app-finework-backend/uploads/1759287905522-571126682-android.png",433333,7,"product","2025-10-01 03:05:05.614 UTC","2025-10-01 03:05:05.614 UTC"] -- duration: 9ms
2025-10-01 10:05:05 [INFO]: [QUERY] INSERT INTO "private"."attachment" ("fileName","fileType","filePath","fileSize","attachmentAbleId","attachmentAbleType","createdAt","updatedAt") VALUES ($1,$2,$3,$4,$5,$6,$7,$8) RETURNING "private"."attachment"."id", "private"."attachment"."fileName", "private"."attachment"."fileType", "private"."attachment"."filePath", "private"."attachment"."fileSize", "private"."attachment"."attachmentAbleId", "private"."attachment"."attachmentAbleType" -- params: ["website.png","image/png","/home/hadi-rachmat-s/Documents/Project/finework/app-finework-backend/uploads/1759287905528-193146795-website.png",585111,7,"product","2025-10-01 03:05:05.625 UTC","2025-10-01 03:05:05.625 UTC"] -- duration: 8ms
2025-10-01 10:05:05 [INFO]: [QUERY] INSERT INTO "private"."attachment" ("fileName","fileType","filePath","fileSize","attachmentAbleId","attachmentAbleType","createdAt","updatedAt") VALUES ($1,$2,$3,$4,$5,$6,$7,$8) RETURNING "private"."attachment"."id", "private"."attachment"."fileName", "private"."attachment"."fileType", "private"."attachment"."filePath", "private"."attachment"."fileSize", "private"."attachment"."attachmentAbleId", "private"."attachment"."attachmentAbleType" -- params: ["react.png","image/png","/home/hadi-rachmat-s/Documents/Project/finework/app-finework-backend/uploads/1759287905539-18499095-react.png",738317,7,"product","2025-10-01 03:05:05.636 UTC","2025-10-01 03:05:05.636 UTC"] -- duration: 9ms
2025-10-01 10:05:05 [INFO]: [QUERY] INSERT INTO "private"."attachment" ("fileName","fileType","filePath","fileSize","attachmentAbleId","attachmentAbleType","createdAt","updatedAt") VALUES ($1,$2,$3,$4,$5,$6,$7,$8) RETURNING "private"."attachment"."id", "private"."attachment"."fileName", "private"."attachment"."fileType", "private"."attachment"."filePath", "private"."attachment"."fileSize", "private"."attachment"."attachmentAbleId", "private"."attachment"."attachmentAbleType" -- params: ["nodejs.png","image/png","/home/hadi-rachmat-s/Documents/Project/finework/app-finework-backend/uploads/1759287905546-113136072-nodejs.png",191936,7,"product","2025-10-01 03:05:05.648 UTC","2025-10-01 03:05:05.648 UTC"] -- duration: 7ms
2025-10-01 10:05:05 [INFO]: [QUERY] INSERT INTO "private"."attachment" ("fileName","fileType","filePath","fileSize","attachmentAbleId","attachmentAbleType","createdAt","updatedAt") VALUES ($1,$2,$3,$4,$5,$6,$7,$8) RETURNING "private"."attachment"."id", "private"."attachment"."fileName", "private"."attachment"."fileType", "private"."attachment"."filePath", "private"."attachment"."fileSize", "private"."attachment"."attachmentAbleId", "private"."attachment"."attachmentAbleType" -- params: ["picture.png","image/png","/home/hadi-rachmat-s/Documents/Project/finework/app-finework-backend/uploads/1759287905549-875130173-picture.png",506345,7,"product","2025-10-01 03:05:05.658 UTC","2025-10-01 03:05:05.658 UTC"] -- duration: 9ms
2025-10-01 10:06:26 [INFO]: [QUERY] SELECT 1 -- params: [] -- duration: 0ms
2025-10-01 10:06:26 [INFO]: [QUERY] SELECT "private"."users"."id", "private"."users"."fullname", "private"."users"."email", "private"."users"."role", "private"."users"."status" FROM "private"."users" WHERE ("private"."users"."id" = $1 AND 1=1) LIMIT $2 OFFSET $3 -- params: [1,1,0] -- duration: 0ms
2025-10-01 10:06:26 [INFO]: [QUERY] SELECT "private"."contacts"."id", "private"."contacts"."contact", "private"."contacts"."description", "private"."contacts"."createdAt", "private"."contacts"."updatedAt", "private"."contacts"."userId" FROM "private"."contacts" WHERE "private"."contacts"."userId" IN ($1) OFFSET $2 -- params: [1,0] -- duration: 0ms
2025-10-01 10:06:26 [INFO]: [QUERY] SELECT "private"."testimonials"."id", "private"."testimonials"."content", "private"."testimonials"."rating", "private"."testimonials"."createdAt", "private"."testimonials"."updatedAt", "private"."testimonials"."userId" FROM "private"."testimonials" WHERE "private"."testimonials"."userId" IN ($1) OFFSET $2 -- params: [1,0] -- duration: 2ms
2025-10-01 10:06:26 [INFO]: [QUERY] SELECT "private"."orders"."id", "private"."orders"."amount", "private"."orders"."status", "private"."orders"."createdAt", "private"."orders"."updatedAt", "private"."orders"."userId" FROM "private"."orders" WHERE "private"."orders"."userId" IN ($1) OFFSET $2 -- params: [1,0] -- duration: 0ms
2025-10-01 10:06:26 [INFO]: [QUERY] SELECT "private"."products"."id", "private"."products"."name", "private"."products"."description", "private"."products"."price", "private"."products"."stock", "private"."products"."status", "private"."products"."categoryId" FROM "private"."products" WHERE 1=1 OFFSET $1 -- params: [0] -- duration: 1ms
2025-10-01 10:06:26 [INFO]: [QUERY] SELECT "private"."attachment"."id", "private"."attachment"."fileName", "private"."attachment"."fileType", "private"."attachment"."filePath", "private"."attachment"."fileSize", "private"."attachment"."attachmentAbleId", "private"."attachment"."attachmentAbleType" FROM "private"."attachment" WHERE ("private"."attachment"."attachmentAbleId" = $1 AND "private"."attachment"."attachmentAbleType" = $2) OFFSET $3 -- params: [1,"product",0] -- duration: 1ms
2025-10-01 10:06:26 [INFO]: [QUERY] SELECT "private"."attachment"."id", "private"."attachment"."fileName", "private"."attachment"."fileType", "private"."attachment"."filePath", "private"."attachment"."fileSize", "private"."attachment"."attachmentAbleId", "private"."attachment"."attachmentAbleType" FROM "private"."attachment" WHERE ("private"."attachment"."attachmentAbleId" = $1 AND "private"."attachment"."attachmentAbleType" = $2) OFFSET $3 -- params: [2,"product",0] -- duration: 0ms
2025-10-01 10:06:26 [INFO]: [QUERY] SELECT "private"."attachment"."id", "private"."attachment"."fileName", "private"."attachment"."fileType", "private"."attachment"."filePath", "private"."attachment"."fileSize", "private"."attachment"."attachmentAbleId", "private"."attachment"."attachmentAbleType" FROM "private"."attachment" WHERE ("private"."attachment"."attachmentAbleId" = $1 AND "private"."attachment"."attachmentAbleType" = $2) OFFSET $3 -- params: [3,"product",0] -- duration: 0ms
2025-10-01 10:06:26 [INFO]: [QUERY] SELECT "private"."attachment"."id", "private"."attachment"."fileName", "private"."attachment"."fileType", "private"."attachment"."filePath", "private"."attachment"."fileSize", "private"."attachment"."attachmentAbleId", "private"."attachment"."attachmentAbleType" FROM "private"."attachment" WHERE ("private"."attachment"."attachmentAbleId" = $1 AND "private"."attachment"."attachmentAbleType" = $2) OFFSET $3 -- params: [4,"product",0] -- duration: 0ms
2025-10-01 10:06:26 [INFO]: [QUERY] SELECT "private"."attachment"."id", "private"."attachment"."fileName", "private"."attachment"."fileType", "private"."attachment"."filePath", "private"."attachment"."fileSize", "private"."attachment"."attachmentAbleId", "private"."attachment"."attachmentAbleType" FROM "private"."attachment" WHERE ("private"."attachment"."attachmentAbleId" = $1 AND "private"."attachment"."attachmentAbleType" = $2) OFFSET $3 -- params: [7,"product",0] -- duration: 0ms
2025-10-01 10:06:50 [INFO]: [QUERY] SELECT 1 -- params: [] -- duration: 2ms
2025-10-01 10:06:50 [INFO]: [QUERY] SELECT "private"."users"."id", "private"."users"."fullname", "private"."users"."email", "private"."users"."role", "private"."users"."status" FROM "private"."users" WHERE ("private"."users"."id" = $1 AND 1=1) LIMIT $2 OFFSET $3 -- params: [1,1,0] -- duration: 0ms
2025-10-01 10:06:50 [INFO]: [QUERY] SELECT "private"."contacts"."id", "private"."contacts"."contact", "private"."contacts"."description", "private"."contacts"."createdAt", "private"."contacts"."updatedAt", "private"."contacts"."userId" FROM "private"."contacts" WHERE "private"."contacts"."userId" IN ($1) OFFSET $2 -- params: [1,0] -- duration: 0ms
2025-10-01 10:06:50 [INFO]: [QUERY] SELECT "private"."testimonials"."id", "private"."testimonials"."content", "private"."testimonials"."rating", "private"."testimonials"."createdAt", "private"."testimonials"."updatedAt", "private"."testimonials"."userId" FROM "private"."testimonials" WHERE "private"."testimonials"."userId" IN ($1) OFFSET $2 -- params: [1,0] -- duration: 3ms
2025-10-01 10:06:50 [INFO]: [QUERY] SELECT "private"."orders"."id", "private"."orders"."amount", "private"."orders"."status", "private"."orders"."createdAt", "private"."orders"."updatedAt", "private"."orders"."userId" FROM "private"."orders" WHERE "private"."orders"."userId" IN ($1) OFFSET $2 -- params: [1,0] -- duration: 1ms
2025-10-01 10:06:51 [INFO]: [QUERY] SELECT "private"."products"."id", "private"."products"."name", "private"."products"."description", "private"."products"."price", "private"."products"."stock", "private"."products"."status", "private"."products"."categoryId" FROM "private"."products" WHERE ("private"."products"."id" = $1 AND 1=1) LIMIT $2 OFFSET $3 -- params: [7,1,0] -- duration: 2ms
2025-10-01 10:06:51 [INFO]: [QUERY] SELECT "private"."attachment"."id", "private"."attachment"."fileName", "private"."attachment"."fileType", "private"."attachment"."filePath", "private"."attachment"."fileSize", "private"."attachment"."attachmentAbleId", "private"."attachment"."attachmentAbleType" FROM "private"."attachment" WHERE ("private"."attachment"."attachmentAbleId" = $1 AND "private"."attachment"."attachmentAbleType" = $2) OFFSET $3 -- params: [7,"product",0] -- duration: 6ms
2025-10-01 10:07:43 [INFO]: [QUERY] SELECT 1 -- params: [] -- duration: 0ms
2025-10-01 10:07:43 [INFO]: [QUERY] SELECT "private"."users"."id", "private"."users"."fullname", "private"."users"."email", "private"."users"."role", "private"."users"."status" FROM "private"."users" WHERE ("private"."users"."id" = $1 AND 1=1) LIMIT $2 OFFSET $3 -- params: [1,1,0] -- duration: 0ms
2025-10-01 10:07:43 [INFO]: [QUERY] SELECT "private"."contacts"."id", "private"."contacts"."contact", "private"."contacts"."description", "private"."contacts"."createdAt", "private"."contacts"."updatedAt", "private"."contacts"."userId" FROM "private"."contacts" WHERE "private"."contacts"."userId" IN ($1) OFFSET $2 -- params: [1,0] -- duration: 0ms
2025-10-01 10:07:43 [INFO]: [QUERY] SELECT "private"."testimonials"."id", "private"."testimonials"."content", "private"."testimonials"."rating", "private"."testimonials"."createdAt", "private"."testimonials"."updatedAt", "private"."testimonials"."userId" FROM "private"."testimonials" WHERE "private"."testimonials"."userId" IN ($1) OFFSET $2 -- params: [1,0] -- duration: 0ms
2025-10-01 10:07:43 [INFO]: [QUERY] SELECT "private"."orders"."id", "private"."orders"."amount", "private"."orders"."status", "private"."orders"."createdAt", "private"."orders"."updatedAt", "private"."orders"."userId" FROM "private"."orders" WHERE "private"."orders"."userId" IN ($1) OFFSET $2 -- params: [1,0] -- duration: 1ms
2025-10-01 10:07:43 [INFO]: [QUERY] SELECT "private"."products"."id", "private"."products"."name", "private"."products"."description", "private"."products"."price", "private"."products"."stock", "private"."products"."status", "private"."products"."categoryId" FROM "private"."products" WHERE ("private"."products"."id" = $1 AND 1=1) LIMIT $2 OFFSET $3 -- params: [7,1,0] -- duration: 1ms
2025-10-01 10:07:43 [INFO]: [QUERY] UPDATE "private"."products" SET "name" = $1, "description" = $2, "price" = $3, "stock" = $4, "status" = $5, "categoryId" = $6, "updatedAt" = $7 WHERE ("private"."products"."id" = $8 AND 1=1) RETURNING "private"."products"."id", "private"."products"."name", "private"."products"."description", "private"."products"."price", "private"."products"."stock", "private"."products"."status", "private"."products"."categoryId" -- params: ["Microsoft Power Point Updated","Microsoft Power Point description","100000",20,1,1,"2025-10-01 03:07:43.739 UTC",7] -- duration: 31ms
2025-10-01 10:07:43 [INFO]: [QUERY] SELECT "private"."attachment"."id", "private"."attachment"."fileName", "private"."attachment"."fileType", "private"."attachment"."filePath", "private"."attachment"."fileSize", "private"."attachment"."attachmentAbleId", "private"."attachment"."attachmentAbleType" FROM "private"."attachment" WHERE ("private"."attachment"."attachmentAbleId" = $1 AND "private"."attachment"."attachmentAbleType" = $2) OFFSET $3 -- params: [7,"product",0] -- duration: 1ms
2025-10-01 10:07:43 [INFO]: [QUERY] DELETE FROM "private"."attachment" WHERE ("private"."attachment"."id" = $1 AND 1=1) RETURNING "private"."attachment"."id", "private"."attachment"."fileName", "private"."attachment"."fileType", "private"."attachment"."filePath", "private"."attachment"."fileSize", "private"."attachment"."attachmentAbleId", "private"."attachment"."attachmentAbleType" -- params: [42] -- duration: 4ms
2025-10-01 10:07:43 [INFO]: [QUERY] DELETE FROM "private"."attachment" WHERE ("private"."attachment"."id" = $1 AND 1=1) RETURNING "private"."attachment"."id", "private"."attachment"."fileName", "private"."attachment"."fileType", "private"."attachment"."filePath", "private"."attachment"."fileSize", "private"."attachment"."attachmentAbleId", "private"."attachment"."attachmentAbleType" -- params: [43] -- duration: 8ms
2025-10-01 10:07:43 [INFO]: [QUERY] DELETE FROM "private"."attachment" WHERE ("private"."attachment"."id" = $1 AND 1=1) RETURNING "private"."attachment"."id", "private"."attachment"."fileName", "private"."attachment"."fileType", "private"."attachment"."filePath", "private"."attachment"."fileSize", "private"."attachment"."attachmentAbleId", "private"."attachment"."attachmentAbleType" -- params: [44] -- duration: 8ms
2025-10-01 10:07:43 [INFO]: [QUERY] DELETE FROM "private"."attachment" WHERE ("private"."attachment"."id" = $1 AND 1=1) RETURNING "private"."attachment"."id", "private"."attachment"."fileName", "private"."attachment"."fileType", "private"."attachment"."filePath", "private"."attachment"."fileSize", "private"."attachment"."attachmentAbleId", "private"."attachment"."attachmentAbleType" -- params: [45] -- duration: 9ms
2025-10-01 10:07:43 [INFO]: [QUERY] DELETE FROM "private"."attachment" WHERE ("private"."attachment"."id" = $1 AND 1=1) RETURNING "private"."attachment"."id", "private"."attachment"."fileName", "private"."attachment"."fileType", "private"."attachment"."filePath", "private"."attachment"."fileSize", "private"."attachment"."attachmentAbleId", "private"."attachment"."attachmentAbleType" -- params: [46] -- duration: 10ms
2025-10-01 10:07:43 [INFO]: [QUERY] DELETE FROM "private"."attachment" WHERE ("private"."attachment"."id" = $1 AND 1=1) RETURNING "private"."attachment"."id", "private"."attachment"."fileName", "private"."attachment"."fileType", "private"."attachment"."filePath", "private"."attachment"."fileSize", "private"."attachment"."attachmentAbleId", "private"."attachment"."attachmentAbleType" -- params: [47] -- duration: 9ms
2025-10-01 10:07:43 [INFO]: [QUERY] DELETE FROM "private"."attachment" WHERE ("private"."attachment"."id" = $1 AND 1=1) RETURNING "private"."attachment"."id", "private"."attachment"."fileName", "private"."attachment"."fileType", "private"."attachment"."filePath", "private"."attachment"."fileSize", "private"."attachment"."attachmentAbleId", "private"."attachment"."attachmentAbleType" -- params: [48] -- duration: 9ms
2025-10-01 10:07:43 [INFO]: [QUERY] DELETE FROM "private"."attachment" WHERE ("private"."attachment"."id" = $1 AND 1=1) RETURNING "private"."attachment"."id", "private"."attachment"."fileName", "private"."attachment"."fileType", "private"."attachment"."filePath", "private"."attachment"."fileSize", "private"."attachment"."attachmentAbleId", "private"."attachment"."attachmentAbleType" -- params: [49] -- duration: 9ms
2025-10-01 10:07:43 [INFO]: [QUERY] INSERT INTO "private"."attachment" ("fileName","fileType","filePath","fileSize","attachmentAbleId","attachmentAbleType","createdAt","updatedAt") VALUES ($1,$2,$3,$4,$5,$6,$7,$8) RETURNING "private"."attachment"."id", "private"."attachment"."fileName", "private"."attachment"."fileType", "private"."attachment"."filePath", "private"."attachment"."fileSize", "private"."attachment"."attachmentAbleId", "private"."attachment"."attachmentAbleType" -- params: ["mysql.png","image/png","/home/hadi-rachmat-s/Documents/Project/finework/app-finework-backend/uploads/1759288063674-615263746-mysql.png",514065,7,"product","2025-10-01 03:07:43.862 UTC","2025-10-01 03:07:43.862 UTC"] -- duration: 8ms
2025-10-01 10:07:43 [INFO]: [QUERY] INSERT INTO "private"."attachment" ("fileName","fileType","filePath","fileSize","attachmentAbleId","attachmentAbleType","createdAt","updatedAt") VALUES ($1,$2,$3,$4,$5,$6,$7,$8) RETURNING "private"."attachment"."id", "private"."attachment"."fileName", "private"."attachment"."fileType", "private"."attachment"."filePath", "private"."attachment"."fileSize", "private"."attachment"."attachmentAbleId", "private"."attachment"."attachmentAbleType" -- params: ["foto-hadi.jpeg","image/jpeg","/home/hadi-rachmat-s/Documents/Project/finework/app-finework-backend/uploads/1759288063688-607137311-foto-hadi.jpeg",2011107,7,"product","2025-10-01 03:07:43.872 UTC","2025-10-01 03:07:43.872 UTC"] -- duration: 9ms
2025-10-01 10:07:43 [INFO]: [QUERY] INSERT INTO "private"."attachment" ("fileName","fileType","filePath","fileSize","attachmentAbleId","attachmentAbleType","createdAt","updatedAt") VALUES ($1,$2,$3,$4,$5,$6,$7,$8) RETURNING "private"."attachment"."id", "private"."attachment"."fileName", "private"."attachment"."fileType", "private"."attachment"."filePath", "private"."attachment"."fileSize", "private"."attachment"."attachmentAbleId", "private"."attachment"."attachmentAbleType" -- params: ["android.png","image/png","/home/hadi-rachmat-s/Documents/Project/finework/app-finework-backend/uploads/1759288063720-869692784-android.png",433333,7,"product","2025-10-01 03:07:43.883 UTC","2025-10-01 03:07:43.883 UTC"] -- duration: 9ms
2025-10-01 10:07:43 [INFO]: [QUERY] INSERT INTO "private"."attachment" ("fileName","fileType","filePath","fileSize","attachmentAbleId","attachmentAbleType","createdAt","updatedAt") VALUES ($1,$2,$3,$4,$5,$6,$7,$8) RETURNING "private"."attachment"."id", "private"."attachment"."fileName", "private"."attachment"."fileType", "private"."attachment"."filePath", "private"."attachment"."fileSize", "private"."attachment"."attachmentAbleId", "private"."attachment"."attachmentAbleType" -- params: ["figma.png","image/png","/home/hadi-rachmat-s/Documents/Project/finework/app-finework-backend/uploads/1759288063724-855666115-figma.png",644497,7,"product","2025-10-01 03:07:43.894 UTC","2025-10-01 03:07:43.894 UTC"] -- duration: 9ms
2025-10-01 10:08:01 [INFO]: [QUERY] SELECT 1 -- params: [] -- duration: 0ms
2025-10-01 10:08:01 [INFO]: [QUERY] SELECT "private"."users"."id", "private"."users"."fullname", "private"."users"."email", "private"."users"."role", "private"."users"."status" FROM "private"."users" WHERE ("private"."users"."id" = $1 AND 1=1) LIMIT $2 OFFSET $3 -- params: [1,1,0] -- duration: 1ms
2025-10-01 10:08:01 [INFO]: [QUERY] SELECT "private"."contacts"."id", "private"."contacts"."contact", "private"."contacts"."description", "private"."contacts"."createdAt", "private"."contacts"."updatedAt", "private"."contacts"."userId" FROM "private"."contacts" WHERE "private"."contacts"."userId" IN ($1) OFFSET $2 -- params: [1,0] -- duration: 0ms
2025-10-01 10:08:01 [INFO]: [QUERY] SELECT "private"."testimonials"."id", "private"."testimonials"."content", "private"."testimonials"."rating", "private"."testimonials"."createdAt", "private"."testimonials"."updatedAt", "private"."testimonials"."userId" FROM "private"."testimonials" WHERE "private"."testimonials"."userId" IN ($1) OFFSET $2 -- params: [1,0] -- duration: 0ms
2025-10-01 10:08:01 [INFO]: [QUERY] SELECT "private"."orders"."id", "private"."orders"."amount", "private"."orders"."status", "private"."orders"."createdAt", "private"."orders"."updatedAt", "private"."orders"."userId" FROM "private"."orders" WHERE "private"."orders"."userId" IN ($1) OFFSET $2 -- params: [1,0] -- duration: 0ms
2025-10-01 10:08:01 [INFO]: [QUERY] SELECT "private"."products"."id", "private"."products"."name", "private"."products"."description", "private"."products"."price", "private"."products"."stock", "private"."products"."status", "private"."products"."categoryId" FROM "private"."products" WHERE ("private"."products"."id" = $1 AND 1=1) LIMIT $2 OFFSET $3 -- params: [7,1,0] -- duration: 0ms
2025-10-01 10:08:01 [INFO]: [QUERY] UPDATE "private"."products" SET "name" = $1, "description" = $2, "price" = $3, "stock" = $4, "status" = $5, "categoryId" = $6, "updatedAt" = $7 WHERE ("private"."products"."id" = $8 AND 1=1) RETURNING "private"."products"."id", "private"."products"."name", "private"."products"."description", "private"."products"."price", "private"."products"."stock", "private"."products"."status", "private"."products"."categoryId" -- params: ["Microsoft Power Point Updated","Microsoft Power Point description","100000",20,1,3,"2025-10-01 03:08:01.242 UTC",7] -- duration: 25ms
2025-10-01 10:08:01 [INFO]: [QUERY] SELECT "private"."attachment"."id", "private"."attachment"."fileName", "private"."attachment"."fileType", "private"."attachment"."filePath", "private"."attachment"."fileSize", "private"."attachment"."attachmentAbleId", "private"."attachment"."attachmentAbleType" FROM "private"."attachment" WHERE ("private"."attachment"."attachmentAbleId" = $1 AND "private"."attachment"."attachmentAbleType" = $2) OFFSET $3 -- params: [7,"product",0] -- duration: 0ms
2025-10-01 10:08:01 [INFO]: [QUERY] DELETE FROM "private"."attachment" WHERE ("private"."attachment"."id" = $1 AND 1=1) RETURNING "private"."attachment"."id", "private"."attachment"."fileName", "private"."attachment"."fileType", "private"."attachment"."filePath", "private"."attachment"."fileSize", "private"."attachment"."attachmentAbleId", "private"."attachment"."attachmentAbleType" -- params: [50] -- duration: 7ms
2025-10-01 10:08:01 [INFO]: [QUERY] DELETE FROM "private"."attachment" WHERE ("private"."attachment"."id" = $1 AND 1=1) RETURNING "private"."attachment"."id", "private"."attachment"."fileName", "private"."attachment"."fileType", "private"."attachment"."filePath", "private"."attachment"."fileSize", "private"."attachment"."attachmentAbleId", "private"."attachment"."attachmentAbleType" -- params: [51] -- duration: 9ms
2025-10-01 10:08:01 [INFO]: [QUERY] DELETE FROM "private"."attachment" WHERE ("private"."attachment"."id" = $1 AND 1=1) RETURNING "private"."attachment"."id", "private"."attachment"."fileName", "private"."attachment"."fileType", "private"."attachment"."filePath", "private"."attachment"."fileSize", "private"."attachment"."attachmentAbleId", "private"."attachment"."attachmentAbleType" -- params: [52] -- duration: 9ms
2025-10-01 10:08:01 [INFO]: [QUERY] DELETE FROM "private"."attachment" WHERE ("private"."attachment"."id" = $1 AND 1=1) RETURNING "private"."attachment"."id", "private"."attachment"."fileName", "private"."attachment"."fileType", "private"."attachment"."filePath", "private"."attachment"."fileSize", "private"."attachment"."attachmentAbleId", "private"."attachment"."attachmentAbleType" -- params: [53] -- duration: 9ms
2025-10-01 10:08:01 [INFO]: [QUERY] INSERT INTO "private"."attachment" ("fileName","fileType","filePath","fileSize","attachmentAbleId","attachmentAbleType","createdAt","updatedAt") VALUES ($1,$2,$3,$4,$5,$6,$7,$8) RETURNING "private"."attachment"."id", "private"."attachment"."fileName", "private"."attachment"."fileType", "private"."attachment"."filePath", "private"."attachment"."fileSize", "private"."attachment"."attachmentAbleId", "private"."attachment"."attachmentAbleType" -- params: ["mysql.png","image/png","/home/hadi-rachmat-s/Documents/Project/finework/app-finework-backend/uploads/1759288081162-34639722-mysql.png",514065,7,"product","2025-10-01 03:08:01.314 UTC","2025-10-01 03:08:01.314 UTC"] -- duration: 9ms
2025-10-01 10:08:01 [INFO]: [QUERY] INSERT INTO "private"."attachment" ("fileName","fileType","filePath","fileSize","attachmentAbleId","attachmentAbleType","createdAt","updatedAt") VALUES ($1,$2,$3,$4,$5,$6,$7,$8) RETURNING "private"."attachment"."id", "private"."attachment"."fileName", "private"."attachment"."fileType", "private"."attachment"."filePath", "private"."attachment"."fileSize", "private"."attachment"."attachmentAbleId", "private"."attachment"."attachmentAbleType" -- params: ["foto-hadi.jpeg","image/jpeg","/home/hadi-rachmat-s/Documents/Project/finework/app-finework-backend/uploads/1759288081197-652657086-foto-hadi.jpeg",2011107,7,"product","2025-10-01 03:08:01.325 UTC","2025-10-01 03:08:01.325 UTC"] -- duration: 9ms
2025-10-01 10:08:01 [INFO]: [QUERY] INSERT INTO "private"."attachment" ("fileName","fileType","filePath","fileSize","attachmentAbleId","attachmentAbleType","createdAt","updatedAt") VALUES ($1,$2,$3,$4,$5,$6,$7,$8) RETURNING "private"."attachment"."id", "private"."attachment"."fileName", "private"."attachment"."fileType", "private"."attachment"."filePath", "private"."attachment"."fileSize", "private"."attachment"."attachmentAbleId", "private"."attachment"."attachmentAbleType" -- params: ["android.png","image/png","/home/hadi-rachmat-s/Documents/Project/finework/app-finework-backend/uploads/1759288081225-429060669-android.png",433333,7,"product","2025-10-01 03:08:01.336 UTC","2025-10-01 03:08:01.336 UTC"] -- duration: 9ms
2025-10-01 10:08:01 [INFO]: [QUERY] INSERT INTO "private"."attachment" ("fileName","fileType","filePath","fileSize","attachmentAbleId","attachmentAbleType","createdAt","updatedAt") VALUES ($1,$2,$3,$4,$5,$6,$7,$8) RETURNING "private"."attachment"."id", "private"."attachment"."fileName", "private"."attachment"."fileType", "private"."attachment"."filePath", "private"."attachment"."fileSize", "private"."attachment"."attachmentAbleId", "private"."attachment"."attachmentAbleType" -- params: ["figma.png","image/png","/home/hadi-rachmat-s/Documents/Project/finework/app-finework-backend/uploads/1759288081230-37548471-figma.png",644497,7,"product","2025-10-01 03:08:01.347 UTC","2025-10-01 03:08:01.347 UTC"] -- duration: 9ms
2025-10-01 10:27:42 [INFO]: [QUERY] SELECT "private"."users"."id", "private"."users"."fullname", "private"."users"."email", "private"."users"."role", "private"."users"."status" FROM "private"."users" WHERE ("private"."users"."id" = $1 AND 1=1) LIMIT $2 OFFSET $3 -- params: [1,1,0] -- duration: 2ms
2025-10-01 10:27:42 [INFO]: [QUERY] SELECT "private"."contacts"."id", "private"."contacts"."contact", "private"."contacts"."description", "private"."contacts"."createdAt", "private"."contacts"."updatedAt", "private"."contacts"."userId" FROM "private"."contacts" WHERE "private"."contacts"."userId" IN ($1) OFFSET $2 -- params: [1,0] -- duration: 1ms
2025-10-01 10:27:42 [INFO]: [QUERY] SELECT "private"."testimonials"."id", "private"."testimonials"."content", "private"."testimonials"."rating", "private"."testimonials"."createdAt", "private"."testimonials"."updatedAt", "private"."testimonials"."userId" FROM "private"."testimonials" WHERE "private"."testimonials"."userId" IN ($1) OFFSET $2 -- params: [1,0] -- duration: 1ms
2025-10-01 10:27:42 [INFO]: [QUERY] SELECT "private"."orders"."id", "private"."orders"."amount", "private"."orders"."status", "private"."orders"."createdAt", "private"."orders"."updatedAt", "private"."orders"."userId" FROM "private"."orders" WHERE "private"."orders"."userId" IN ($1) OFFSET $2 -- params: [1,0] -- duration: 1ms
2025-10-01 10:27:42 [INFO]: [QUERY] SELECT "private"."categories"."id", "private"."categories"."name", "private"."categories"."description" FROM "private"."categories" WHERE ("private"."categories"."id" = $1 AND 1=1) LIMIT $2 OFFSET $3 -- params: [3,1,0] -- duration: 1ms
2025-10-01 10:27:42 [INFO]: [QUERY] INSERT INTO "private"."products" ("name","description","price","stock","status","createdAt","updatedAt","categoryId") VALUES ($1,$2,$3,$4,$5,$6,$7,$8) RETURNING "private"."products"."id", "private"."products"."name", "private"."products"."description", "private"."products"."price", "private"."products"."stock", "private"."products"."status", "private"."products"."categoryId" -- params: ["will deleted data","will deleted data product Description","40000",50,1,"2025-10-01 03:27:42.215 UTC","2025-10-01 03:27:42.215 UTC",3] -- duration: 34ms
2025-10-01 10:27:42 [INFO]: [QUERY] INSERT INTO "private"."attachment" ("fileName","fileType","filePath","fileSize","attachmentAbleId","attachmentAbleType","createdAt","updatedAt") VALUES ($1,$2,$3,$4,$5,$6,$7,$8) RETURNING "private"."attachment"."id", "private"."attachment"."fileName", "private"."attachment"."fileType", "private"."attachment"."filePath", "private"."attachment"."fileSize", "private"."attachment"."attachmentAbleId", "private"."attachment"."attachmentAbleType" -- params: ["typescript.png","image/png","/home/hadi-rachmat-s/Documents/Project/finework/app-finework-backend/uploads/1759289262140-593615004-typescript.png",186561,8,"product","2025-10-01 03:27:42.252 UTC","2025-10-01 03:27:42.252 UTC"] -- duration: 9ms
2025-10-01 10:27:42 [INFO]: [QUERY] INSERT INTO "private"."attachment" ("fileName","fileType","filePath","fileSize","attachmentAbleId","attachmentAbleType","createdAt","updatedAt") VALUES ($1,$2,$3,$4,$5,$6,$7,$8) RETURNING "private"."attachment"."id", "private"."attachment"."fileName", "private"."attachment"."fileType", "private"."attachment"."filePath", "private"."attachment"."fileSize", "private"."attachment"."attachmentAbleId", "private"."attachment"."attachmentAbleType" -- params: ["javascript.png","image/png","/home/hadi-rachmat-s/Documents/Project/finework/app-finework-backend/uploads/1759289262143-841015611-javascript.png",159935,8,"product","2025-10-01 03:27:42.262 UTC","2025-10-01 03:27:42.262 UTC"] -- duration: 10ms
2025-10-01 10:27:42 [INFO]: [QUERY] INSERT INTO "private"."attachment" ("fileName","fileType","filePath","fileSize","attachmentAbleId","attachmentAbleType","createdAt","updatedAt") VALUES ($1,$2,$3,$4,$5,$6,$7,$8) RETURNING "private"."attachment"."id", "private"."attachment"."fileName", "private"."attachment"."fileType", "private"."attachment"."filePath", "private"."attachment"."fileSize", "private"."attachment"."attachmentAbleId", "private"."attachment"."attachmentAbleType" -- params: ["figma.png","image/png","/home/hadi-rachmat-s/Documents/Project/finework/app-finework-backend/uploads/1759289262149-226031956-figma.png",644497,8,"product","2025-10-01 03:27:42.277 UTC","2025-10-01 03:27:42.277 UTC"] -- duration: 6ms
2025-10-01 10:27:42 [INFO]: [QUERY] INSERT INTO "private"."attachment" ("fileName","fileType","filePath","fileSize","attachmentAbleId","attachmentAbleType","createdAt","updatedAt") VALUES ($1,$2,$3,$4,$5,$6,$7,$8) RETURNING "private"."attachment"."id", "private"."attachment"."fileName", "private"."attachment"."fileType", "private"."attachment"."filePath", "private"."attachment"."fileSize", "private"."attachment"."attachmentAbleId", "private"."attachment"."attachmentAbleType" -- params: ["android.png","image/png","/home/hadi-rachmat-s/Documents/Project/finework/app-finework-backend/uploads/1759289262168-717895311-android.png",433333,8,"product","2025-10-01 03:27:42.285 UTC","2025-10-01 03:27:42.285 UTC"] -- duration: 8ms
2025-10-01 10:27:42 [INFO]: [QUERY] INSERT INTO "private"."attachment" ("fileName","fileType","filePath","fileSize","attachmentAbleId","attachmentAbleType","createdAt","updatedAt") VALUES ($1,$2,$3,$4,$5,$6,$7,$8) RETURNING "private"."attachment"."id", "private"."attachment"."fileName", "private"."attachment"."fileType", "private"."attachment"."filePath", "private"."attachment"."fileSize", "private"."attachment"."attachmentAbleId", "private"."attachment"."attachmentAbleType" -- params: ["website.png","image/png","/home/hadi-rachmat-s/Documents/Project/finework/app-finework-backend/uploads/1759289262172-689905792-website.png",585111,8,"product","2025-10-01 03:27:42.297 UTC","2025-10-01 03:27:42.297 UTC"] -- duration: 8ms
2025-10-01 10:27:42 [INFO]: [QUERY] INSERT INTO "private"."attachment" ("fileName","fileType","filePath","fileSize","attachmentAbleId","attachmentAbleType","createdAt","updatedAt") VALUES ($1,$2,$3,$4,$5,$6,$7,$8) RETURNING "private"."attachment"."id", "private"."attachment"."fileName", "private"."attachment"."fileType", "private"."attachment"."filePath", "private"."attachment"."fileSize", "private"."attachment"."attachmentAbleId", "private"."attachment"."attachmentAbleType" -- params: ["react.png","image/png","/home/hadi-rachmat-s/Documents/Project/finework/app-finework-backend/uploads/1759289262180-588167497-react.png",738317,8,"product","2025-10-01 03:27:42.307 UTC","2025-10-01 03:27:42.307 UTC"] -- duration: 9ms
2025-10-01 10:27:42 [INFO]: [QUERY] INSERT INTO "private"."attachment" ("fileName","fileType","filePath","fileSize","attachmentAbleId","attachmentAbleType","createdAt","updatedAt") VALUES ($1,$2,$3,$4,$5,$6,$7,$8) RETURNING "private"."attachment"."id", "private"."attachment"."fileName", "private"."attachment"."fileType", "private"."attachment"."filePath", "private"."attachment"."fileSize", "private"."attachment"."attachmentAbleId", "private"."attachment"."attachmentAbleType" -- params: ["nodejs.png","image/png","/home/hadi-rachmat-s/Documents/Project/finework/app-finework-backend/uploads/1759289262196-424749171-nodejs.png",191936,8,"product","2025-10-01 03:27:42.319 UTC","2025-10-01 03:27:42.319 UTC"] -- duration: 8ms
2025-10-01 10:27:42 [INFO]: [QUERY] INSERT INTO "private"."attachment" ("fileName","fileType","filePath","fileSize","attachmentAbleId","attachmentAbleType","createdAt","updatedAt") VALUES ($1,$2,$3,$4,$5,$6,$7,$8) RETURNING "private"."attachment"."id", "private"."attachment"."fileName", "private"."attachment"."fileType", "private"."attachment"."filePath", "private"."attachment"."fileSize", "private"."attachment"."attachmentAbleId", "private"."attachment"."attachmentAbleType" -- params: ["picture.png","image/png","/home/hadi-rachmat-s/Documents/Project/finework/app-finework-backend/uploads/1759289262198-464936322-picture.png",506345,8,"product","2025-10-01 03:27:42.329 UTC","2025-10-01 03:27:42.329 UTC"] -- duration: 9ms
2025-10-01 10:28:11 [INFO]: [QUERY] SELECT 1 -- params: [] -- duration: 0ms
2025-10-01 10:28:11 [INFO]: [QUERY] SELECT "private"."users"."id", "private"."users"."fullname", "private"."users"."email", "private"."users"."role", "private"."users"."status" FROM "private"."users" WHERE ("private"."users"."id" = $1 AND 1=1) LIMIT $2 OFFSET $3 -- params: [1,1,0] -- duration: 0ms
2025-10-01 10:28:11 [INFO]: [QUERY] SELECT "private"."contacts"."id", "private"."contacts"."contact", "private"."contacts"."description", "private"."contacts"."createdAt", "private"."contacts"."updatedAt", "private"."contacts"."userId" FROM "private"."contacts" WHERE "private"."contacts"."userId" IN ($1) OFFSET $2 -- params: [1,0] -- duration: 0ms
2025-10-01 10:28:11 [INFO]: [QUERY] SELECT "private"."testimonials"."id", "private"."testimonials"."content", "private"."testimonials"."rating", "private"."testimonials"."createdAt", "private"."testimonials"."updatedAt", "private"."testimonials"."userId" FROM "private"."testimonials" WHERE "private"."testimonials"."userId" IN ($1) OFFSET $2 -- params: [1,0] -- duration: 0ms
2025-10-01 10:28:11 [INFO]: [QUERY] SELECT "private"."orders"."id", "private"."orders"."amount", "private"."orders"."status", "private"."orders"."createdAt", "private"."orders"."updatedAt", "private"."orders"."userId" FROM "private"."orders" WHERE "private"."orders"."userId" IN ($1) OFFSET $2 -- params: [1,0] -- duration: 0ms
2025-10-01 10:28:11 [INFO]: [QUERY] SELECT "private"."products"."id", "private"."products"."name", "private"."products"."description", "private"."products"."price", "private"."products"."stock", "private"."products"."status", "private"."products"."categoryId" FROM "private"."products" WHERE ("private"."products"."id" = $1 AND 1=1) LIMIT $2 OFFSET $3 -- params: [8,1,0] -- duration: 0ms
2025-10-01 10:28:11 [INFO]: [QUERY] SELECT "private"."attachment"."id", "private"."attachment"."fileName", "private"."attachment"."fileType", "private"."attachment"."filePath", "private"."attachment"."fileSize", "private"."attachment"."attachmentAbleId", "private"."attachment"."attachmentAbleType" FROM "private"."attachment" WHERE ("private"."attachment"."attachmentAbleId" = $1 AND "private"."attachment"."attachmentAbleType" = $2) OFFSET $3 -- params: [8,"product",0] -- duration: 1ms
2025-10-01 10:28:11 [INFO]: [QUERY] DELETE FROM "private"."attachment" WHERE ("private"."attachment"."id" = $1 AND 1=1) RETURNING "private"."attachment"."id", "private"."attachment"."fileName", "private"."attachment"."fileType", "private"."attachment"."filePath", "private"."attachment"."fileSize", "private"."attachment"."attachmentAbleId", "private"."attachment"."attachmentAbleType" -- params: [58] -- duration: 32ms
2025-10-01 10:28:11 [INFO]: [QUERY] DELETE FROM "private"."attachment" WHERE ("private"."attachment"."id" = $1 AND 1=1) RETURNING "private"."attachment"."id", "private"."attachment"."fileName", "private"."attachment"."fileType", "private"."attachment"."filePath", "private"."attachment"."fileSize", "private"."attachment"."attachmentAbleId", "private"."attachment"."attachmentAbleType" -- params: [59] -- duration: 9ms
2025-10-01 10:28:11 [INFO]: [QUERY] DELETE FROM "private"."attachment" WHERE ("private"."attachment"."id" = $1 AND 1=1) RETURNING "private"."attachment"."id", "private"."attachment"."fileName", "private"."attachment"."fileType", "private"."attachment"."filePath", "private"."attachment"."fileSize", "private"."attachment"."attachmentAbleId", "private"."attachment"."attachmentAbleType" -- params: [60] -- duration: 8ms
2025-10-01 10:28:11 [INFO]: [QUERY] DELETE FROM "private"."attachment" WHERE ("private"."attachment"."id" = $1 AND 1=1) RETURNING "private"."attachment"."id", "private"."attachment"."fileName", "private"."attachment"."fileType", "private"."attachment"."filePath", "private"."attachment"."fileSize", "private"."attachment"."attachmentAbleId", "private"."attachment"."attachmentAbleType" -- params: [61] -- duration: 9ms
2025-10-01 10:28:11 [INFO]: [QUERY] DELETE FROM "private"."attachment" WHERE ("private"."attachment"."id" = $1 AND 1=1) RETURNING "private"."attachment"."id", "private"."attachment"."fileName", "private"."attachment"."fileType", "private"."attachment"."filePath", "private"."attachment"."fileSize", "private"."attachment"."attachmentAbleId", "private"."attachment"."attachmentAbleType" -- params: [62] -- duration: 8ms
2025-10-01 10:28:11 [INFO]: [QUERY] DELETE FROM "private"."attachment" WHERE ("private"."attachment"."id" = $1 AND 1=1) RETURNING "private"."attachment"."id", "private"."attachment"."fileName", "private"."attachment"."fileType", "private"."attachment"."filePath", "private"."attachment"."fileSize", "private"."attachment"."attachmentAbleId", "private"."attachment"."attachmentAbleType" -- params: [63] -- duration: 7ms
2025-10-01 10:28:11 [INFO]: [QUERY] DELETE FROM "private"."attachment" WHERE ("private"."attachment"."id" = $1 AND 1=1) RETURNING "private"."attachment"."id", "private"."attachment"."fileName", "private"."attachment"."fileType", "private"."attachment"."filePath", "private"."attachment"."fileSize", "private"."attachment"."attachmentAbleId", "private"."attachment"."attachmentAbleType" -- params: [64] -- duration: 13ms
2025-10-01 10:28:11 [INFO]: [QUERY] DELETE FROM "private"."attachment" WHERE ("private"."attachment"."id" = $1 AND 1=1) RETURNING "private"."attachment"."id", "private"."attachment"."fileName", "private"."attachment"."fileType", "private"."attachment"."filePath", "private"."attachment"."fileSize", "private"."attachment"."attachmentAbleId", "private"."attachment"."attachmentAbleType" -- params: [65] -- duration: 9ms
2025-10-01 10:28:11 [INFO]: [QUERY] DELETE FROM "private"."products" WHERE ("private"."products"."id" = $1 AND 1=1) RETURNING "private"."products"."id", "private"."products"."name", "private"."products"."description", "private"."products"."price", "private"."products"."stock", "private"."products"."status", "private"."products"."createdAt", "private"."products"."updatedAt", "private"."products"."categoryId" -- params: [8] -- duration: 9ms
2025-10-01 10:28:25 [INFO]: [QUERY] SELECT "private"."users"."id", "private"."users"."fullname", "private"."users"."email", "private"."users"."role", "private"."users"."status" FROM "private"."users" WHERE ("private"."users"."id" = $1 AND 1=1) LIMIT $2 OFFSET $3 -- params: [1,1,0] -- duration: 2ms
2025-10-01 10:28:25 [INFO]: [QUERY] SELECT "private"."contacts"."id", "private"."contacts"."contact", "private"."contacts"."description", "private"."contacts"."createdAt", "private"."contacts"."updatedAt", "private"."contacts"."userId" FROM "private"."contacts" WHERE "private"."contacts"."userId" IN ($1) OFFSET $2 -- params: [1,0] -- duration: 1ms
2025-10-01 10:28:25 [INFO]: [QUERY] SELECT "private"."testimonials"."id", "private"."testimonials"."content", "private"."testimonials"."rating", "private"."testimonials"."createdAt", "private"."testimonials"."updatedAt", "private"."testimonials"."userId" FROM "private"."testimonials" WHERE "private"."testimonials"."userId" IN ($1) OFFSET $2 -- params: [1,0] -- duration: 1ms
2025-10-01 10:28:25 [INFO]: [QUERY] SELECT "private"."orders"."id", "private"."orders"."amount", "private"."orders"."status", "private"."orders"."createdAt", "private"."orders"."updatedAt", "private"."orders"."userId" FROM "private"."orders" WHERE "private"."orders"."userId" IN ($1) OFFSET $2 -- params: [1,0] -- duration: 2ms
2025-10-01 10:28:25 [INFO]: [QUERY] SELECT "private"."categories"."id", "private"."categories"."name", "private"."categories"."description" FROM "private"."categories" WHERE ("private"."categories"."id" = $1 AND 1=1) LIMIT $2 OFFSET $3 -- params: [3,1,0] -- duration: 3ms
2025-10-01 10:28:25 [INFO]: [QUERY] INSERT INTO "private"."products" ("name","description","price","stock","status","createdAt","updatedAt","categoryId") VALUES ($1,$2,$3,$4,$5,$6,$7,$8) RETURNING "private"."products"."id", "private"."products"."name", "private"."products"."description", "private"."products"."price", "private"."products"."stock", "private"."products"."status", "private"."products"."categoryId" -- params: ["will deleted data","will deleted data product Description","40000",50,1,"2025-10-01 03:28:25.405 UTC","2025-10-01 03:28:25.405 UTC",3] -- duration: 31ms
2025-10-01 10:28:25 [INFO]: [QUERY] INSERT INTO "private"."attachment" ("fileName","fileType","filePath","fileSize","attachmentAbleId","attachmentAbleType","createdAt","updatedAt") VALUES ($1,$2,$3,$4,$5,$6,$7,$8) RETURNING "private"."attachment"."id", "private"."attachment"."fileName", "private"."attachment"."fileType", "private"."attachment"."filePath", "private"."attachment"."fileSize", "private"."attachment"."attachmentAbleId", "private"."attachment"."attachmentAbleType" -- params: ["typescript.png","image/png","/home/hadi-rachmat-s/Documents/Project/finework/app-finework-backend/uploads/1759289305324-452049542-typescript.png",186561,9,"product","2025-10-01 03:28:25.438 UTC","2025-10-01 03:28:25.438 UTC"] -- duration: 7ms
2025-10-01 10:28:25 [INFO]: [QUERY] INSERT INTO "private"."attachment" ("fileName","fileType","filePath","fileSize","attachmentAbleId","attachmentAbleType","createdAt","updatedAt") VALUES ($1,$2,$3,$4,$5,$6,$7,$8) RETURNING "private"."attachment"."id", "private"."attachment"."fileName", "private"."attachment"."fileType", "private"."attachment"."filePath", "private"."attachment"."fileSize", "private"."attachment"."attachmentAbleId", "private"."attachment"."attachmentAbleType" -- params: ["javascript.png","image/png","/home/hadi-rachmat-s/Documents/Project/finework/app-finework-backend/uploads/1759289305327-237973478-javascript.png",159935,9,"product","2025-10-01 03:28:25.448 UTC","2025-10-01 03:28:25.448 UTC"] -- duration: 8ms
2025-10-01 10:28:25 [INFO]: [QUERY] INSERT INTO "private"."attachment" ("fileName","fileType","filePath","fileSize","attachmentAbleId","attachmentAbleType","createdAt","updatedAt") VALUES ($1,$2,$3,$4,$5,$6,$7,$8) RETURNING "private"."attachment"."id", "private"."attachment"."fileName", "private"."attachment"."fileType", "private"."attachment"."filePath", "private"."attachment"."fileSize", "private"."attachment"."attachmentAbleId", "private"."attachment"."attachmentAbleType" -- params: ["figma.png","image/png","/home/hadi-rachmat-s/Documents/Project/finework/app-finework-backend/uploads/1759289305330-928791718-figma.png",644497,9,"product","2025-10-01 03:28:25.460 UTC","2025-10-01 03:28:25.460 UTC"] -- duration: 7ms
2025-10-01 10:28:25 [INFO]: [QUERY] INSERT INTO "private"."attachment" ("fileName","fileType","filePath","fileSize","attachmentAbleId","attachmentAbleType","createdAt","updatedAt") VALUES ($1,$2,$3,$4,$5,$6,$7,$8) RETURNING "private"."attachment"."id", "private"."attachment"."fileName", "private"."attachment"."fileType", "private"."attachment"."filePath", "private"."attachment"."fileSize", "private"."attachment"."attachmentAbleId", "private"."attachment"."attachmentAbleType" -- params: ["android.png","image/png","/home/hadi-rachmat-s/Documents/Project/finework/app-finework-backend/uploads/1759289305344-269947479-android.png",433333,9,"product","2025-10-01 03:28:25.470 UTC","2025-10-01 03:28:25.470 UTC"] -- duration: 9ms
2025-10-01 10:28:25 [INFO]: [QUERY] INSERT INTO "private"."attachment" ("fileName","fileType","filePath","fileSize","attachmentAbleId","attachmentAbleType","createdAt","updatedAt") VALUES ($1,$2,$3,$4,$5,$6,$7,$8) RETURNING "private"."attachment"."id", "private"."attachment"."fileName", "private"."attachment"."fileType", "private"."attachment"."filePath", "private"."attachment"."fileSize", "private"."attachment"."attachmentAbleId", "private"."attachment"."attachmentAbleType" -- params: ["website.png","image/png","/home/hadi-rachmat-s/Documents/Project/finework/app-finework-backend/uploads/1759289305352-808665801-website.png",585111,9,"product","2025-10-01 03:28:25.481 UTC","2025-10-01 03:28:25.481 UTC"] -- duration: 9ms
2025-10-01 10:28:25 [INFO]: [QUERY] INSERT INTO "private"."attachment" ("fileName","fileType","filePath","fileSize","attachmentAbleId","attachmentAbleType","createdAt","updatedAt") VALUES ($1,$2,$3,$4,$5,$6,$7,$8) RETURNING "private"."attachment"."id", "private"."attachment"."fileName", "private"."attachment"."fileType", "private"."attachment"."filePath", "private"."attachment"."fileSize", "private"."attachment"."attachmentAbleId", "private"."attachment"."attachmentAbleType" -- params: ["react.png","image/png","/home/hadi-rachmat-s/Documents/Project/finework/app-finework-backend/uploads/1759289305369-148060523-react.png",738317,9,"product","2025-10-01 03:28:25.493 UTC","2025-10-01 03:28:25.493 UTC"] -- duration: 8ms
2025-10-01 10:28:25 [INFO]: [QUERY] INSERT INTO "private"."attachment" ("fileName","fileType","filePath","fileSize","attachmentAbleId","attachmentAbleType","createdAt","updatedAt") VALUES ($1,$2,$3,$4,$5,$6,$7,$8) RETURNING "private"."attachment"."id", "private"."attachment"."fileName", "private"."attachment"."fileType", "private"."attachment"."filePath", "private"."attachment"."fileSize", "private"."attachment"."attachmentAbleId", "private"."attachment"."attachmentAbleType" -- params: ["nodejs.png","image/png","/home/hadi-rachmat-s/Documents/Project/finework/app-finework-backend/uploads/1759289305382-597286516-nodejs.png",191936,9,"product","2025-10-01 03:28:25.504 UTC","2025-10-01 03:28:25.504 UTC"] -- duration: 8ms
2025-10-01 10:28:25 [INFO]: [QUERY] INSERT INTO "private"."attachment" ("fileName","fileType","filePath","fileSize","attachmentAbleId","attachmentAbleType","createdAt","updatedAt") VALUES ($1,$2,$3,$4,$5,$6,$7,$8) RETURNING "private"."attachment"."id", "private"."attachment"."fileName", "private"."attachment"."fileType", "private"."attachment"."filePath", "private"."attachment"."fileSize", "private"."attachment"."attachmentAbleId", "private"."attachment"."attachmentAbleType" -- params: ["picture.png","image/png","/home/hadi-rachmat-s/Documents/Project/finework/app-finework-backend/uploads/1759289305387-50626599-picture.png",506345,9,"product","2025-10-01 03:28:25.515 UTC","2025-10-01 03:28:25.515 UTC"] -- duration: 9ms
2025-10-01 10:28:52 [INFO]: [QUERY] SELECT 1 -- params: [] -- duration: 0ms
2025-10-01 10:28:52 [INFO]: [QUERY] SELECT "private"."users"."id", "private"."users"."fullname", "private"."users"."email", "private"."users"."role", "private"."users"."status" FROM "private"."users" WHERE ("private"."users"."id" = $1 AND 1=1) LIMIT $2 OFFSET $3 -- params: [1,1,0] -- duration: 0ms
2025-10-01 10:28:52 [INFO]: [QUERY] SELECT "private"."contacts"."id", "private"."contacts"."contact", "private"."contacts"."description", "private"."contacts"."createdAt", "private"."contacts"."updatedAt", "private"."contacts"."userId" FROM "private"."contacts" WHERE "private"."contacts"."userId" IN ($1) OFFSET $2 -- params: [1,0] -- duration: 0ms
2025-10-01 10:28:52 [INFO]: [QUERY] SELECT "private"."testimonials"."id", "private"."testimonials"."content", "private"."testimonials"."rating", "private"."testimonials"."createdAt", "private"."testimonials"."updatedAt", "private"."testimonials"."userId" FROM "private"."testimonials" WHERE "private"."testimonials"."userId" IN ($1) OFFSET $2 -- params: [1,0] -- duration: 0ms
2025-10-01 10:28:52 [INFO]: [QUERY] SELECT "private"."orders"."id", "private"."orders"."amount", "private"."orders"."status", "private"."orders"."createdAt", "private"."orders"."updatedAt", "private"."orders"."userId" FROM "private"."orders" WHERE "private"."orders"."userId" IN ($1) OFFSET $2 -- params: [1,0] -- duration: 0ms
2025-10-01 10:28:52 [INFO]: [QUERY] SELECT "private"."products"."id", "private"."products"."name", "private"."products"."description", "private"."products"."price", "private"."products"."stock", "private"."products"."status", "private"."products"."categoryId" FROM "private"."products" WHERE ("private"."products"."id" = $1 AND 1=1) LIMIT $2 OFFSET $3 -- params: [9,1,0] -- duration: 1ms
2025-10-01 10:28:52 [INFO]: [QUERY] SELECT "private"."attachment"."id", "private"."attachment"."fileName", "private"."attachment"."fileType", "private"."attachment"."filePath", "private"."attachment"."fileSize", "private"."attachment"."attachmentAbleId", "private"."attachment"."attachmentAbleType" FROM "private"."attachment" WHERE ("private"."attachment"."attachmentAbleId" = $1 AND "private"."attachment"."attachmentAbleType" = $2) OFFSET $3 -- params: [9,"product",0] -- duration: 1ms
2025-10-01 10:28:52 [INFO]: [QUERY] DELETE FROM "private"."attachment" WHERE ("private"."attachment"."id" = $1 AND 1=1) RETURNING "private"."attachment"."id", "private"."attachment"."fileName", "private"."attachment"."fileType", "private"."attachment"."filePath", "private"."attachment"."fileSize", "private"."attachment"."attachmentAbleId", "private"."attachment"."attachmentAbleType" -- params: [66] -- duration: 26ms
2025-10-01 10:28:52 [INFO]: [QUERY] DELETE FROM "private"."attachment" WHERE ("private"."attachment"."id" = $1 AND 1=1) RETURNING "private"."attachment"."id", "private"."attachment"."fileName", "private"."attachment"."fileType", "private"."attachment"."filePath", "private"."attachment"."fileSize", "private"."attachment"."attachmentAbleId", "private"."attachment"."attachmentAbleType" -- params: [67] -- duration: 9ms
2025-10-01 10:28:52 [INFO]: [QUERY] DELETE FROM "private"."attachment" WHERE ("private"."attachment"."id" = $1 AND 1=1) RETURNING "private"."attachment"."id", "private"."attachment"."fileName", "private"."attachment"."fileType", "private"."attachment"."filePath", "private"."attachment"."fileSize", "private"."attachment"."attachmentAbleId", "private"."attachment"."attachmentAbleType" -- params: [68] -- duration: 9ms
2025-10-01 10:28:52 [INFO]: [QUERY] DELETE FROM "private"."attachment" WHERE ("private"."attachment"."id" = $1 AND 1=1) RETURNING "private"."attachment"."id", "private"."attachment"."fileName", "private"."attachment"."fileType", "private"."attachment"."filePath", "private"."attachment"."fileSize", "private"."attachment"."attachmentAbleId", "private"."attachment"."attachmentAbleType" -- params: [69] -- duration: 9ms
2025-10-01 10:28:52 [INFO]: [QUERY] DELETE FROM "private"."attachment" WHERE ("private"."attachment"."id" = $1 AND 1=1) RETURNING "private"."attachment"."id", "private"."attachment"."fileName", "private"."attachment"."fileType", "private"."attachment"."filePath", "private"."attachment"."fileSize", "private"."attachment"."attachmentAbleId", "private"."attachment"."attachmentAbleType" -- params: [70] -- duration: 9ms
2025-10-01 10:28:52 [INFO]: [QUERY] DELETE FROM "private"."attachment" WHERE ("private"."attachment"."id" = $1 AND 1=1) RETURNING "private"."attachment"."id", "private"."attachment"."fileName", "private"."attachment"."fileType", "private"."attachment"."filePath", "private"."attachment"."fileSize", "private"."attachment"."attachmentAbleId", "private"."attachment"."attachmentAbleType" -- params: [71] -- duration: 9ms
2025-10-01 10:28:52 [INFO]: [QUERY] DELETE FROM "private"."attachment" WHERE ("private"."attachment"."id" = $1 AND 1=1) RETURNING "private"."attachment"."id", "private"."attachment"."fileName", "private"."attachment"."fileType", "private"."attachment"."filePath", "private"."attachment"."fileSize", "private"."attachment"."attachmentAbleId", "private"."attachment"."attachmentAbleType" -- params: [72] -- duration: 8ms
2025-10-01 10:28:52 [INFO]: [QUERY] DELETE FROM "private"."attachment" WHERE ("private"."attachment"."id" = $1 AND 1=1) RETURNING "private"."attachment"."id", "private"."attachment"."fileName", "private"."attachment"."fileType", "private"."attachment"."filePath", "private"."attachment"."fileSize", "private"."attachment"."attachmentAbleId", "private"."attachment"."attachmentAbleType" -- params: [73] -- duration: 9ms
2025-10-01 10:28:52 [INFO]: [QUERY] DELETE FROM "private"."products" WHERE ("private"."products"."id" = $1 AND 1=1) RETURNING "private"."products"."id", "private"."products"."name", "private"."products"."description", "private"."products"."price", "private"."products"."stock", "private"."products"."status", "private"."products"."createdAt", "private"."products"."updatedAt", "private"."products"."categoryId" -- params: [9] -- duration: 20ms
2025-10-01 10:58:36 [INFO]: [INFO] Starting a postgresql pool with 5 connections.
2025-10-01 10:58:37 [INFO]: [QUERY] SELECT "private"."users"."id", "private"."users"."fullname", "private"."users"."email", "private"."users"."password", "private"."users"."role", "private"."users"."status" FROM "private"."users" WHERE ("private"."users"."email" = $1 AND 1=1) LIMIT $2 OFFSET $3 -- params: ["admin@gmail.com",1,0] -- duration: 3ms
2025-10-01 10:58:37 [INFO]: [QUERY] SELECT "private"."contacts"."id", "private"."contacts"."contact", "private"."contacts"."description", "private"."contacts"."createdAt", "private"."contacts"."updatedAt", "private"."contacts"."userId" FROM "private"."contacts" WHERE "private"."contacts"."userId" IN ($1) OFFSET $2 -- params: [1,0] -- duration: 1ms
2025-10-01 10:58:37 [INFO]: [QUERY] SELECT "private"."testimonials"."id", "private"."testimonials"."content", "private"."testimonials"."rating", "private"."testimonials"."createdAt", "private"."testimonials"."updatedAt", "private"."testimonials"."userId" FROM "private"."testimonials" WHERE "private"."testimonials"."userId" IN ($1) OFFSET $2 -- params: [1,0] -- duration: 1ms
2025-10-01 10:58:37 [INFO]: [QUERY] SELECT "private"."orders"."id", "private"."orders"."amount", "private"."orders"."status", "private"."orders"."createdAt", "private"."orders"."updatedAt", "private"."orders"."userId" FROM "private"."orders" WHERE "private"."orders"."userId" IN ($1) OFFSET $2 -- params: [1,0] -- duration: 2ms
2025-10-01 10:58:46 [INFO]: [QUERY] SELECT "private"."users"."id", "private"."users"."fullname", "private"."users"."email", "private"."users"."role", "private"."users"."status" FROM "private"."users" WHERE ("private"."users"."id" = $1 AND 1=1) LIMIT $2 OFFSET $3 -- params: [1,1,0] -- duration: 1ms
2025-10-01 10:58:46 [INFO]: [QUERY] SELECT "private"."contacts"."id", "private"."contacts"."contact", "private"."contacts"."description", "private"."contacts"."createdAt", "private"."contacts"."updatedAt", "private"."contacts"."userId" FROM "private"."contacts" WHERE "private"."contacts"."userId" IN ($1) OFFSET $2 -- params: [1,0] -- duration: 0ms
2025-10-01 10:58:46 [INFO]: [QUERY] SELECT "private"."testimonials"."id", "private"."testimonials"."content", "private"."testimonials"."rating", "private"."testimonials"."createdAt", "private"."testimonials"."updatedAt", "private"."testimonials"."userId" FROM "private"."testimonials" WHERE "private"."testimonials"."userId" IN ($1) OFFSET $2 -- params: [1,0] -- duration: 0ms
2025-10-01 10:58:46 [INFO]: [QUERY] SELECT "private"."orders"."id", "private"."orders"."amount", "private"."orders"."status", "private"."orders"."createdAt", "private"."orders"."updatedAt", "private"."orders"."userId" FROM "private"."orders" WHERE "private"."orders"."userId" IN ($1) OFFSET $2 -- params: [1,0] -- duration: 0ms
2025-10-01 10:58:46 [ERROR]: [ERROR] 
Invalid `prisma.licensesKey.create()` invocation:

{
  data: {
    id: undefined,
    encryptedKey: "f470ab504d1041750c9b6e609f3367d6:2209d1288a11dd60fed68b0493826ea4617082f709cfcfb70323586cb48ea719",
    keyHash: "b509111e06d5336e75c77e1eefb5316cafe9c3c8e2708e5ca55f444a84d2c318",
    activationLimit: 1,
    status: 1,
    soldAt: new Date("2025-10-01T03:58:46.025Z"),
    plainText: "N278B-XYWJH-QCM3V-R82CW-CPRW6",
    ~~~~~~~~~
    productId: 1,
    supplierId: [],
?   createdAt?: DateTime,
?   updatedAt?: DateTime
  },
  select: {
    id: true,
    encryptedKey: true,
    keyHash: true,
    plainText: true,
    activationLimit: true,
    status: true,
    soldAt: true,
    productId: true
  }
}

Unknown argument `plainText`. Available options are marked with ?.
2025-10-01 11:49:54 [INFO]: [INFO] Starting a postgresql pool with 5 connections.
2025-10-01 11:49:54 [INFO]: [QUERY] SELECT "private"."users"."id", "private"."users"."fullname", "private"."users"."email", "private"."users"."role", "private"."users"."status" FROM "private"."users" WHERE ("private"."users"."id" = $1 AND 1=1) LIMIT $2 OFFSET $3 -- params: [1,1,0] -- duration: 2ms
2025-10-01 11:49:54 [INFO]: [QUERY] SELECT "private"."contacts"."id", "private"."contacts"."contact", "private"."contacts"."description", "private"."contacts"."createdAt", "private"."contacts"."updatedAt", "private"."contacts"."userId" FROM "private"."contacts" WHERE "private"."contacts"."userId" IN ($1) OFFSET $2 -- params: [1,0] -- duration: 1ms
2025-10-01 11:49:54 [INFO]: [QUERY] SELECT "private"."testimonials"."id", "private"."testimonials"."content", "private"."testimonials"."rating", "private"."testimonials"."createdAt", "private"."testimonials"."updatedAt", "private"."testimonials"."userId" FROM "private"."testimonials" WHERE "private"."testimonials"."userId" IN ($1) OFFSET $2 -- params: [1,0] -- duration: 1ms
2025-10-01 11:49:54 [INFO]: [QUERY] SELECT "private"."orders"."id", "private"."orders"."amount", "private"."orders"."status", "private"."orders"."createdAt", "private"."orders"."updatedAt", "private"."orders"."userId" FROM "private"."orders" WHERE "private"."orders"."userId" IN ($1) OFFSET $2 -- params: [1,0] -- duration: 1ms
2025-10-01 11:53:03 [INFO]: [INFO] Starting a postgresql pool with 5 connections.
2025-10-01 11:53:03 [INFO]: [QUERY] SELECT "private"."users"."id", "private"."users"."fullname", "private"."users"."email", "private"."users"."role", "private"."users"."status" FROM "private"."users" WHERE ("private"."users"."id" = $1 AND 1=1) LIMIT $2 OFFSET $3 -- params: [1,1,0] -- duration: 3ms
2025-10-01 11:53:03 [INFO]: [QUERY] SELECT "private"."contacts"."id", "private"."contacts"."contact", "private"."contacts"."description", "private"."contacts"."createdAt", "private"."contacts"."updatedAt", "private"."contacts"."userId" FROM "private"."contacts" WHERE "private"."contacts"."userId" IN ($1) OFFSET $2 -- params: [1,0] -- duration: 2ms
2025-10-01 11:53:03 [INFO]: [QUERY] SELECT "private"."testimonials"."id", "private"."testimonials"."content", "private"."testimonials"."rating", "private"."testimonials"."createdAt", "private"."testimonials"."updatedAt", "private"."testimonials"."userId" FROM "private"."testimonials" WHERE "private"."testimonials"."userId" IN ($1) OFFSET $2 -- params: [1,0] -- duration: 1ms
2025-10-01 11:53:03 [INFO]: [QUERY] SELECT "private"."orders"."id", "private"."orders"."amount", "private"."orders"."status", "private"."orders"."createdAt", "private"."orders"."updatedAt", "private"."orders"."userId" FROM "private"."orders" WHERE "private"."orders"."userId" IN ($1) OFFSET $2 -- params: [1,0] -- duration: 1ms
2025-10-01 11:54:35 [INFO]: [INFO] Starting a postgresql pool with 5 connections.
2025-10-01 11:54:35 [INFO]: [QUERY] SELECT "private"."users"."id", "private"."users"."fullname", "private"."users"."email", "private"."users"."role", "private"."users"."status" FROM "private"."users" WHERE ("private"."users"."id" = $1 AND 1=1) LIMIT $2 OFFSET $3 -- params: [1,1,0] -- duration: 2ms
2025-10-01 11:54:35 [INFO]: [QUERY] SELECT "private"."contacts"."id", "private"."contacts"."contact", "private"."contacts"."description", "private"."contacts"."createdAt", "private"."contacts"."updatedAt", "private"."contacts"."userId" FROM "private"."contacts" WHERE "private"."contacts"."userId" IN ($1) OFFSET $2 -- params: [1,0] -- duration: 1ms
2025-10-01 11:54:35 [INFO]: [QUERY] SELECT "private"."testimonials"."id", "private"."testimonials"."content", "private"."testimonials"."rating", "private"."testimonials"."createdAt", "private"."testimonials"."updatedAt", "private"."testimonials"."userId" FROM "private"."testimonials" WHERE "private"."testimonials"."userId" IN ($1) OFFSET $2 -- params: [1,0] -- duration: 1ms
2025-10-01 11:54:35 [INFO]: [QUERY] SELECT "private"."orders"."id", "private"."orders"."amount", "private"."orders"."status", "private"."orders"."createdAt", "private"."orders"."updatedAt", "private"."orders"."userId" FROM "private"."orders" WHERE "private"."orders"."userId" IN ($1) OFFSET $2 -- params: [1,0] -- duration: 2ms
2025-10-01 11:58:10 [INFO]: [INFO] Starting a postgresql pool with 5 connections.
2025-10-01 11:58:11 [INFO]: [QUERY] SELECT "private"."users"."id", "private"."users"."fullname", "private"."users"."email", "private"."users"."role", "private"."users"."status" FROM "private"."users" WHERE ("private"."users"."id" = $1 AND 1=1) LIMIT $2 OFFSET $3 -- params: [1,1,0] -- duration: 2ms
2025-10-01 11:58:11 [INFO]: [QUERY] SELECT "private"."contacts"."id", "private"."contacts"."contact", "private"."contacts"."description", "private"."contacts"."createdAt", "private"."contacts"."updatedAt", "private"."contacts"."userId" FROM "private"."contacts" WHERE "private"."contacts"."userId" IN ($1) OFFSET $2 -- params: [1,0] -- duration: 6ms
2025-10-01 11:58:11 [INFO]: [QUERY] SELECT "private"."testimonials"."id", "private"."testimonials"."content", "private"."testimonials"."rating", "private"."testimonials"."createdAt", "private"."testimonials"."updatedAt", "private"."testimonials"."userId" FROM "private"."testimonials" WHERE "private"."testimonials"."userId" IN ($1) OFFSET $2 -- params: [1,0] -- duration: 5ms
2025-10-01 11:58:11 [INFO]: [QUERY] SELECT "private"."orders"."id", "private"."orders"."amount", "private"."orders"."status", "private"."orders"."createdAt", "private"."orders"."updatedAt", "private"."orders"."userId" FROM "private"."orders" WHERE "private"."orders"."userId" IN ($1) OFFSET $2 -- params: [1,0] -- duration: 3ms
2025-10-01 11:59:39 [INFO]: [INFO] Starting a postgresql pool with 5 connections.
2025-10-01 11:59:39 [INFO]: [QUERY] SELECT "private"."users"."id", "private"."users"."fullname", "private"."users"."email", "private"."users"."password", "private"."users"."role", "private"."users"."status" FROM "private"."users" WHERE ("private"."users"."email" = $1 AND 1=1) LIMIT $2 OFFSET $3 -- params: ["admin@gmail.com",1,0] -- duration: 3ms
2025-10-01 11:59:39 [INFO]: [QUERY] SELECT "private"."contacts"."id", "private"."contacts"."contact", "private"."contacts"."description", "private"."contacts"."createdAt", "private"."contacts"."updatedAt", "private"."contacts"."userId" FROM "private"."contacts" WHERE "private"."contacts"."userId" IN ($1) OFFSET $2 -- params: [1,0] -- duration: 1ms
2025-10-01 11:59:39 [INFO]: [QUERY] SELECT "private"."testimonials"."id", "private"."testimonials"."content", "private"."testimonials"."rating", "private"."testimonials"."createdAt", "private"."testimonials"."updatedAt", "private"."testimonials"."userId" FROM "private"."testimonials" WHERE "private"."testimonials"."userId" IN ($1) OFFSET $2 -- params: [1,0] -- duration: 2ms
2025-10-01 11:59:39 [INFO]: [QUERY] SELECT "private"."orders"."id", "private"."orders"."amount", "private"."orders"."status", "private"."orders"."createdAt", "private"."orders"."updatedAt", "private"."orders"."userId" FROM "private"."orders" WHERE "private"."orders"."userId" IN ($1) OFFSET $2 -- params: [1,0] -- duration: 3ms
2025-10-01 11:59:49 [INFO]: [QUERY] SELECT "private"."users"."id", "private"."users"."fullname", "private"."users"."email", "private"."users"."role", "private"."users"."status" FROM "private"."users" WHERE ("private"."users"."id" = $1 AND 1=1) LIMIT $2 OFFSET $3 -- params: [1,1,0] -- duration: 1ms
2025-10-01 11:59:49 [INFO]: [QUERY] SELECT "private"."contacts"."id", "private"."contacts"."contact", "private"."contacts"."description", "private"."contacts"."createdAt", "private"."contacts"."updatedAt", "private"."contacts"."userId" FROM "private"."contacts" WHERE "private"."contacts"."userId" IN ($1) OFFSET $2 -- params: [1,0] -- duration: 0ms
2025-10-01 11:59:49 [INFO]: [QUERY] SELECT "private"."testimonials"."id", "private"."testimonials"."content", "private"."testimonials"."rating", "private"."testimonials"."createdAt", "private"."testimonials"."updatedAt", "private"."testimonials"."userId" FROM "private"."testimonials" WHERE "private"."testimonials"."userId" IN ($1) OFFSET $2 -- params: [1,0] -- duration: 0ms
2025-10-01 11:59:49 [INFO]: [QUERY] SELECT "private"."orders"."id", "private"."orders"."amount", "private"."orders"."status", "private"."orders"."createdAt", "private"."orders"."updatedAt", "private"."orders"."userId" FROM "private"."orders" WHERE "private"."orders"."userId" IN ($1) OFFSET $2 -- params: [1,0] -- duration: 0ms
2025-10-01 12:01:36 [INFO]: [INFO] Starting a postgresql pool with 5 connections.
2025-10-01 12:01:36 [INFO]: [QUERY] SELECT "private"."users"."id", "private"."users"."fullname", "private"."users"."email", "private"."users"."role", "private"."users"."status" FROM "private"."users" WHERE ("private"."users"."id" = $1 AND 1=1) LIMIT $2 OFFSET $3 -- params: [1,1,0] -- duration: 2ms
2025-10-01 12:01:36 [INFO]: [QUERY] SELECT "private"."contacts"."id", "private"."contacts"."contact", "private"."contacts"."description", "private"."contacts"."createdAt", "private"."contacts"."updatedAt", "private"."contacts"."userId" FROM "private"."contacts" WHERE "private"."contacts"."userId" IN ($1) OFFSET $2 -- params: [1,0] -- duration: 1ms
2025-10-01 12:01:36 [INFO]: [QUERY] SELECT "private"."testimonials"."id", "private"."testimonials"."content", "private"."testimonials"."rating", "private"."testimonials"."createdAt", "private"."testimonials"."updatedAt", "private"."testimonials"."userId" FROM "private"."testimonials" WHERE "private"."testimonials"."userId" IN ($1) OFFSET $2 -- params: [1,0] -- duration: 1ms
2025-10-01 12:01:36 [INFO]: [QUERY] SELECT "private"."orders"."id", "private"."orders"."amount", "private"."orders"."status", "private"."orders"."createdAt", "private"."orders"."updatedAt", "private"."orders"."userId" FROM "private"."orders" WHERE "private"."orders"."userId" IN ($1) OFFSET $2 -- params: [1,0] -- duration: 1ms
2025-10-01 12:02:08 [INFO]: [INFO] Starting a postgresql pool with 5 connections.
2025-10-01 12:02:09 [INFO]: [QUERY] SELECT "private"."users"."id", "private"."users"."fullname", "private"."users"."email", "private"."users"."role", "private"."users"."status" FROM "private"."users" WHERE ("private"."users"."id" = $1 AND 1=1) LIMIT $2 OFFSET $3 -- params: [1,1,0] -- duration: 2ms
2025-10-01 12:02:09 [INFO]: [QUERY] SELECT "private"."contacts"."id", "private"."contacts"."contact", "private"."contacts"."description", "private"."contacts"."createdAt", "private"."contacts"."updatedAt", "private"."contacts"."userId" FROM "private"."contacts" WHERE "private"."contacts"."userId" IN ($1) OFFSET $2 -- params: [1,0] -- duration: 1ms
2025-10-01 12:02:09 [INFO]: [QUERY] SELECT "private"."testimonials"."id", "private"."testimonials"."content", "private"."testimonials"."rating", "private"."testimonials"."createdAt", "private"."testimonials"."updatedAt", "private"."testimonials"."userId" FROM "private"."testimonials" WHERE "private"."testimonials"."userId" IN ($1) OFFSET $2 -- params: [1,0] -- duration: 1ms
2025-10-01 12:02:09 [INFO]: [QUERY] SELECT "private"."orders"."id", "private"."orders"."amount", "private"."orders"."status", "private"."orders"."createdAt", "private"."orders"."updatedAt", "private"."orders"."userId" FROM "private"."orders" WHERE "private"."orders"."userId" IN ($1) OFFSET $2 -- params: [1,0] -- duration: 2ms
2025-10-01 12:03:16 [INFO]: [INFO] Starting a postgresql pool with 5 connections.
2025-10-01 12:03:16 [INFO]: [QUERY] SELECT "private"."users"."id", "private"."users"."fullname", "private"."users"."email", "private"."users"."role", "private"."users"."status" FROM "private"."users" WHERE ("private"."users"."id" = $1 AND 1=1) LIMIT $2 OFFSET $3 -- params: [1,1,0] -- duration: 2ms
2025-10-01 12:03:16 [INFO]: [QUERY] SELECT "private"."contacts"."id", "private"."contacts"."contact", "private"."contacts"."description", "private"."contacts"."createdAt", "private"."contacts"."updatedAt", "private"."contacts"."userId" FROM "private"."contacts" WHERE "private"."contacts"."userId" IN ($1) OFFSET $2 -- params: [1,0] -- duration: 1ms
2025-10-01 12:03:16 [INFO]: [QUERY] SELECT "private"."testimonials"."id", "private"."testimonials"."content", "private"."testimonials"."rating", "private"."testimonials"."createdAt", "private"."testimonials"."updatedAt", "private"."testimonials"."userId" FROM "private"."testimonials" WHERE "private"."testimonials"."userId" IN ($1) OFFSET $2 -- params: [1,0] -- duration: 1ms
2025-10-01 12:03:16 [INFO]: [QUERY] SELECT "private"."orders"."id", "private"."orders"."amount", "private"."orders"."status", "private"."orders"."createdAt", "private"."orders"."updatedAt", "private"."orders"."userId" FROM "private"."orders" WHERE "private"."orders"."userId" IN ($1) OFFSET $2 -- params: [1,0] -- duration: 1ms
2025-10-01 12:03:16 [INFO]: Invalid encrypted key or hash
2025-10-01 12:04:04 [INFO]: [INFO] Starting a postgresql pool with 5 connections.
2025-10-01 12:04:04 [INFO]: [QUERY] SELECT "private"."users"."id", "private"."users"."fullname", "private"."users"."email", "private"."users"."role", "private"."users"."status" FROM "private"."users" WHERE ("private"."users"."id" = $1 AND 1=1) LIMIT $2 OFFSET $3 -- params: [1,1,0] -- duration: 5ms
2025-10-01 12:04:04 [INFO]: [QUERY] SELECT "private"."contacts"."id", "private"."contacts"."contact", "private"."contacts"."description", "private"."contacts"."createdAt", "private"."contacts"."updatedAt", "private"."contacts"."userId" FROM "private"."contacts" WHERE "private"."contacts"."userId" IN ($1) OFFSET $2 -- params: [1,0] -- duration: 5ms
2025-10-01 12:04:04 [INFO]: [QUERY] SELECT "private"."testimonials"."id", "private"."testimonials"."content", "private"."testimonials"."rating", "private"."testimonials"."createdAt", "private"."testimonials"."updatedAt", "private"."testimonials"."userId" FROM "private"."testimonials" WHERE "private"."testimonials"."userId" IN ($1) OFFSET $2 -- params: [1,0] -- duration: 6ms
2025-10-01 12:04:04 [INFO]: [QUERY] SELECT "private"."orders"."id", "private"."orders"."amount", "private"."orders"."status", "private"."orders"."createdAt", "private"."orders"."updatedAt", "private"."orders"."userId" FROM "private"."orders" WHERE "private"."orders"."userId" IN ($1) OFFSET $2 -- params: [1,0] -- duration: 2ms
2025-10-01 12:04:04 [INFO]: Invalid encrypted key or hash
2025-10-01 12:05:44 [INFO]: [INFO] Starting a postgresql pool with 5 connections.
2025-10-01 12:05:44 [INFO]: [QUERY] SELECT "private"."users"."id", "private"."users"."fullname", "private"."users"."email", "private"."users"."role", "private"."users"."status" FROM "private"."users" WHERE ("private"."users"."id" = $1 AND 1=1) LIMIT $2 OFFSET $3 -- params: [1,1,0] -- duration: 2ms
2025-10-01 12:05:44 [INFO]: [QUERY] SELECT "private"."contacts"."id", "private"."contacts"."contact", "private"."contacts"."description", "private"."contacts"."createdAt", "private"."contacts"."updatedAt", "private"."contacts"."userId" FROM "private"."contacts" WHERE "private"."contacts"."userId" IN ($1) OFFSET $2 -- params: [1,0] -- duration: 1ms
2025-10-01 12:05:44 [INFO]: [QUERY] SELECT "private"."testimonials"."id", "private"."testimonials"."content", "private"."testimonials"."rating", "private"."testimonials"."createdAt", "private"."testimonials"."updatedAt", "private"."testimonials"."userId" FROM "private"."testimonials" WHERE "private"."testimonials"."userId" IN ($1) OFFSET $2 -- params: [1,0] -- duration: 1ms
2025-10-01 12:05:44 [INFO]: [QUERY] SELECT "private"."orders"."id", "private"."orders"."amount", "private"."orders"."status", "private"."orders"."createdAt", "private"."orders"."updatedAt", "private"."orders"."userId" FROM "private"."orders" WHERE "private"."orders"."userId" IN ($1) OFFSET $2 -- params: [1,0] -- duration: 2ms
2025-10-01 12:07:20 [INFO]: [INFO] Starting a postgresql pool with 5 connections.
2025-10-01 12:07:21 [INFO]: [QUERY] SELECT "private"."users"."id", "private"."users"."fullname", "private"."users"."email", "private"."users"."role", "private"."users"."status" FROM "private"."users" WHERE ("private"."users"."id" = $1 AND 1=1) LIMIT $2 OFFSET $3 -- params: [1,1,0] -- duration: 1ms
2025-10-01 12:07:21 [INFO]: [QUERY] SELECT "private"."contacts"."id", "private"."contacts"."contact", "private"."contacts"."description", "private"."contacts"."createdAt", "private"."contacts"."updatedAt", "private"."contacts"."userId" FROM "private"."contacts" WHERE "private"."contacts"."userId" IN ($1) OFFSET $2 -- params: [1,0] -- duration: 1ms
2025-10-01 12:07:21 [INFO]: [QUERY] SELECT "private"."testimonials"."id", "private"."testimonials"."content", "private"."testimonials"."rating", "private"."testimonials"."createdAt", "private"."testimonials"."updatedAt", "private"."testimonials"."userId" FROM "private"."testimonials" WHERE "private"."testimonials"."userId" IN ($1) OFFSET $2 -- params: [1,0] -- duration: 1ms
2025-10-01 12:07:21 [INFO]: [QUERY] SELECT "private"."orders"."id", "private"."orders"."amount", "private"."orders"."status", "private"."orders"."createdAt", "private"."orders"."updatedAt", "private"."orders"."userId" FROM "private"."orders" WHERE "private"."orders"."userId" IN ($1) OFFSET $2 -- params: [1,0] -- duration: 1ms
2025-10-01 12:12:44 [INFO]: [INFO] Starting a postgresql pool with 5 connections.
2025-10-01 12:12:44 [INFO]: [QUERY] SELECT "private"."users"."id", "private"."users"."fullname", "private"."users"."email", "private"."users"."role", "private"."users"."status" FROM "private"."users" WHERE ("private"."users"."id" = $1 AND 1=1) LIMIT $2 OFFSET $3 -- params: [1,1,0] -- duration: 2ms
2025-10-01 12:12:44 [INFO]: [QUERY] SELECT "private"."contacts"."id", "private"."contacts"."contact", "private"."contacts"."description", "private"."contacts"."createdAt", "private"."contacts"."updatedAt", "private"."contacts"."userId" FROM "private"."contacts" WHERE "private"."contacts"."userId" IN ($1) OFFSET $2 -- params: [1,0] -- duration: 1ms
2025-10-01 12:12:44 [INFO]: [QUERY] SELECT "private"."testimonials"."id", "private"."testimonials"."content", "private"."testimonials"."rating", "private"."testimonials"."createdAt", "private"."testimonials"."updatedAt", "private"."testimonials"."userId" FROM "private"."testimonials" WHERE "private"."testimonials"."userId" IN ($1) OFFSET $2 -- params: [1,0] -- duration: 1ms
2025-10-01 12:12:44 [INFO]: [QUERY] SELECT "private"."orders"."id", "private"."orders"."amount", "private"."orders"."status", "private"."orders"."createdAt", "private"."orders"."updatedAt", "private"."orders"."userId" FROM "private"."orders" WHERE "private"."orders"."userId" IN ($1) OFFSET $2 -- params: [1,0] -- duration: 1ms
2025-10-01 12:12:44 [ERROR]: [ERROR] 
Invalid `prisma.licensesKey.create()` invocation:

{
  data: {
    id: undefined,
    encryptedKey: "ae82dd1cdcbd3e0891f108ef7d42567a:0c5692ba2fe36d25d433bec7f289c271901bbab79eeed8900a159c743ae747ba",
    activationLimit: "1",
    status: "1",
    soldAt: undefined,
    plainText: "N278B-XYWJH-QCM3V-R82CW-CPRW6",
    productId: [],
    supplierId: [],
+   keyHash: String
  },
  select: {
    id: true,
    encryptedKey: true,
    keyHash: true,
    plainText: true,
    activationLimit: true,
    status: true,
    soldAt: true,
    productId: true
  }
}

Argument `keyHash` is missing.
2025-10-01 12:15:27 [INFO]: [INFO] Starting a postgresql pool with 5 connections.
2025-10-01 12:15:28 [INFO]: [QUERY] SELECT "private"."users"."id", "private"."users"."fullname", "private"."users"."email", "private"."users"."role", "private"."users"."status" FROM "private"."users" WHERE ("private"."users"."id" = $1 AND 1=1) LIMIT $2 OFFSET $3 -- params: [1,1,0] -- duration: 3ms
2025-10-01 12:15:28 [INFO]: [QUERY] SELECT "private"."contacts"."id", "private"."contacts"."contact", "private"."contacts"."description", "private"."contacts"."createdAt", "private"."contacts"."updatedAt", "private"."contacts"."userId" FROM "private"."contacts" WHERE "private"."contacts"."userId" IN ($1) OFFSET $2 -- params: [1,0] -- duration: 1ms
2025-10-01 12:15:28 [INFO]: [QUERY] SELECT "private"."testimonials"."id", "private"."testimonials"."content", "private"."testimonials"."rating", "private"."testimonials"."createdAt", "private"."testimonials"."updatedAt", "private"."testimonials"."userId" FROM "private"."testimonials" WHERE "private"."testimonials"."userId" IN ($1) OFFSET $2 -- params: [1,0] -- duration: 1ms
2025-10-01 12:15:28 [INFO]: [QUERY] SELECT "private"."orders"."id", "private"."orders"."amount", "private"."orders"."status", "private"."orders"."createdAt", "private"."orders"."updatedAt", "private"."orders"."userId" FROM "private"."orders" WHERE "private"."orders"."userId" IN ($1) OFFSET $2 -- params: [1,0] -- duration: 1ms
2025-10-01 12:15:28 [ERROR]: [ERROR] 
Invalid `prisma.licensesKey.create()` invocation:

{
  data: {
    id: undefined,
    encryptedKey: "e5ca78cdfac392ce55a50adad7496bd7:aaf8ddd02dd3f3207e7ed1e04556606e26acf520157fac13e14548c07216838e",
    keyHash: "b509111e06d5336e75c77e1eefb5316cafe9c3c8e2708e5ca55f444a84d2c318",
    activationLimit: "1",
                     ~~~
    status: "1",
    soldAt: undefined,
    plainText: "N278B-XYWJH-QCM3V-R82CW-CPRW6",
    productId: [],
    supplierId: []
  },
  select: {
    id: true,
    encryptedKey: true,
    keyHash: true,
    plainText: true,
    activationLimit: true,
    status: true,
    soldAt: true,
    productId: true
  }
}

Argument `activationLimit`: Invalid value provided. Expected Int, provided String.
2025-10-01 12:16:00 [INFO]: [INFO] Starting a postgresql pool with 5 connections.
2025-10-01 12:16:00 [INFO]: [QUERY] SELECT "private"."users"."id", "private"."users"."fullname", "private"."users"."email", "private"."users"."role", "private"."users"."status" FROM "private"."users" WHERE ("private"."users"."id" = $1 AND 1=1) LIMIT $2 OFFSET $3 -- params: [1,1,0] -- duration: 2ms
2025-10-01 12:16:00 [INFO]: [QUERY] SELECT "private"."contacts"."id", "private"."contacts"."contact", "private"."contacts"."description", "private"."contacts"."createdAt", "private"."contacts"."updatedAt", "private"."contacts"."userId" FROM "private"."contacts" WHERE "private"."contacts"."userId" IN ($1) OFFSET $2 -- params: [1,0] -- duration: 1ms
2025-10-01 12:16:00 [INFO]: [QUERY] SELECT "private"."testimonials"."id", "private"."testimonials"."content", "private"."testimonials"."rating", "private"."testimonials"."createdAt", "private"."testimonials"."updatedAt", "private"."testimonials"."userId" FROM "private"."testimonials" WHERE "private"."testimonials"."userId" IN ($1) OFFSET $2 -- params: [1,0] -- duration: 1ms
2025-10-01 12:16:00 [INFO]: [QUERY] SELECT "private"."orders"."id", "private"."orders"."amount", "private"."orders"."status", "private"."orders"."createdAt", "private"."orders"."updatedAt", "private"."orders"."userId" FROM "private"."orders" WHERE "private"."orders"."userId" IN ($1) OFFSET $2 -- params: [1,0] -- duration: 2ms
2025-10-01 12:16:00 [ERROR]: [ERROR] 
Invalid `prisma.licensesKey.create()` invocation:

{
  data: {
    id: undefined,
    encryptedKey: "187067c7f1f8a415282e12b27b71294d:0f8b6557b87de0c79314aebbc998947db540efe7647ea7fdd93056d2b9d1ad80",
    keyHash: "b509111e06d5336e75c77e1eefb5316cafe9c3c8e2708e5ca55f444a84d2c318",
    activationLimit: 1,
    status: "1",
            ~~~
    soldAt: undefined,
    plainText: "N278B-XYWJH-QCM3V-R82CW-CPRW6",
    productId: [],
    supplierId: []
  },
  select: {
    id: true,
    encryptedKey: true,
    keyHash: true,
    plainText: true,
    activationLimit: true,
    status: true,
    soldAt: true,
    productId: true
  }
}

Argument `status`: Invalid value provided. Expected Int, provided String.
2025-10-01 12:16:13 [INFO]: [INFO] Starting a postgresql pool with 5 connections.
2025-10-01 12:16:13 [INFO]: [QUERY] SELECT "private"."users"."id", "private"."users"."fullname", "private"."users"."email", "private"."users"."role", "private"."users"."status" FROM "private"."users" WHERE ("private"."users"."id" = $1 AND 1=1) LIMIT $2 OFFSET $3 -- params: [1,1,0] -- duration: 2ms
2025-10-01 12:16:13 [INFO]: [QUERY] SELECT "private"."contacts"."id", "private"."contacts"."contact", "private"."contacts"."description", "private"."contacts"."createdAt", "private"."contacts"."updatedAt", "private"."contacts"."userId" FROM "private"."contacts" WHERE "private"."contacts"."userId" IN ($1) OFFSET $2 -- params: [1,0] -- duration: 1ms
2025-10-01 12:16:13 [INFO]: [QUERY] SELECT "private"."testimonials"."id", "private"."testimonials"."content", "private"."testimonials"."rating", "private"."testimonials"."createdAt", "private"."testimonials"."updatedAt", "private"."testimonials"."userId" FROM "private"."testimonials" WHERE "private"."testimonials"."userId" IN ($1) OFFSET $2 -- params: [1,0] -- duration: 1ms
2025-10-01 12:16:13 [INFO]: [QUERY] SELECT "private"."orders"."id", "private"."orders"."amount", "private"."orders"."status", "private"."orders"."createdAt", "private"."orders"."updatedAt", "private"."orders"."userId" FROM "private"."orders" WHERE "private"."orders"."userId" IN ($1) OFFSET $2 -- params: [1,0] -- duration: 1ms
2025-10-01 12:16:13 [ERROR]: [ERROR] 
Invalid `prisma.licensesKey.create()` invocation:

{
  data: {
    id: undefined,
    encryptedKey: "f6787263ee68d9c2cf3c337306f58b38:b24bd49506a8e41f4b20cf958cf9882dc309e193062ff9260b8c633764465462",
    keyHash: "b509111e06d5336e75c77e1eefb5316cafe9c3c8e2708e5ca55f444a84d2c318",
    activationLimit: 1,
    status: 1,
    soldAt: undefined,
    plainText: "N278B-XYWJH-QCM3V-R82CW-CPRW6",
    ~~~~~~~~~
    productId: [],
    supplierId: [],
?   createdAt?: DateTime,
?   updatedAt?: DateTime
  },
  select: {
    id: true,
    encryptedKey: true,
    keyHash: true,
    plainText: true,
    activationLimit: true,
    status: true,
    soldAt: true,
    productId: true
  }
}

Unknown argument `plainText`. Available options are marked with ?.
2025-10-01 12:17:10 [INFO]: [INFO] Starting a postgresql pool with 5 connections.
2025-10-01 12:17:11 [INFO]: [QUERY] SELECT "private"."users"."id", "private"."users"."fullname", "private"."users"."email", "private"."users"."role", "private"."users"."status" FROM "private"."users" WHERE ("private"."users"."id" = $1 AND 1=1) LIMIT $2 OFFSET $3 -- params: [1,1,0] -- duration: 2ms
2025-10-01 12:17:11 [INFO]: [QUERY] SELECT "private"."contacts"."id", "private"."contacts"."contact", "private"."contacts"."description", "private"."contacts"."createdAt", "private"."contacts"."updatedAt", "private"."contacts"."userId" FROM "private"."contacts" WHERE "private"."contacts"."userId" IN ($1) OFFSET $2 -- params: [1,0] -- duration: 1ms
2025-10-01 12:17:11 [INFO]: [QUERY] SELECT "private"."testimonials"."id", "private"."testimonials"."content", "private"."testimonials"."rating", "private"."testimonials"."createdAt", "private"."testimonials"."updatedAt", "private"."testimonials"."userId" FROM "private"."testimonials" WHERE "private"."testimonials"."userId" IN ($1) OFFSET $2 -- params: [1,0] -- duration: 1ms
2025-10-01 12:17:11 [INFO]: [QUERY] SELECT "private"."orders"."id", "private"."orders"."amount", "private"."orders"."status", "private"."orders"."createdAt", "private"."orders"."updatedAt", "private"."orders"."userId" FROM "private"."orders" WHERE "private"."orders"."userId" IN ($1) OFFSET $2 -- params: [1,0] -- duration: 2ms
2025-10-01 12:17:11 [ERROR]: [ERROR] 
Invalid `prisma.licensesKey.create()` invocation:

{
  data: {
    id: undefined,
    encryptedKey: "285edba30e6d2a5790bd6f278b66c2a3:c9cf18a41470d953d8d043ecfa7469a09f02369094a6c52585a3b076f6ea39ff",
    keyHash: "b509111e06d5336e75c77e1eefb5316cafe9c3c8e2708e5ca55f444a84d2c318",
    activationLimit: 1,
    status: 1,
    soldAt: undefined,
    plainText: "N278B-XYWJH-QCM3V-R82CW-CPRW6",
    ~~~~~~~~~
    productId: [],
    supplierId: [],
?   createdAt?: DateTime,
?   updatedAt?: DateTime
  },
  select: {
    id: true,
    encryptedKey: true,
    keyHash: true,
    activationLimit: true,
    status: true,
    soldAt: true,
    productId: true
  }
}

Unknown argument `plainText`. Available options are marked with ?.
2025-10-01 12:17:58 [INFO]: [INFO] Starting a postgresql pool with 5 connections.
2025-10-01 12:17:58 [INFO]: [QUERY] SELECT "private"."users"."id", "private"."users"."fullname", "private"."users"."email", "private"."users"."role", "private"."users"."status" FROM "private"."users" WHERE ("private"."users"."id" = $1 AND 1=1) LIMIT $2 OFFSET $3 -- params: [1,1,0] -- duration: 3ms
2025-10-01 12:17:58 [INFO]: [QUERY] SELECT "private"."contacts"."id", "private"."contacts"."contact", "private"."contacts"."description", "private"."contacts"."createdAt", "private"."contacts"."updatedAt", "private"."contacts"."userId" FROM "private"."contacts" WHERE "private"."contacts"."userId" IN ($1) OFFSET $2 -- params: [1,0] -- duration: 1ms
2025-10-01 12:17:58 [INFO]: [QUERY] SELECT "private"."testimonials"."id", "private"."testimonials"."content", "private"."testimonials"."rating", "private"."testimonials"."createdAt", "private"."testimonials"."updatedAt", "private"."testimonials"."userId" FROM "private"."testimonials" WHERE "private"."testimonials"."userId" IN ($1) OFFSET $2 -- params: [1,0] -- duration: 1ms
2025-10-01 12:17:58 [INFO]: [QUERY] SELECT "private"."orders"."id", "private"."orders"."amount", "private"."orders"."status", "private"."orders"."createdAt", "private"."orders"."updatedAt", "private"."orders"."userId" FROM "private"."orders" WHERE "private"."orders"."userId" IN ($1) OFFSET $2 -- params: [1,0] -- duration: 1ms
2025-10-01 12:17:58 [ERROR]: [ERROR] 
Invalid `prisma.licensesKey.create()` invocation:

{
  data: {
    id: undefined,
    encryptedKey: "08bc6f568467f6623722ea4d78f66615:e27c1d6d80b47de3f1c617f3497d49dd0b2c59247ec1c55b25b32fdd009b6ffe",
    keyHash: "b509111e06d5336e75c77e1eefb5316cafe9c3c8e2708e5ca55f444a84d2c318",
    activationLimit: 1,
    status: 1,
    soldAt: undefined,
    plainText: "N278B-XYWJH-QCM3V-R82CW-CPRW6",
    ~~~~~~~~~
    productId: [],
    supplierId: [],
?   createdAt?: DateTime,
?   updatedAt?: DateTime
  },
  select: {
    id: true,
    encryptedKey: true,
    keyHash: true,
    activationLimit: true,
    status: true,
    soldAt: true,
    productId: true
  }
}

Unknown argument `plainText`. Available options are marked with ?.
2025-10-01 12:19:14 [INFO]: [INFO] Starting a postgresql pool with 5 connections.
2025-10-01 12:19:14 [INFO]: [QUERY] SELECT "private"."users"."id", "private"."users"."fullname", "private"."users"."email", "private"."users"."role", "private"."users"."status" FROM "private"."users" WHERE ("private"."users"."id" = $1 AND 1=1) LIMIT $2 OFFSET $3 -- params: [1,1,0] -- duration: 1ms
2025-10-01 12:19:14 [INFO]: [QUERY] SELECT "private"."contacts"."id", "private"."contacts"."contact", "private"."contacts"."description", "private"."contacts"."createdAt", "private"."contacts"."updatedAt", "private"."contacts"."userId" FROM "private"."contacts" WHERE "private"."contacts"."userId" IN ($1) OFFSET $2 -- params: [1,0] -- duration: 1ms
2025-10-01 12:19:14 [INFO]: [QUERY] SELECT "private"."testimonials"."id", "private"."testimonials"."content", "private"."testimonials"."rating", "private"."testimonials"."createdAt", "private"."testimonials"."updatedAt", "private"."testimonials"."userId" FROM "private"."testimonials" WHERE "private"."testimonials"."userId" IN ($1) OFFSET $2 -- params: [1,0] -- duration: 1ms
2025-10-01 12:19:14 [INFO]: [QUERY] SELECT "private"."orders"."id", "private"."orders"."amount", "private"."orders"."status", "private"."orders"."createdAt", "private"."orders"."updatedAt", "private"."orders"."userId" FROM "private"."orders" WHERE "private"."orders"."userId" IN ($1) OFFSET $2 -- params: [1,0] -- duration: 2ms
2025-10-01 12:19:14 [ERROR]: [ERROR] 
Invalid `prisma.licensesKey.create()` invocation:

{
  data: {
    id: undefined,
    encryptedKey: "48792a736007e79b8badb7e73ca854fc:7dacd1d18a7ba578173407a82ea1f970ccb55f89c550615b133a8a30765b6535",
    keyHash: "b509111e06d5336e75c77e1eefb5316cafe9c3c8e2708e5ca55f444a84d2c318",
    activationLimit: 1,
    status: 1,
    soldAt: undefined,
    productId: [],
               ~~
    supplierId: []
  },
  select: {
    id: true,
    encryptedKey: true,
    keyHash: true,
    activationLimit: true,
    status: true,
    soldAt: true,
    productId: true
  }
}

Argument `productId`: Invalid value provided. Expected Int, provided ().
2025-10-01 12:22:02 [INFO]: [QUERY] SELECT 1 -- params: [] -- duration: 1ms
2025-10-01 12:22:02 [INFO]: [QUERY] SELECT "private"."users"."id", "private"."users"."fullname", "private"."users"."email", "private"."users"."role", "private"."users"."status" FROM "private"."users" WHERE ("private"."users"."id" = $1 AND 1=1) LIMIT $2 OFFSET $3 -- params: [1,1,0] -- duration: 1ms
2025-10-01 12:22:02 [INFO]: [QUERY] SELECT "private"."contacts"."id", "private"."contacts"."contact", "private"."contacts"."description", "private"."contacts"."createdAt", "private"."contacts"."updatedAt", "private"."contacts"."userId" FROM "private"."contacts" WHERE "private"."contacts"."userId" IN ($1) OFFSET $2 -- params: [1,0] -- duration: 0ms
2025-10-01 12:22:02 [INFO]: [QUERY] SELECT "private"."testimonials"."id", "private"."testimonials"."content", "private"."testimonials"."rating", "private"."testimonials"."createdAt", "private"."testimonials"."updatedAt", "private"."testimonials"."userId" FROM "private"."testimonials" WHERE "private"."testimonials"."userId" IN ($1) OFFSET $2 -- params: [1,0] -- duration: 2ms
2025-10-01 12:22:02 [INFO]: [QUERY] SELECT "private"."orders"."id", "private"."orders"."amount", "private"."orders"."status", "private"."orders"."createdAt", "private"."orders"."updatedAt", "private"."orders"."userId" FROM "private"."orders" WHERE "private"."orders"."userId" IN ($1) OFFSET $2 -- params: [1,0] -- duration: 0ms
2025-10-01 12:22:02 [ERROR]: [ERROR] 
Invalid `prisma.licensesKey.create()` invocation:

{
  data: {
    id: undefined,
    encryptedKey: "a945619cac6940146e84be50f697fbcc:cb38f59ebab5bb0dd430ed54be8f3a1ff6c447f37e2fc319bc32137911a3403d",
    keyHash: "b509111e06d5336e75c77e1eefb5316cafe9c3c8e2708e5ca55f444a84d2c318",
    activationLimit: 1,
    status: 1,
    soldAt: undefined,
    productId: [],
               ~~
    supplierId: []
  },
  select: {
    id: true,
    encryptedKey: true,
    keyHash: true,
    activationLimit: true,
    status: true,
    soldAt: true,
    productId: true
  }
}

Argument `productId`: Invalid value provided. Expected Int, provided ().
2025-10-01 12:23:39 [INFO]: [INFO] Starting a postgresql pool with 5 connections.
2025-10-01 12:23:39 [INFO]: [QUERY] SELECT "private"."users"."id", "private"."users"."fullname", "private"."users"."email", "private"."users"."role", "private"."users"."status" FROM "private"."users" WHERE ("private"."users"."id" = $1 AND 1=1) LIMIT $2 OFFSET $3 -- params: [1,1,0] -- duration: 2ms
2025-10-01 12:23:39 [INFO]: [QUERY] SELECT "private"."contacts"."id", "private"."contacts"."contact", "private"."contacts"."description", "private"."contacts"."createdAt", "private"."contacts"."updatedAt", "private"."contacts"."userId" FROM "private"."contacts" WHERE "private"."contacts"."userId" IN ($1) OFFSET $2 -- params: [1,0] -- duration: 1ms
2025-10-01 12:23:39 [INFO]: [QUERY] SELECT "private"."testimonials"."id", "private"."testimonials"."content", "private"."testimonials"."rating", "private"."testimonials"."createdAt", "private"."testimonials"."updatedAt", "private"."testimonials"."userId" FROM "private"."testimonials" WHERE "private"."testimonials"."userId" IN ($1) OFFSET $2 -- params: [1,0] -- duration: 2ms
2025-10-01 12:23:39 [INFO]: [QUERY] SELECT "private"."orders"."id", "private"."orders"."amount", "private"."orders"."status", "private"."orders"."createdAt", "private"."orders"."updatedAt", "private"."orders"."userId" FROM "private"."orders" WHERE "private"."orders"."userId" IN ($1) OFFSET $2 -- params: [1,0] -- duration: 1ms
2025-10-01 12:23:39 [ERROR]: [ERROR] 
Invalid `prisma.licensesKey.create()` invocation:

{
  data: {
    id: undefined,
    encryptedKey: "8f031a72874a8f98f97668d7efff09db:e2da4e6479c944a2ffd6122f8f1595335e79e46596210eac9a96e5b7002e64c3",
    keyHash: "b509111e06d5336e75c77e1eefb5316cafe9c3c8e2708e5ca55f444a84d2c318",
    activationLimit: 1,
    status: 1,
    soldAt: undefined,
    productId: null,
    supplierId: null,
+   product: {
+     create: ProductsCreateWithoutLicensesInput | ProductsUncheckedCreateWithoutLicensesInput,
+     connectOrCreate: ProductsCreateOrConnectWithoutLicensesInput,
+     connect: ProductsWhereUniqueInput
+   }
  },
  select: {
    id: true,
    encryptedKey: true,
    keyHash: true,
    activationLimit: true,
    status: true,
    soldAt: true,
    productId: true
  }
}

Argument `product` is missing.
2025-10-01 12:25:49 [INFO]: [INFO] Starting a postgresql pool with 5 connections.
2025-10-01 12:25:49 [INFO]: [QUERY] SELECT "private"."users"."id", "private"."users"."fullname", "private"."users"."email", "private"."users"."role", "private"."users"."status" FROM "private"."users" WHERE ("private"."users"."id" = $1 AND 1=1) LIMIT $2 OFFSET $3 -- params: [1,1,0] -- duration: 1ms
2025-10-01 12:25:49 [INFO]: [QUERY] SELECT "private"."contacts"."id", "private"."contacts"."contact", "private"."contacts"."description", "private"."contacts"."createdAt", "private"."contacts"."updatedAt", "private"."contacts"."userId" FROM "private"."contacts" WHERE "private"."contacts"."userId" IN ($1) OFFSET $2 -- params: [1,0] -- duration: 1ms
2025-10-01 12:25:49 [INFO]: [QUERY] SELECT "private"."testimonials"."id", "private"."testimonials"."content", "private"."testimonials"."rating", "private"."testimonials"."createdAt", "private"."testimonials"."updatedAt", "private"."testimonials"."userId" FROM "private"."testimonials" WHERE "private"."testimonials"."userId" IN ($1) OFFSET $2 -- params: [1,0] -- duration: 2ms
2025-10-01 12:25:49 [INFO]: [QUERY] SELECT "private"."orders"."id", "private"."orders"."amount", "private"."orders"."status", "private"."orders"."createdAt", "private"."orders"."updatedAt", "private"."orders"."userId" FROM "private"."orders" WHERE "private"."orders"."userId" IN ($1) OFFSET $2 -- params: [1,0] -- duration: 2ms
2025-10-01 12:25:49 [ERROR]: [ERROR] 
Invalid `prisma.licensesKey.create()` invocation:

{
  data: {
    id: undefined,
    encryptedKey: "b1ce96617655deb43c7cac40384dc703:2c8b7b57603c5b2310674ce03681a64fb08e2a3603e8df3ec160103cb50c5e0a",
    keyHash: "b509111e06d5336e75c77e1eefb5316cafe9c3c8e2708e5ca55f444a84d2c318",
    activationLimit: 1,
    status: 1,
    soldAt: undefined,
    productId: null,
    supplierId: null,
+   product: {
+     create: ProductsCreateWithoutLicensesInput | ProductsUncheckedCreateWithoutLicensesInput,
+     connectOrCreate: ProductsCreateOrConnectWithoutLicensesInput,
+     connect: ProductsWhereUniqueInput
+   }
  },
  select: {
    id: true,
    encryptedKey: true,
    keyHash: true,
    activationLimit: true,
    status: true,
    soldAt: true,
    productId: true
  }
}

Argument `product` is missing.
2025-10-01 12:27:15 [INFO]: [INFO] Starting a postgresql pool with 5 connections.
2025-10-01 12:27:16 [INFO]: [QUERY] SELECT "private"."users"."id", "private"."users"."fullname", "private"."users"."email", "private"."users"."role", "private"."users"."status" FROM "private"."users" WHERE ("private"."users"."id" = $1 AND 1=1) LIMIT $2 OFFSET $3 -- params: [1,1,0] -- duration: 1ms
2025-10-01 12:27:16 [INFO]: [QUERY] SELECT "private"."contacts"."id", "private"."contacts"."contact", "private"."contacts"."description", "private"."contacts"."createdAt", "private"."contacts"."updatedAt", "private"."contacts"."userId" FROM "private"."contacts" WHERE "private"."contacts"."userId" IN ($1) OFFSET $2 -- params: [1,0] -- duration: 1ms
2025-10-01 12:27:16 [INFO]: [QUERY] SELECT "private"."testimonials"."id", "private"."testimonials"."content", "private"."testimonials"."rating", "private"."testimonials"."createdAt", "private"."testimonials"."updatedAt", "private"."testimonials"."userId" FROM "private"."testimonials" WHERE "private"."testimonials"."userId" IN ($1) OFFSET $2 -- params: [1,0] -- duration: 1ms
2025-10-01 12:27:16 [INFO]: [QUERY] SELECT "private"."orders"."id", "private"."orders"."amount", "private"."orders"."status", "private"."orders"."createdAt", "private"."orders"."updatedAt", "private"."orders"."userId" FROM "private"."orders" WHERE "private"."orders"."userId" IN ($1) OFFSET $2 -- params: [1,0] -- duration: 1ms
2025-10-01 12:27:16 [ERROR]: [ERROR] 
Invalid `prisma.licensesKey.create()` invocation:

{
  data: {
    id: undefined,
    encryptedKey: "50701bcc37494e24d36c0d96a188fa5d:1043b3397bfedd51dd68253e8071567e2f660a9a3e5c814443c51cc49bd527d0",
    keyHash: "b509111e06d5336e75c77e1eefb5316cafe9c3c8e2708e5ca55f444a84d2c318",
    activationLimit: 1,
    status: 1,
    soldAt: undefined,
    productId: "1",
               ~~~
    supplierId: null
  },
  select: {
    id: true,
    encryptedKey: true,
    keyHash: true,
    activationLimit: true,
    status: true,
    soldAt: true,
    productId: true
  }
}

Argument `productId`: Invalid value provided. Expected Int, provided String.
2025-10-01 12:27:55 [INFO]: [INFO] Starting a postgresql pool with 5 connections.
2025-10-01 12:27:55 [INFO]: [QUERY] SELECT "private"."users"."id", "private"."users"."fullname", "private"."users"."email", "private"."users"."role", "private"."users"."status" FROM "private"."users" WHERE ("private"."users"."id" = $1 AND 1=1) LIMIT $2 OFFSET $3 -- params: [1,1,0] -- duration: 1ms
2025-10-01 12:27:55 [INFO]: [QUERY] SELECT "private"."contacts"."id", "private"."contacts"."contact", "private"."contacts"."description", "private"."contacts"."createdAt", "private"."contacts"."updatedAt", "private"."contacts"."userId" FROM "private"."contacts" WHERE "private"."contacts"."userId" IN ($1) OFFSET $2 -- params: [1,0] -- duration: 2ms
2025-10-01 12:27:55 [INFO]: [QUERY] SELECT "private"."testimonials"."id", "private"."testimonials"."content", "private"."testimonials"."rating", "private"."testimonials"."createdAt", "private"."testimonials"."updatedAt", "private"."testimonials"."userId" FROM "private"."testimonials" WHERE "private"."testimonials"."userId" IN ($1) OFFSET $2 -- params: [1,0] -- duration: 2ms
2025-10-01 12:27:55 [INFO]: [QUERY] SELECT "private"."orders"."id", "private"."orders"."amount", "private"."orders"."status", "private"."orders"."createdAt", "private"."orders"."updatedAt", "private"."orders"."userId" FROM "private"."orders" WHERE "private"."orders"."userId" IN ($1) OFFSET $2 -- params: [1,0] -- duration: 2ms
2025-10-01 12:27:55 [INFO]: [QUERY] INSERT INTO "private"."licenses_key" ("encryptedKey","keyHash","activationLimit","status","createdAt","updatedAt","productId","supplierId") VALUES ($1,$2,$3,$4,$5,$6,$7,$8) RETURNING "private"."licenses_key"."id", "private"."licenses_key"."encryptedKey", "private"."licenses_key"."keyHash", "private"."licenses_key"."activationLimit", "private"."licenses_key"."status", "private"."licenses_key"."soldAt", "private"."licenses_key"."productId" -- params: ["6b1b9bc1fcd27a3810f3903f64ad6fc3:a0478601632fa6e7f8c474d2d74d344dc18c72b02f7d75f23ad897af699cd9ab","b509111e06d5336e75c77e1eefb5316cafe9c3c8e2708e5ca55f444a84d2c318",1,1,"2025-10-01 05:27:55.532 UTC","2025-10-01 05:27:55.532 UTC",1,null] -- duration: 40ms
2025-10-01 12:29:44 [INFO]: [INFO] Starting a postgresql pool with 5 connections.
2025-10-01 12:29:44 [INFO]: [QUERY] SELECT "private"."users"."id", "private"."users"."fullname", "private"."users"."email", "private"."users"."role", "private"."users"."status" FROM "private"."users" WHERE ("private"."users"."id" = $1 AND 1=1) LIMIT $2 OFFSET $3 -- params: [1,1,0] -- duration: 1ms
2025-10-01 12:29:44 [INFO]: [QUERY] SELECT "private"."contacts"."id", "private"."contacts"."contact", "private"."contacts"."description", "private"."contacts"."createdAt", "private"."contacts"."updatedAt", "private"."contacts"."userId" FROM "private"."contacts" WHERE "private"."contacts"."userId" IN ($1) OFFSET $2 -- params: [1,0] -- duration: 2ms
2025-10-01 12:29:44 [INFO]: [QUERY] SELECT "private"."testimonials"."id", "private"."testimonials"."content", "private"."testimonials"."rating", "private"."testimonials"."createdAt", "private"."testimonials"."updatedAt", "private"."testimonials"."userId" FROM "private"."testimonials" WHERE "private"."testimonials"."userId" IN ($1) OFFSET $2 -- params: [1,0] -- duration: 2ms
2025-10-01 12:29:44 [INFO]: [QUERY] SELECT "private"."orders"."id", "private"."orders"."amount", "private"."orders"."status", "private"."orders"."createdAt", "private"."orders"."updatedAt", "private"."orders"."userId" FROM "private"."orders" WHERE "private"."orders"."userId" IN ($1) OFFSET $2 -- params: [1,0] -- duration: 2ms
2025-10-01 12:29:44 [ERROR]: [ERROR] 
Invalid `prisma.licensesKey.create()` invocation:

{
  data: {
    id: undefined,
    encryptedKey: "cfd440002bfaa06b0c334e5b75143a41:f51debd6f1ee47fdae0c803eeb0e99475d5189da3e60d4b2a0ad85ae9c5b2db1",
    keyHash: "b509111e06d5336e75c77e1eefb5316cafe9c3c8e2708e5ca55f444a84d2c318",
    activationLimit: 1,
    status: 1,
    soldAt: undefined,
    productId: 1,
    supplierId: []
                ~~
  },
  select: {
    id: true,
    encryptedKey: true,
    keyHash: true,
    activationLimit: true,
    status: true,
    soldAt: true,
    productId: true
  }
}

Argument `supplierId`: Invalid value provided. Expected Int or Null, provided ().
2025-10-01 12:30:34 [INFO]: [INFO] Starting a postgresql pool with 5 connections.
2025-10-01 12:30:35 [INFO]: [QUERY] SELECT "private"."users"."id", "private"."users"."fullname", "private"."users"."email", "private"."users"."role", "private"."users"."status" FROM "private"."users" WHERE ("private"."users"."id" = $1 AND 1=1) LIMIT $2 OFFSET $3 -- params: [1,1,0] -- duration: 3ms
2025-10-01 12:30:35 [INFO]: [QUERY] SELECT "private"."contacts"."id", "private"."contacts"."contact", "private"."contacts"."description", "private"."contacts"."createdAt", "private"."contacts"."updatedAt", "private"."contacts"."userId" FROM "private"."contacts" WHERE "private"."contacts"."userId" IN ($1) OFFSET $2 -- params: [1,0] -- duration: 1ms
2025-10-01 12:30:35 [INFO]: [QUERY] SELECT "private"."testimonials"."id", "private"."testimonials"."content", "private"."testimonials"."rating", "private"."testimonials"."createdAt", "private"."testimonials"."updatedAt", "private"."testimonials"."userId" FROM "private"."testimonials" WHERE "private"."testimonials"."userId" IN ($1) OFFSET $2 -- params: [1,0] -- duration: 2ms
2025-10-01 12:30:35 [INFO]: [QUERY] SELECT "private"."orders"."id", "private"."orders"."amount", "private"."orders"."status", "private"."orders"."createdAt", "private"."orders"."updatedAt", "private"."orders"."userId" FROM "private"."orders" WHERE "private"."orders"."userId" IN ($1) OFFSET $2 -- params: [1,0] -- duration: 1ms
2025-10-01 12:30:35 [ERROR]: [ERROR] 
Invalid `prisma.licensesKey.create()` invocation:

{
  data: {
    id: undefined,
    encryptedKey: "dc9a285f01ee9f0d878c60c57f69b63d:55c05371bb0fc846404640fd3bc7a06dd0c0fbd06a0652ccb7a692e8b196ef22",
    keyHash: "b509111e06d5336e75c77e1eefb5316cafe9c3c8e2708e5ca55f444a84d2c318",
    activationLimit: 1,
    status: 1,
    soldAt: undefined,
    productId: 1,
    supplierId: []
                ~~
  },
  select: {
    id: true,
    encryptedKey: true,
    keyHash: true,
    activationLimit: true,
    status: true,
    soldAt: true,
    productId: true
  }
}

Argument `supplierId`: Invalid value provided. Expected Int or Null, provided ().
2025-10-01 12:30:58 [INFO]: [INFO] Starting a postgresql pool with 5 connections.
2025-10-01 12:30:58 [INFO]: [QUERY] SELECT "private"."users"."id", "private"."users"."fullname", "private"."users"."email", "private"."users"."role", "private"."users"."status" FROM "private"."users" WHERE ("private"."users"."id" = $1 AND 1=1) LIMIT $2 OFFSET $3 -- params: [1,1,0] -- duration: 3ms
2025-10-01 12:30:58 [INFO]: [QUERY] SELECT "private"."contacts"."id", "private"."contacts"."contact", "private"."contacts"."description", "private"."contacts"."createdAt", "private"."contacts"."updatedAt", "private"."contacts"."userId" FROM "private"."contacts" WHERE "private"."contacts"."userId" IN ($1) OFFSET $2 -- params: [1,0] -- duration: 1ms
2025-10-01 12:30:58 [INFO]: [QUERY] SELECT "private"."testimonials"."id", "private"."testimonials"."content", "private"."testimonials"."rating", "private"."testimonials"."createdAt", "private"."testimonials"."updatedAt", "private"."testimonials"."userId" FROM "private"."testimonials" WHERE "private"."testimonials"."userId" IN ($1) OFFSET $2 -- params: [1,0] -- duration: 3ms
2025-10-01 12:30:58 [INFO]: [QUERY] SELECT "private"."orders"."id", "private"."orders"."amount", "private"."orders"."status", "private"."orders"."createdAt", "private"."orders"."updatedAt", "private"."orders"."userId" FROM "private"."orders" WHERE "private"."orders"."userId" IN ($1) OFFSET $2 -- params: [1,0] -- duration: 1ms
2025-10-01 12:30:58 [INFO]: [QUERY] INSERT INTO "private"."licenses_key" ("encryptedKey","keyHash","activationLimit","status","createdAt","updatedAt","productId","supplierId") VALUES ($1,$2,$3,$4,$5,$6,$7,$8) RETURNING "private"."licenses_key"."id", "private"."licenses_key"."encryptedKey", "private"."licenses_key"."keyHash", "private"."licenses_key"."activationLimit", "private"."licenses_key"."status", "private"."licenses_key"."soldAt", "private"."licenses_key"."productId" -- params: ["80ad3a83083a0dba5468628afc49a720:163426c72fd4accf53844629b5714cd11d50ff228853fac4827c0e78b43caae2","b509111e06d5336e75c77e1eefb5316cafe9c3c8e2708e5ca55f444a84d2c318",1,1,"2025-10-01 05:30:58.474 UTC","2025-10-01 05:30:58.474 UTC",1,null] -- duration: 31ms
2025-10-01 12:31:42 [INFO]: [INFO] Starting a postgresql pool with 5 connections.
2025-10-01 12:31:43 [INFO]: [QUERY] SELECT "private"."users"."id", "private"."users"."fullname", "private"."users"."email", "private"."users"."role", "private"."users"."status" FROM "private"."users" WHERE ("private"."users"."id" = $1 AND 1=1) LIMIT $2 OFFSET $3 -- params: [1,1,0] -- duration: 3ms
2025-10-01 12:31:43 [INFO]: [QUERY] SELECT "private"."contacts"."id", "private"."contacts"."contact", "private"."contacts"."description", "private"."contacts"."createdAt", "private"."contacts"."updatedAt", "private"."contacts"."userId" FROM "private"."contacts" WHERE "private"."contacts"."userId" IN ($1) OFFSET $2 -- params: [1,0] -- duration: 3ms
2025-10-01 12:31:43 [INFO]: [QUERY] SELECT "private"."testimonials"."id", "private"."testimonials"."content", "private"."testimonials"."rating", "private"."testimonials"."createdAt", "private"."testimonials"."updatedAt", "private"."testimonials"."userId" FROM "private"."testimonials" WHERE "private"."testimonials"."userId" IN ($1) OFFSET $2 -- params: [1,0] -- duration: 1ms
2025-10-01 12:31:43 [INFO]: [QUERY] SELECT "private"."orders"."id", "private"."orders"."amount", "private"."orders"."status", "private"."orders"."createdAt", "private"."orders"."updatedAt", "private"."orders"."userId" FROM "private"."orders" WHERE "private"."orders"."userId" IN ($1) OFFSET $2 -- params: [1,0] -- duration: 3ms
2025-10-01 12:31:43 [ERROR]: [ERROR] 
Invalid `prisma.licensesKey.create()` invocation:

{
  data: {
    id: undefined,
    encryptedKey: "8e91782b45169e91476feb9860e37202:778abafbb071d903ab2b29983288e6325c5f6ce306ac4f7038e17fb9e4c0e551",
    keyHash: "b509111e06d5336e75c77e1eefb5316cafe9c3c8e2708e5ca55f444a84d2c318",
    activationLimit: 1,
    status: 1,
    soldAt: undefined,
    productId: 1,
    ~~~~~~~~~
    supplierId: null,
    product: [],
?   createdAt?: DateTime,
?   updatedAt?: DateTime,
?   supplier?: supplierCreateNestedOneWithoutLicensesInput
  },
  select: {
    id: true,
    encryptedKey: true,
    keyHash: true,
    activationLimit: true,
    status: true,
    soldAt: true,
    productId: true
  }
}

Unknown argument `productId`. Did you mean `product`? Available options are marked with ?.
2025-10-01 12:32:21 [INFO]: [INFO] Starting a postgresql pool with 5 connections.
2025-10-01 12:32:21 [INFO]: [QUERY] SELECT "private"."users"."id", "private"."users"."fullname", "private"."users"."email", "private"."users"."role", "private"."users"."status" FROM "private"."users" WHERE ("private"."users"."id" = $1 AND 1=1) LIMIT $2 OFFSET $3 -- params: [1,1,0] -- duration: 2ms
2025-10-01 12:32:21 [INFO]: [QUERY] SELECT "private"."contacts"."id", "private"."contacts"."contact", "private"."contacts"."description", "private"."contacts"."createdAt", "private"."contacts"."updatedAt", "private"."contacts"."userId" FROM "private"."contacts" WHERE "private"."contacts"."userId" IN ($1) OFFSET $2 -- params: [1,0] -- duration: 2ms
2025-10-01 12:32:21 [INFO]: [QUERY] SELECT "private"."testimonials"."id", "private"."testimonials"."content", "private"."testimonials"."rating", "private"."testimonials"."createdAt", "private"."testimonials"."updatedAt", "private"."testimonials"."userId" FROM "private"."testimonials" WHERE "private"."testimonials"."userId" IN ($1) OFFSET $2 -- params: [1,0] -- duration: 1ms
2025-10-01 12:32:21 [INFO]: [QUERY] SELECT "private"."orders"."id", "private"."orders"."amount", "private"."orders"."status", "private"."orders"."createdAt", "private"."orders"."updatedAt", "private"."orders"."userId" FROM "private"."orders" WHERE "private"."orders"."userId" IN ($1) OFFSET $2 -- params: [1,0] -- duration: 3ms
2025-10-01 12:32:21 [INFO]: [QUERY] INSERT INTO "private"."licenses_key" ("encryptedKey","keyHash","activationLimit","status","createdAt","updatedAt","productId","supplierId") VALUES ($1,$2,$3,$4,$5,$6,$7,$8) RETURNING "private"."licenses_key"."id", "private"."licenses_key"."encryptedKey", "private"."licenses_key"."keyHash", "private"."licenses_key"."activationLimit", "private"."licenses_key"."status", "private"."licenses_key"."soldAt", "private"."licenses_key"."productId" -- params: ["98b4ac120b52867b77f2b7bb575b45ba:c8a7b6761e6e1a0018490d67ffdc065eebcb6acfc456c112546f63285ab28885","b509111e06d5336e75c77e1eefb5316cafe9c3c8e2708e5ca55f444a84d2c318",1,1,"2025-10-01 05:32:21.889 UTC","2025-10-01 05:32:21.889 UTC",1,null] -- duration: 26ms
2025-10-01 12:32:49 [INFO]: [INFO] Starting a postgresql pool with 5 connections.
2025-10-01 12:32:50 [INFO]: [QUERY] SELECT "private"."users"."id", "private"."users"."fullname", "private"."users"."email", "private"."users"."role", "private"."users"."status" FROM "private"."users" WHERE ("private"."users"."id" = $1 AND 1=1) LIMIT $2 OFFSET $3 -- params: [1,1,0] -- duration: 1ms
2025-10-01 12:32:50 [INFO]: [QUERY] SELECT "private"."contacts"."id", "private"."contacts"."contact", "private"."contacts"."description", "private"."contacts"."createdAt", "private"."contacts"."updatedAt", "private"."contacts"."userId" FROM "private"."contacts" WHERE "private"."contacts"."userId" IN ($1) OFFSET $2 -- params: [1,0] -- duration: 2ms
2025-10-01 12:32:50 [INFO]: [QUERY] SELECT "private"."testimonials"."id", "private"."testimonials"."content", "private"."testimonials"."rating", "private"."testimonials"."createdAt", "private"."testimonials"."updatedAt", "private"."testimonials"."userId" FROM "private"."testimonials" WHERE "private"."testimonials"."userId" IN ($1) OFFSET $2 -- params: [1,0] -- duration: 1ms
2025-10-01 12:32:50 [INFO]: [QUERY] SELECT "private"."orders"."id", "private"."orders"."amount", "private"."orders"."status", "private"."orders"."createdAt", "private"."orders"."updatedAt", "private"."orders"."userId" FROM "private"."orders" WHERE "private"."orders"."userId" IN ($1) OFFSET $2 -- params: [1,0] -- duration: 6ms
2025-10-01 12:32:50 [INFO]: [QUERY] INSERT INTO "private"."licenses_key" ("encryptedKey","keyHash","activationLimit","status","createdAt","updatedAt","productId","supplierId") VALUES ($1,$2,$3,$4,$5,$6,$7,$8) RETURNING "private"."licenses_key"."id", "private"."licenses_key"."encryptedKey", "private"."licenses_key"."keyHash", "private"."licenses_key"."activationLimit", "private"."licenses_key"."status", "private"."licenses_key"."soldAt", "private"."licenses_key"."productId" -- params: ["e57cf37c8930f029b50cff901f4822b5:9013991e71a528707055f35b0229caf6193370e73a3c2f906c90d65b2120df5a","b509111e06d5336e75c77e1eefb5316cafe9c3c8e2708e5ca55f444a84d2c318",1,1,"2025-10-01 05:32:50.134 UTC","2025-10-01 05:32:50.134 UTC",1,null] -- duration: 29ms
2025-10-01 12:33:36 [INFO]: [INFO] Starting a postgresql pool with 5 connections.
2025-10-01 12:33:37 [INFO]: [QUERY] SELECT "private"."users"."id", "private"."users"."fullname", "private"."users"."email", "private"."users"."role", "private"."users"."status" FROM "private"."users" WHERE ("private"."users"."id" = $1 AND 1=1) LIMIT $2 OFFSET $3 -- params: [1,1,0] -- duration: 1ms
2025-10-01 12:33:37 [INFO]: [QUERY] SELECT "private"."contacts"."id", "private"."contacts"."contact", "private"."contacts"."description", "private"."contacts"."createdAt", "private"."contacts"."updatedAt", "private"."contacts"."userId" FROM "private"."contacts" WHERE "private"."contacts"."userId" IN ($1) OFFSET $2 -- params: [1,0] -- duration: 1ms
2025-10-01 12:33:37 [INFO]: [QUERY] SELECT "private"."testimonials"."id", "private"."testimonials"."content", "private"."testimonials"."rating", "private"."testimonials"."createdAt", "private"."testimonials"."updatedAt", "private"."testimonials"."userId" FROM "private"."testimonials" WHERE "private"."testimonials"."userId" IN ($1) OFFSET $2 -- params: [1,0] -- duration: 1ms
2025-10-01 12:33:37 [INFO]: [QUERY] SELECT "private"."orders"."id", "private"."orders"."amount", "private"."orders"."status", "private"."orders"."createdAt", "private"."orders"."updatedAt", "private"."orders"."userId" FROM "private"."orders" WHERE "private"."orders"."userId" IN ($1) OFFSET $2 -- params: [1,0] -- duration: 2ms
2025-10-01 12:33:37 [INFO]: [QUERY] INSERT INTO "private"."licenses_key" ("encryptedKey","keyHash","activationLimit","status","createdAt","updatedAt","productId","supplierId") VALUES ($1,$2,$3,$4,$5,$6,$7,$8) RETURNING "private"."licenses_key"."id", "private"."licenses_key"."encryptedKey", "private"."licenses_key"."keyHash", "private"."licenses_key"."activationLimit", "private"."licenses_key"."status", "private"."licenses_key"."soldAt", "private"."licenses_key"."productId" -- params: ["ef632fb02816d02dc68e9801e0883dcc:1d1e303e9379b5d691b4cd209bfe5d77e1bed01146611fe443c6176d30622e70","b509111e06d5336e75c77e1eefb5316cafe9c3c8e2708e5ca55f444a84d2c318",1,1,"2025-10-01 05:33:37.053 UTC","2025-10-01 05:33:37.053 UTC",1,null] -- duration: 38ms
2025-10-01 12:34:06 [INFO]: [INFO] Starting a postgresql pool with 5 connections.
2025-10-01 12:34:06 [INFO]: [QUERY] SELECT "private"."users"."id", "private"."users"."fullname", "private"."users"."email", "private"."users"."role", "private"."users"."status" FROM "private"."users" WHERE ("private"."users"."id" = $1 AND 1=1) LIMIT $2 OFFSET $3 -- params: [1,1,0] -- duration: 1ms
2025-10-01 12:34:06 [INFO]: [QUERY] SELECT "private"."contacts"."id", "private"."contacts"."contact", "private"."contacts"."description", "private"."contacts"."createdAt", "private"."contacts"."updatedAt", "private"."contacts"."userId" FROM "private"."contacts" WHERE "private"."contacts"."userId" IN ($1) OFFSET $2 -- params: [1,0] -- duration: 2ms
2025-10-01 12:34:06 [INFO]: [QUERY] SELECT "private"."testimonials"."id", "private"."testimonials"."content", "private"."testimonials"."rating", "private"."testimonials"."createdAt", "private"."testimonials"."updatedAt", "private"."testimonials"."userId" FROM "private"."testimonials" WHERE "private"."testimonials"."userId" IN ($1) OFFSET $2 -- params: [1,0] -- duration: 1ms
2025-10-01 12:34:06 [INFO]: [QUERY] SELECT "private"."orders"."id", "private"."orders"."amount", "private"."orders"."status", "private"."orders"."createdAt", "private"."orders"."updatedAt", "private"."orders"."userId" FROM "private"."orders" WHERE "private"."orders"."userId" IN ($1) OFFSET $2 -- params: [1,0] -- duration: 2ms
2025-10-01 12:34:06 [INFO]: [QUERY] INSERT INTO "private"."licenses_key" ("encryptedKey","keyHash","activationLimit","status","createdAt","updatedAt","productId","supplierId") VALUES ($1,$2,$3,$4,$5,$6,$7,$8) RETURNING "private"."licenses_key"."id", "private"."licenses_key"."encryptedKey", "private"."licenses_key"."keyHash", "private"."licenses_key"."activationLimit", "private"."licenses_key"."status", "private"."licenses_key"."soldAt", "private"."licenses_key"."productId" -- params: ["0666eea45c96404512cb9389ae46c094:4b670c3461db63eea103c6e13a57a2bb6110262ef9ac1b431a7e80ad3f12192c","b509111e06d5336e75c77e1eefb5316cafe9c3c8e2708e5ca55f444a84d2c318",1,1,"2025-10-01 05:34:06.586 UTC","2025-10-01 05:34:06.586 UTC",1,null] -- duration: 31ms
2025-10-01 12:34:48 [INFO]: [INFO] Starting a postgresql pool with 5 connections.
2025-10-01 12:34:48 [INFO]: [QUERY] SELECT "private"."users"."id", "private"."users"."fullname", "private"."users"."email", "private"."users"."role", "private"."users"."status" FROM "private"."users" WHERE ("private"."users"."id" = $1 AND 1=1) LIMIT $2 OFFSET $3 -- params: [1,1,0] -- duration: 2ms
2025-10-01 12:34:48 [INFO]: [QUERY] SELECT "private"."contacts"."id", "private"."contacts"."contact", "private"."contacts"."description", "private"."contacts"."createdAt", "private"."contacts"."updatedAt", "private"."contacts"."userId" FROM "private"."contacts" WHERE "private"."contacts"."userId" IN ($1) OFFSET $2 -- params: [1,0] -- duration: 1ms
2025-10-01 12:34:48 [INFO]: [QUERY] SELECT "private"."testimonials"."id", "private"."testimonials"."content", "private"."testimonials"."rating", "private"."testimonials"."createdAt", "private"."testimonials"."updatedAt", "private"."testimonials"."userId" FROM "private"."testimonials" WHERE "private"."testimonials"."userId" IN ($1) OFFSET $2 -- params: [1,0] -- duration: 1ms
2025-10-01 12:34:48 [INFO]: [QUERY] SELECT "private"."orders"."id", "private"."orders"."amount", "private"."orders"."status", "private"."orders"."createdAt", "private"."orders"."updatedAt", "private"."orders"."userId" FROM "private"."orders" WHERE "private"."orders"."userId" IN ($1) OFFSET $2 -- params: [1,0] -- duration: 1ms
2025-10-01 12:34:48 [INFO]: [QUERY] INSERT INTO "private"."licenses_key" ("encryptedKey","keyHash","activationLimit","status","createdAt","updatedAt","productId","supplierId") VALUES ($1,$2,$3,$4,$5,$6,$7,$8) RETURNING "private"."licenses_key"."id", "private"."licenses_key"."encryptedKey", "private"."licenses_key"."keyHash", "private"."licenses_key"."activationLimit", "private"."licenses_key"."status", "private"."licenses_key"."soldAt", "private"."licenses_key"."productId" -- params: ["5113fa75d8bf4fe0571f1c04b516f091:49369a755ed24cf906dd7051c794e46a6c250ca6172a9d6b2b7091434d854565","b509111e06d5336e75c77e1eefb5316cafe9c3c8e2708e5ca55f444a84d2c318",1,1,"2025-10-01 05:34:48.674 UTC","2025-10-01 05:34:48.674 UTC",1,null] -- duration: 26ms
2025-10-01 12:35:10 [INFO]: [INFO] Starting a postgresql pool with 5 connections.
2025-10-01 12:35:10 [INFO]: [QUERY] SELECT "private"."users"."id", "private"."users"."fullname", "private"."users"."email", "private"."users"."role", "private"."users"."status" FROM "private"."users" WHERE ("private"."users"."id" = $1 AND 1=1) LIMIT $2 OFFSET $3 -- params: [1,1,0] -- duration: 2ms
2025-10-01 12:35:10 [INFO]: [QUERY] SELECT "private"."contacts"."id", "private"."contacts"."contact", "private"."contacts"."description", "private"."contacts"."createdAt", "private"."contacts"."updatedAt", "private"."contacts"."userId" FROM "private"."contacts" WHERE "private"."contacts"."userId" IN ($1) OFFSET $2 -- params: [1,0] -- duration: 1ms
2025-10-01 12:35:10 [INFO]: [QUERY] SELECT "private"."testimonials"."id", "private"."testimonials"."content", "private"."testimonials"."rating", "private"."testimonials"."createdAt", "private"."testimonials"."updatedAt", "private"."testimonials"."userId" FROM "private"."testimonials" WHERE "private"."testimonials"."userId" IN ($1) OFFSET $2 -- params: [1,0] -- duration: 1ms
2025-10-01 12:35:10 [INFO]: [QUERY] SELECT "private"."orders"."id", "private"."orders"."amount", "private"."orders"."status", "private"."orders"."createdAt", "private"."orders"."updatedAt", "private"."orders"."userId" FROM "private"."orders" WHERE "private"."orders"."userId" IN ($1) OFFSET $2 -- params: [1,0] -- duration: 1ms
2025-10-01 12:35:10 [ERROR]: [ERROR] 
Invalid `prisma.licensesKey.create()` invocation:

{
  data: {
    id: undefined,
    encryptedKey: "ab6f957ee62e480b860773c6a050021f:d9f2a67dfde3d9ae809e208589092435b86e5c93f2b79e20dc2c8555e5d30120",
    keyHash: "b509111e06d5336e75c77e1eefb5316cafe9c3c8e2708e5ca55f444a84d2c318",
    activationLimit: 1,
    status: 1,
    soldAt: undefined,
    productId: 1,
    ~~~~~~~~~
    supplierId: null,
    product: [],
?   createdAt?: DateTime,
?   updatedAt?: DateTime,
?   supplier?: supplierCreateNestedOneWithoutLicensesInput
  },
  select: {
    id: true,
    encryptedKey: true,
    keyHash: true,
    activationLimit: true,
    status: true,
    soldAt: true,
    productId: true
  }
}

Unknown argument `productId`. Did you mean `product`? Available options are marked with ?.
2025-10-01 12:36:22 [INFO]: [INFO] Starting a postgresql pool with 5 connections.
2025-10-01 12:36:22 [INFO]: [QUERY] SELECT "private"."users"."id", "private"."users"."fullname", "private"."users"."email", "private"."users"."role", "private"."users"."status" FROM "private"."users" WHERE ("private"."users"."id" = $1 AND 1=1) LIMIT $2 OFFSET $3 -- params: [1,1,0] -- duration: 1ms
2025-10-01 12:36:22 [INFO]: [QUERY] SELECT "private"."contacts"."id", "private"."contacts"."contact", "private"."contacts"."description", "private"."contacts"."createdAt", "private"."contacts"."updatedAt", "private"."contacts"."userId" FROM "private"."contacts" WHERE "private"."contacts"."userId" IN ($1) OFFSET $2 -- params: [1,0] -- duration: 1ms
2025-10-01 12:36:22 [INFO]: [QUERY] SELECT "private"."testimonials"."id", "private"."testimonials"."content", "private"."testimonials"."rating", "private"."testimonials"."createdAt", "private"."testimonials"."updatedAt", "private"."testimonials"."userId" FROM "private"."testimonials" WHERE "private"."testimonials"."userId" IN ($1) OFFSET $2 -- params: [1,0] -- duration: 1ms
2025-10-01 12:36:22 [INFO]: [QUERY] SELECT "private"."orders"."id", "private"."orders"."amount", "private"."orders"."status", "private"."orders"."createdAt", "private"."orders"."updatedAt", "private"."orders"."userId" FROM "private"."orders" WHERE "private"."orders"."userId" IN ($1) OFFSET $2 -- params: [1,0] -- duration: 4ms
2025-10-01 12:36:22 [ERROR]: [ERROR] 
Invalid `prisma.licensesKey.create()` invocation:

{
  data: {
    id: undefined,
    encryptedKey: "878392250d65e6f3a9d63cedbda50f10:8f3cbdb3676617a34bef7b49d99081af3800e6b6836409c0a533735bf364f5f0",
    keyHash: "b509111e06d5336e75c77e1eefb5316cafe9c3c8e2708e5ca55f444a84d2c318",
    activationLimit: 1,
    status: 1,
    soldAt: undefined,
    productId: 1,
    supplierId: null
  },
  select: {
    id: true,
    encryptedKey: true,
    keyHash: true,
    activationLimit: true,
    status: true,
    soldAt: true,
    productId: true,
    product: {
      id: true,
      ~~
      name: true
    }
  }
}

Unknown argument `id`.
2025-10-01 12:36:58 [INFO]: [INFO] Starting a postgresql pool with 5 connections.
2025-10-01 12:36:58 [INFO]: [QUERY] SELECT "private"."users"."id", "private"."users"."fullname", "private"."users"."email", "private"."users"."role", "private"."users"."status" FROM "private"."users" WHERE ("private"."users"."id" = $1 AND 1=1) LIMIT $2 OFFSET $3 -- params: [1,1,0] -- duration: 4ms
2025-10-01 12:36:58 [INFO]: [QUERY] SELECT "private"."contacts"."id", "private"."contacts"."contact", "private"."contacts"."description", "private"."contacts"."createdAt", "private"."contacts"."updatedAt", "private"."contacts"."userId" FROM "private"."contacts" WHERE "private"."contacts"."userId" IN ($1) OFFSET $2 -- params: [1,0] -- duration: 1ms
2025-10-01 12:36:58 [INFO]: [QUERY] SELECT "private"."testimonials"."id", "private"."testimonials"."content", "private"."testimonials"."rating", "private"."testimonials"."createdAt", "private"."testimonials"."updatedAt", "private"."testimonials"."userId" FROM "private"."testimonials" WHERE "private"."testimonials"."userId" IN ($1) OFFSET $2 -- params: [1,0] -- duration: 1ms
2025-10-01 12:36:58 [INFO]: [QUERY] SELECT "private"."orders"."id", "private"."orders"."amount", "private"."orders"."status", "private"."orders"."createdAt", "private"."orders"."updatedAt", "private"."orders"."userId" FROM "private"."orders" WHERE "private"."orders"."userId" IN ($1) OFFSET $2 -- params: [1,0] -- duration: 1ms
2025-10-01 12:36:58 [INFO]: [QUERY] BEGIN -- params: [] -- duration: 0ms
2025-10-01 12:36:58 [INFO]: [QUERY] INSERT INTO "private"."licenses_key" ("encryptedKey","keyHash","activationLimit","status","createdAt","updatedAt","productId","supplierId") VALUES ($1,$2,$3,$4,$5,$6,$7,$8) RETURNING "private"."licenses_key"."id" -- params: ["b70bbca374720a0338e06180f27aa01d:1a1712d96440f1338b80a09e2a53243d0abccdd1ab05a0598d0cf97d250f1b25","b509111e06d5336e75c77e1eefb5316cafe9c3c8e2708e5ca55f444a84d2c318",1,1,"2025-10-01 05:36:58.457 UTC","2025-10-01 05:36:58.457 UTC",1,null] -- duration: 4ms
2025-10-01 12:36:58 [INFO]: [QUERY] SELECT "private"."licenses_key"."id", "private"."licenses_key"."encryptedKey", "private"."licenses_key"."keyHash", "private"."licenses_key"."activationLimit", "private"."licenses_key"."status", "private"."licenses_key"."soldAt", "private"."licenses_key"."productId" FROM "private"."licenses_key" WHERE "private"."licenses_key"."id" = $1 LIMIT $2 OFFSET $3 -- params: [8,1,0] -- duration: 5ms
2025-10-01 12:36:58 [INFO]: [QUERY] SELECT "private"."products"."id", "private"."products"."name" FROM "private"."products" WHERE "private"."products"."id" IN ($1) OFFSET $2 -- params: [1,0] -- duration: 1ms
2025-10-01 12:36:58 [INFO]: [QUERY] COMMIT -- params: [] -- duration: 29ms
2025-10-01 12:38:18 [INFO]: [INFO] Starting a postgresql pool with 5 connections.
2025-10-01 12:38:18 [INFO]: [QUERY] SELECT "private"."users"."id", "private"."users"."fullname", "private"."users"."email", "private"."users"."role", "private"."users"."status" FROM "private"."users" WHERE ("private"."users"."id" = $1 AND 1=1) LIMIT $2 OFFSET $3 -- params: [1,1,0] -- duration: 1ms
2025-10-01 12:38:18 [INFO]: [QUERY] SELECT "private"."contacts"."id", "private"."contacts"."contact", "private"."contacts"."description", "private"."contacts"."createdAt", "private"."contacts"."updatedAt", "private"."contacts"."userId" FROM "private"."contacts" WHERE "private"."contacts"."userId" IN ($1) OFFSET $2 -- params: [1,0] -- duration: 1ms
2025-10-01 12:38:18 [INFO]: [QUERY] SELECT "private"."testimonials"."id", "private"."testimonials"."content", "private"."testimonials"."rating", "private"."testimonials"."createdAt", "private"."testimonials"."updatedAt", "private"."testimonials"."userId" FROM "private"."testimonials" WHERE "private"."testimonials"."userId" IN ($1) OFFSET $2 -- params: [1,0] -- duration: 1ms
2025-10-01 12:38:18 [INFO]: [QUERY] SELECT "private"."orders"."id", "private"."orders"."amount", "private"."orders"."status", "private"."orders"."createdAt", "private"."orders"."updatedAt", "private"."orders"."userId" FROM "private"."orders" WHERE "private"."orders"."userId" IN ($1) OFFSET $2 -- params: [1,0] -- duration: 3ms
2025-10-01 12:38:18 [ERROR]: [ERROR] 
Invalid `prisma.licensesKey.create()` invocation:

{
  data: {
    id: undefined,
    encryptedKey: "b1eb5fabbcb8d54d5cec85a7e0d62688:912d1c505a41d60266959a6f88aa4798488f37d66ac47cef34275491d6b1d223",
    keyHash: "b509111e06d5336e75c77e1eefb5316cafe9c3c8e2708e5ca55f444a84d2c318",
    activationLimit: 1,
    status: 1,
    soldAt: undefined,
    productId: 1,
    ~~~~~~~~~
    supplierId: null,
    product: [],
?   createdAt?: DateTime,
?   updatedAt?: DateTime,
?   supplier?: supplierCreateNestedOneWithoutLicensesInput
  },
  select: {
    id: true,
    encryptedKey: true,
    keyHash: true,
    activationLimit: true,
    status: true,
    soldAt: true,
    productId: true,
    product: {
      select: {
        id: true,
        name: true
      }
    }
  }
}

Unknown argument `productId`. Did you mean `product`? Available options are marked with ?.
2025-10-01 12:38:55 [INFO]: [INFO] Starting a postgresql pool with 5 connections.
2025-10-01 12:38:55 [INFO]: [QUERY] SELECT "private"."users"."id", "private"."users"."fullname", "private"."users"."email", "private"."users"."role", "private"."users"."status" FROM "private"."users" WHERE ("private"."users"."id" = $1 AND 1=1) LIMIT $2 OFFSET $3 -- params: [1,1,0] -- duration: 3ms
2025-10-01 12:38:55 [INFO]: [QUERY] SELECT "private"."contacts"."id", "private"."contacts"."contact", "private"."contacts"."description", "private"."contacts"."createdAt", "private"."contacts"."updatedAt", "private"."contacts"."userId" FROM "private"."contacts" WHERE "private"."contacts"."userId" IN ($1) OFFSET $2 -- params: [1,0] -- duration: 1ms
2025-10-01 12:38:55 [INFO]: [QUERY] SELECT "private"."testimonials"."id", "private"."testimonials"."content", "private"."testimonials"."rating", "private"."testimonials"."createdAt", "private"."testimonials"."updatedAt", "private"."testimonials"."userId" FROM "private"."testimonials" WHERE "private"."testimonials"."userId" IN ($1) OFFSET $2 -- params: [1,0] -- duration: 1ms
2025-10-01 12:38:55 [INFO]: [QUERY] SELECT "private"."orders"."id", "private"."orders"."amount", "private"."orders"."status", "private"."orders"."createdAt", "private"."orders"."updatedAt", "private"."orders"."userId" FROM "private"."orders" WHERE "private"."orders"."userId" IN ($1) OFFSET $2 -- params: [1,0] -- duration: 2ms
2025-10-01 12:38:55 [INFO]: [QUERY] BEGIN -- params: [] -- duration: 0ms
2025-10-01 12:38:55 [INFO]: [QUERY] INSERT INTO "private"."licenses_key" ("encryptedKey","keyHash","activationLimit","status","createdAt","updatedAt","productId","supplierId") VALUES ($1,$2,$3,$4,$5,$6,$7,$8) RETURNING "private"."licenses_key"."id" -- params: ["324b4d6b88d3cf59a87afe8d443fd6a2:6b162ead3263a97f94eba74eb4849e561ea7e1312fb513f0ea704f2caaf3420b","b509111e06d5336e75c77e1eefb5316cafe9c3c8e2708e5ca55f444a84d2c318",1,1,"2025-10-01 05:38:55.711 UTC","2025-10-01 05:38:55.711 UTC",1,null] -- duration: 3ms
2025-10-01 12:38:55 [INFO]: [QUERY] SELECT "private"."licenses_key"."id", "private"."licenses_key"."encryptedKey", "private"."licenses_key"."keyHash", "private"."licenses_key"."activationLimit", "private"."licenses_key"."status", "private"."licenses_key"."soldAt", "private"."licenses_key"."productId" FROM "private"."licenses_key" WHERE "private"."licenses_key"."id" = $1 LIMIT $2 OFFSET $3 -- params: [9,1,0] -- duration: 1ms
2025-10-01 12:38:55 [INFO]: [QUERY] SELECT "private"."products"."id", "private"."products"."name" FROM "private"."products" WHERE "private"."products"."id" IN ($1) OFFSET $2 -- params: [1,0] -- duration: 1ms
2025-10-01 12:38:55 [INFO]: [QUERY] COMMIT -- params: [] -- duration: 33ms
2025-10-01 12:39:44 [INFO]: [INFO] Starting a postgresql pool with 5 connections.
2025-10-01 12:39:44 [INFO]: [QUERY] SELECT "private"."users"."id", "private"."users"."fullname", "private"."users"."email", "private"."users"."role", "private"."users"."status" FROM "private"."users" WHERE ("private"."users"."id" = $1 AND 1=1) LIMIT $2 OFFSET $3 -- params: [1,1,0] -- duration: 3ms
2025-10-01 12:39:44 [INFO]: [QUERY] SELECT "private"."contacts"."id", "private"."contacts"."contact", "private"."contacts"."description", "private"."contacts"."createdAt", "private"."contacts"."updatedAt", "private"."contacts"."userId" FROM "private"."contacts" WHERE "private"."contacts"."userId" IN ($1) OFFSET $2 -- params: [1,0] -- duration: 6ms
2025-10-01 12:39:44 [INFO]: [QUERY] SELECT "private"."testimonials"."id", "private"."testimonials"."content", "private"."testimonials"."rating", "private"."testimonials"."createdAt", "private"."testimonials"."updatedAt", "private"."testimonials"."userId" FROM "private"."testimonials" WHERE "private"."testimonials"."userId" IN ($1) OFFSET $2 -- params: [1,0] -- duration: 1ms
2025-10-01 12:39:44 [INFO]: [QUERY] SELECT "private"."orders"."id", "private"."orders"."amount", "private"."orders"."status", "private"."orders"."createdAt", "private"."orders"."updatedAt", "private"."orders"."userId" FROM "private"."orders" WHERE "private"."orders"."userId" IN ($1) OFFSET $2 -- params: [1,0] -- duration: 11ms
2025-10-01 12:39:45 [INFO]: [QUERY] BEGIN -- params: [] -- duration: 0ms
2025-10-01 12:39:45 [INFO]: [QUERY] INSERT INTO "private"."licenses_key" ("encryptedKey","keyHash","activationLimit","status","createdAt","updatedAt","productId","supplierId") VALUES ($1,$2,$3,$4,$5,$6,$7,$8) RETURNING "private"."licenses_key"."id" -- params: ["8894a652bb90f5d84b1c1b20c23ea3c9:f7cc186bb8b2956ca050fbe12e64cd3e5eddcba5fda96be16d88ed34718ebc80","b509111e06d5336e75c77e1eefb5316cafe9c3c8e2708e5ca55f444a84d2c318",1,1,"2025-10-01 05:39:45.033 UTC","2025-10-01 05:39:45.033 UTC",1,null] -- duration: 4ms
2025-10-01 12:39:45 [INFO]: [QUERY] SELECT "private"."licenses_key"."id", "private"."licenses_key"."encryptedKey", "private"."licenses_key"."keyHash", "private"."licenses_key"."activationLimit", "private"."licenses_key"."status", "private"."licenses_key"."soldAt", "private"."licenses_key"."productId" FROM "private"."licenses_key" WHERE "private"."licenses_key"."id" = $1 LIMIT $2 OFFSET $3 -- params: [10,1,0] -- duration: 2ms
2025-10-01 12:39:45 [INFO]: [QUERY] SELECT "private"."products"."id", "private"."products"."name" FROM "private"."products" WHERE "private"."products"."id" IN ($1) OFFSET $2 -- params: [1,0] -- duration: 0ms
2025-10-01 12:39:45 [INFO]: [QUERY] COMMIT -- params: [] -- duration: 28ms
2025-10-01 12:39:55 [INFO]: [INFO] Starting a postgresql pool with 5 connections.
2025-10-01 12:39:56 [INFO]: [QUERY] SELECT "private"."users"."id", "private"."users"."fullname", "private"."users"."email", "private"."users"."role", "private"."users"."status" FROM "private"."users" WHERE ("private"."users"."id" = $1 AND 1=1) LIMIT $2 OFFSET $3 -- params: [1,1,0] -- duration: 2ms
2025-10-01 12:39:56 [INFO]: [QUERY] SELECT "private"."contacts"."id", "private"."contacts"."contact", "private"."contacts"."description", "private"."contacts"."createdAt", "private"."contacts"."updatedAt", "private"."contacts"."userId" FROM "private"."contacts" WHERE "private"."contacts"."userId" IN ($1) OFFSET $2 -- params: [1,0] -- duration: 2ms
2025-10-01 12:39:56 [INFO]: [QUERY] SELECT "private"."testimonials"."id", "private"."testimonials"."content", "private"."testimonials"."rating", "private"."testimonials"."createdAt", "private"."testimonials"."updatedAt", "private"."testimonials"."userId" FROM "private"."testimonials" WHERE "private"."testimonials"."userId" IN ($1) OFFSET $2 -- params: [1,0] -- duration: 1ms
2025-10-01 12:39:56 [INFO]: [QUERY] SELECT "private"."orders"."id", "private"."orders"."amount", "private"."orders"."status", "private"."orders"."createdAt", "private"."orders"."updatedAt", "private"."orders"."userId" FROM "private"."orders" WHERE "private"."orders"."userId" IN ($1) OFFSET $2 -- params: [1,0] -- duration: 1ms
2025-10-01 12:39:56 [INFO]: [QUERY] BEGIN -- params: [] -- duration: 0ms
2025-10-01 12:39:56 [INFO]: [QUERY] INSERT INTO "private"."licenses_key" ("encryptedKey","keyHash","activationLimit","status","createdAt","updatedAt","productId","supplierId") VALUES ($1,$2,$3,$4,$5,$6,$7,$8) RETURNING "private"."licenses_key"."id" -- params: ["7e6669533723900038fe492f7998d5e5:4d1e030c6e2afa7d2fbf944624fd1d90759889e42dc176b1061addf8d02e6e61","b509111e06d5336e75c77e1eefb5316cafe9c3c8e2708e5ca55f444a84d2c318",1,1,"2025-10-01 05:39:56.071 UTC","2025-10-01 05:39:56.071 UTC",1,null] -- duration: 2ms
2025-10-01 12:39:56 [INFO]: [QUERY] SELECT "private"."licenses_key"."id", "private"."licenses_key"."encryptedKey", "private"."licenses_key"."keyHash", "private"."licenses_key"."activationLimit", "private"."licenses_key"."status", "private"."licenses_key"."soldAt", "private"."licenses_key"."productId" FROM "private"."licenses_key" WHERE "private"."licenses_key"."id" = $1 LIMIT $2 OFFSET $3 -- params: [11,1,0] -- duration: 2ms
2025-10-01 12:39:56 [INFO]: [QUERY] SELECT "private"."products"."id", "private"."products"."name" FROM "private"."products" WHERE "private"."products"."id" IN ($1) OFFSET $2 -- params: [1,0] -- duration: 2ms
2025-10-01 12:39:56 [INFO]: [QUERY] COMMIT -- params: [] -- duration: 33ms
2025-10-01 12:40:36 [INFO]: [INFO] Starting a postgresql pool with 5 connections.
2025-10-01 12:40:36 [INFO]: [QUERY] SELECT "private"."users"."id", "private"."users"."fullname", "private"."users"."email", "private"."users"."role", "private"."users"."status" FROM "private"."users" WHERE ("private"."users"."id" = $1 AND 1=1) LIMIT $2 OFFSET $3 -- params: [1,1,0] -- duration: 2ms
2025-10-01 12:40:36 [INFO]: [QUERY] SELECT "private"."contacts"."id", "private"."contacts"."contact", "private"."contacts"."description", "private"."contacts"."createdAt", "private"."contacts"."updatedAt", "private"."contacts"."userId" FROM "private"."contacts" WHERE "private"."contacts"."userId" IN ($1) OFFSET $2 -- params: [1,0] -- duration: 1ms
2025-10-01 12:40:36 [INFO]: [QUERY] SELECT "private"."testimonials"."id", "private"."testimonials"."content", "private"."testimonials"."rating", "private"."testimonials"."createdAt", "private"."testimonials"."updatedAt", "private"."testimonials"."userId" FROM "private"."testimonials" WHERE "private"."testimonials"."userId" IN ($1) OFFSET $2 -- params: [1,0] -- duration: 1ms
2025-10-01 12:40:36 [INFO]: [QUERY] SELECT "private"."orders"."id", "private"."orders"."amount", "private"."orders"."status", "private"."orders"."createdAt", "private"."orders"."updatedAt", "private"."orders"."userId" FROM "private"."orders" WHERE "private"."orders"."userId" IN ($1) OFFSET $2 -- params: [1,0] -- duration: 1ms
2025-10-01 12:40:45 [INFO]: [INFO] Starting a postgresql pool with 5 connections.
2025-10-01 12:40:46 [INFO]: [QUERY] SELECT "private"."users"."id", "private"."users"."fullname", "private"."users"."email", "private"."users"."role", "private"."users"."status" FROM "private"."users" WHERE ("private"."users"."id" = $1 AND 1=1) LIMIT $2 OFFSET $3 -- params: [1,1,0] -- duration: 4ms
2025-10-01 12:40:46 [INFO]: [QUERY] SELECT "private"."contacts"."id", "private"."contacts"."contact", "private"."contacts"."description", "private"."contacts"."createdAt", "private"."contacts"."updatedAt", "private"."contacts"."userId" FROM "private"."contacts" WHERE "private"."contacts"."userId" IN ($1) OFFSET $2 -- params: [1,0] -- duration: 1ms
2025-10-01 12:40:46 [INFO]: [QUERY] SELECT "private"."testimonials"."id", "private"."testimonials"."content", "private"."testimonials"."rating", "private"."testimonials"."createdAt", "private"."testimonials"."updatedAt", "private"."testimonials"."userId" FROM "private"."testimonials" WHERE "private"."testimonials"."userId" IN ($1) OFFSET $2 -- params: [1,0] -- duration: 2ms
2025-10-01 12:40:46 [INFO]: [QUERY] SELECT "private"."orders"."id", "private"."orders"."amount", "private"."orders"."status", "private"."orders"."createdAt", "private"."orders"."updatedAt", "private"."orders"."userId" FROM "private"."orders" WHERE "private"."orders"."userId" IN ($1) OFFSET $2 -- params: [1,0] -- duration: 1ms
2025-10-01 12:40:46 [ERROR]: [ERROR] 
Invalid `prisma.licensesKey.create()` invocation:

{
  data: {
    id: undefined,
    encryptedKey: "7d8292d3fcbb1aac19b029003cf78a44:cc87c50d6a253a26ce2df1d5e940719e80e855494302e3a7f89a2dc389097c91",
    keyHash: "b509111e06d5336e75c77e1eefb5316cafe9c3c8e2708e5ca55f444a84d2c318",
    activationLimit: 1,
    status: 1,
    soldAt: undefined,
    productId: 1,
    ~~~~~~~~~
    supplierId: null,
    product: [],
?   createdAt?: DateTime,
?   updatedAt?: DateTime,
?   supplier?: supplierCreateNestedOneWithoutLicensesInput
  },
  select: {
    id: true,
    encryptedKey: true,
    keyHash: true,
    activationLimit: true,
    status: true,
    soldAt: true,
    productId: true,
    product: {
      select: {
        id: true,
        name: true
      }
    }
  }
}

Unknown argument `productId`. Did you mean `product`? Available options are marked with ?.
2025-10-01 12:41:42 [INFO]: [INFO] Starting a postgresql pool with 5 connections.
2025-10-01 12:41:43 [INFO]: [QUERY] SELECT "private"."users"."id", "private"."users"."fullname", "private"."users"."email", "private"."users"."role", "private"."users"."status" FROM "private"."users" WHERE ("private"."users"."id" = $1 AND 1=1) LIMIT $2 OFFSET $3 -- params: [1,1,0] -- duration: 3ms
2025-10-01 12:41:43 [INFO]: [QUERY] SELECT "private"."contacts"."id", "private"."contacts"."contact", "private"."contacts"."description", "private"."contacts"."createdAt", "private"."contacts"."updatedAt", "private"."contacts"."userId" FROM "private"."contacts" WHERE "private"."contacts"."userId" IN ($1) OFFSET $2 -- params: [1,0] -- duration: 1ms
2025-10-01 12:41:43 [INFO]: [QUERY] SELECT "private"."testimonials"."id", "private"."testimonials"."content", "private"."testimonials"."rating", "private"."testimonials"."createdAt", "private"."testimonials"."updatedAt", "private"."testimonials"."userId" FROM "private"."testimonials" WHERE "private"."testimonials"."userId" IN ($1) OFFSET $2 -- params: [1,0] -- duration: 2ms
2025-10-01 12:41:43 [INFO]: [QUERY] SELECT "private"."orders"."id", "private"."orders"."amount", "private"."orders"."status", "private"."orders"."createdAt", "private"."orders"."updatedAt", "private"."orders"."userId" FROM "private"."orders" WHERE "private"."orders"."userId" IN ($1) OFFSET $2 -- params: [1,0] -- duration: 1ms
2025-10-01 12:41:43 [ERROR]: [ERROR] 
Invalid `prisma.licensesKey.create()` invocation:

{
  data: {
    id: undefined,
    encryptedKey: "15b0bce4a8b6269d72ca43fd9724c164:3a338f31ca0a4e0e6f23c3678f5734fbc871a98e11b03e819c0733619bd2dac3",
    keyHash: "b509111e06d5336e75c77e1eefb5316cafe9c3c8e2708e5ca55f444a84d2c318",
    activationLimit: 1,
    status: 1,
    soldAt: undefined,
    productId: 1,
    ~~~~~~~~~
    supplierId: null,
    product: [],
?   createdAt?: DateTime,
?   updatedAt?: DateTime,
?   supplier?: supplierCreateNestedOneWithoutLicensesInput
  },
  select: {
    id: true,
    encryptedKey: true,
    keyHash: true,
    activationLimit: true,
    status: true,
    soldAt: true,
    productId: true,
    product: {
      select: {
        id: true,
        name: true
      }
    }
  }
}

Unknown argument `productId`. Did you mean `product`? Available options are marked with ?.
2025-10-01 12:43:02 [INFO]: [INFO] Starting a postgresql pool with 5 connections.
2025-10-01 12:43:02 [INFO]: [QUERY] SELECT "private"."users"."id", "private"."users"."fullname", "private"."users"."email", "private"."users"."role", "private"."users"."status" FROM "private"."users" WHERE ("private"."users"."id" = $1 AND 1=1) LIMIT $2 OFFSET $3 -- params: [1,1,0] -- duration: 2ms
2025-10-01 12:43:02 [INFO]: [QUERY] SELECT "private"."contacts"."id", "private"."contacts"."contact", "private"."contacts"."description", "private"."contacts"."createdAt", "private"."contacts"."updatedAt", "private"."contacts"."userId" FROM "private"."contacts" WHERE "private"."contacts"."userId" IN ($1) OFFSET $2 -- params: [1,0] -- duration: 1ms
2025-10-01 12:43:02 [INFO]: [QUERY] SELECT "private"."testimonials"."id", "private"."testimonials"."content", "private"."testimonials"."rating", "private"."testimonials"."createdAt", "private"."testimonials"."updatedAt", "private"."testimonials"."userId" FROM "private"."testimonials" WHERE "private"."testimonials"."userId" IN ($1) OFFSET $2 -- params: [1,0] -- duration: 1ms
2025-10-01 12:43:02 [INFO]: [QUERY] SELECT "private"."orders"."id", "private"."orders"."amount", "private"."orders"."status", "private"."orders"."createdAt", "private"."orders"."updatedAt", "private"."orders"."userId" FROM "private"."orders" WHERE "private"."orders"."userId" IN ($1) OFFSET $2 -- params: [1,0] -- duration: 1ms
2025-10-01 12:43:02 [ERROR]: [ERROR] 
Invalid `prisma.licensesKey.create()` invocation:

{
  data: {
    id: undefined,
    encryptedKey: "2185568021410a1b9ac082ef39a02d39:6c33ef9b87aa0799759669d6dbdc1576e7f9f48e896334a2af3f414f29344f6e",
    keyHash: "b509111e06d5336e75c77e1eefb5316cafe9c3c8e2708e5ca55f444a84d2c318",
    activationLimit: 1,
    status: 1,
    soldAt: undefined,
    productId: 1,
    ~~~~~~~~~
    supplierId: null,
    product: [],
?   createdAt?: DateTime,
?   updatedAt?: DateTime,
?   supplier?: supplierCreateNestedOneWithoutLicensesInput
  },
  select: {
    id: true,
    encryptedKey: true,
    keyHash: true,
    activationLimit: true,
    status: true,
    soldAt: true,
    productId: true,
    product: {
      select: {
        id: true,
        name: true
      }
    }
  }
}

Unknown argument `productId`. Did you mean `product`? Available options are marked with ?.
2025-10-01 12:45:09 [INFO]: [INFO] Starting a postgresql pool with 5 connections.
2025-10-01 12:45:09 [INFO]: [QUERY] SELECT "private"."users"."id", "private"."users"."fullname", "private"."users"."email", "private"."users"."role", "private"."users"."status" FROM "private"."users" WHERE ("private"."users"."id" = $1 AND 1=1) LIMIT $2 OFFSET $3 -- params: [1,1,0] -- duration: 2ms
2025-10-01 12:45:09 [INFO]: [QUERY] SELECT "private"."contacts"."id", "private"."contacts"."contact", "private"."contacts"."description", "private"."contacts"."createdAt", "private"."contacts"."updatedAt", "private"."contacts"."userId" FROM "private"."contacts" WHERE "private"."contacts"."userId" IN ($1) OFFSET $2 -- params: [1,0] -- duration: 2ms
2025-10-01 12:45:09 [INFO]: [QUERY] SELECT "private"."testimonials"."id", "private"."testimonials"."content", "private"."testimonials"."rating", "private"."testimonials"."createdAt", "private"."testimonials"."updatedAt", "private"."testimonials"."userId" FROM "private"."testimonials" WHERE "private"."testimonials"."userId" IN ($1) OFFSET $2 -- params: [1,0] -- duration: 3ms
2025-10-01 12:45:09 [INFO]: [QUERY] SELECT "private"."orders"."id", "private"."orders"."amount", "private"."orders"."status", "private"."orders"."createdAt", "private"."orders"."updatedAt", "private"."orders"."userId" FROM "private"."orders" WHERE "private"."orders"."userId" IN ($1) OFFSET $2 -- params: [1,0] -- duration: 2ms
2025-10-01 12:45:09 [INFO]: [QUERY] BEGIN -- params: [] -- duration: 0ms
2025-10-01 12:45:09 [INFO]: [QUERY] INSERT INTO "private"."licenses_key" ("encryptedKey","keyHash","activationLimit","status","createdAt","updatedAt","productId","supplierId") VALUES ($1,$2,$3,$4,$5,$6,$7,$8) RETURNING "private"."licenses_key"."id" -- params: ["bc0c76da876f47c3df8bebdf8c32d077:4834557bbd78263ce4e78055dd305e2b211ef9bc031472efe6527f12b691e7aa","b509111e06d5336e75c77e1eefb5316cafe9c3c8e2708e5ca55f444a84d2c318",1,1,"2025-10-01 05:45:09.612 UTC","2025-10-01 05:45:09.612 UTC",1,null] -- duration: 3ms
2025-10-01 12:45:09 [INFO]: [QUERY] SELECT "private"."licenses_key"."id", "private"."licenses_key"."encryptedKey", "private"."licenses_key"."keyHash", "private"."licenses_key"."activationLimit", "private"."licenses_key"."status", "private"."licenses_key"."soldAt", "private"."licenses_key"."productId" FROM "private"."licenses_key" WHERE "private"."licenses_key"."id" = $1 LIMIT $2 OFFSET $3 -- params: [12,1,0] -- duration: 1ms
2025-10-01 12:45:09 [INFO]: [QUERY] SELECT "private"."products"."id", "private"."products"."name" FROM "private"."products" WHERE "private"."products"."id" IN ($1) OFFSET $2 -- params: [1,0] -- duration: 1ms
2025-10-01 12:45:09 [INFO]: [QUERY] COMMIT -- params: [] -- duration: 45ms
2025-10-01 12:50:01 [INFO]: [INFO] Starting a postgresql pool with 5 connections.
2025-10-01 12:50:02 [INFO]: [QUERY] SELECT "private"."users"."id", "private"."users"."fullname", "private"."users"."email", "private"."users"."role", "private"."users"."status" FROM "private"."users" WHERE ("private"."users"."id" = $1 AND 1=1) LIMIT $2 OFFSET $3 -- params: [1,1,0] -- duration: 2ms
2025-10-01 12:50:02 [INFO]: [QUERY] SELECT "private"."contacts"."id", "private"."contacts"."contact", "private"."contacts"."description", "private"."contacts"."createdAt", "private"."contacts"."updatedAt", "private"."contacts"."userId" FROM "private"."contacts" WHERE "private"."contacts"."userId" IN ($1) OFFSET $2 -- params: [1,0] -- duration: 1ms
2025-10-01 12:50:02 [INFO]: [QUERY] SELECT "private"."testimonials"."id", "private"."testimonials"."content", "private"."testimonials"."rating", "private"."testimonials"."createdAt", "private"."testimonials"."updatedAt", "private"."testimonials"."userId" FROM "private"."testimonials" WHERE "private"."testimonials"."userId" IN ($1) OFFSET $2 -- params: [1,0] -- duration: 2ms
2025-10-01 12:50:02 [INFO]: [QUERY] SELECT "private"."orders"."id", "private"."orders"."amount", "private"."orders"."status", "private"."orders"."createdAt", "private"."orders"."updatedAt", "private"."orders"."userId" FROM "private"."orders" WHERE "private"."orders"."userId" IN ($1) OFFSET $2 -- params: [1,0] -- duration: 1ms
2025-10-01 12:50:02 [ERROR]: [ERROR] 
Invalid `prisma.licensesKey.create()` invocation:

{
  data: {
    id: undefined,
    encryptedKey: "1d3ad9bab7e216b85a9b44cede04851f:70d3e7825c776baf4ecc2efcd14bee274f24d3f709fdc2d52a441858e709bdb8",
    keyHash: "b509111e06d5336e75c77e1eefb5316cafe9c3c8e2708e5ca55f444a84d2c318",
    activationLimit: 1,
    status: 1,
    soldAt: undefined,
    productId: 1,
    ~~~~~~~~~
    supplierId: null,
    product: {
      connect: {
        id: 1
      }
    },
?   createdAt?: DateTime,
?   updatedAt?: DateTime,
?   supplier?: supplierCreateNestedOneWithoutLicensesInput
  },
  select: {
    id: true,
    encryptedKey: true,
    keyHash: true,
    activationLimit: true,
    status: true,
    soldAt: true,
    productId: true,
    product: {
      select: {
        id: true,
        name: true
      }
    }
  }
}

Unknown argument `productId`. Did you mean `product`? Available options are marked with ?.
2025-10-01 12:51:11 [INFO]: [INFO] Starting a postgresql pool with 5 connections.
2025-10-01 12:51:12 [INFO]: [QUERY] SELECT "private"."users"."id", "private"."users"."fullname", "private"."users"."email", "private"."users"."role", "private"."users"."status" FROM "private"."users" WHERE ("private"."users"."id" = $1 AND 1=1) LIMIT $2 OFFSET $3 -- params: [1,1,0] -- duration: 1ms
2025-10-01 12:51:12 [INFO]: [QUERY] SELECT "private"."contacts"."id", "private"."contacts"."contact", "private"."contacts"."description", "private"."contacts"."createdAt", "private"."contacts"."updatedAt", "private"."contacts"."userId" FROM "private"."contacts" WHERE "private"."contacts"."userId" IN ($1) OFFSET $2 -- params: [1,0] -- duration: 1ms
2025-10-01 12:51:12 [INFO]: [QUERY] SELECT "private"."testimonials"."id", "private"."testimonials"."content", "private"."testimonials"."rating", "private"."testimonials"."createdAt", "private"."testimonials"."updatedAt", "private"."testimonials"."userId" FROM "private"."testimonials" WHERE "private"."testimonials"."userId" IN ($1) OFFSET $2 -- params: [1,0] -- duration: 1ms
2025-10-01 12:51:12 [INFO]: [QUERY] SELECT "private"."orders"."id", "private"."orders"."amount", "private"."orders"."status", "private"."orders"."createdAt", "private"."orders"."updatedAt", "private"."orders"."userId" FROM "private"."orders" WHERE "private"."orders"."userId" IN ($1) OFFSET $2 -- params: [1,0] -- duration: 2ms
2025-10-01 12:51:12 [ERROR]: [ERROR] 
Invalid `prisma.licensesKey.create()` invocation:

{
  data: {
    id: undefined,
    encryptedKey: "5f0207a9a11f63ab1ade413067945bef:8840a601ed159a376540deef650967ee571f1c0c80cbea2b74227e6fb29c1cbe",
    keyHash: "b509111e06d5336e75c77e1eefb5316cafe9c3c8e2708e5ca55f444a84d2c318",
    activationLimit: 1,
    status: 1,
    soldAt: undefined,
    productId: 1,
    ~~~~~~~~~
    supplierId: null,
    product: {
      connect: {
        id: 1
      }
    },
?   createdAt?: DateTime,
?   updatedAt?: DateTime,
?   supplier?: supplierCreateNestedOneWithoutLicensesInput
  },
  select: {
    id: true,
    encryptedKey: true,
    keyHash: true,
    activationLimit: true,
    status: true,
    soldAt: true,
    productId: true,
    product: {
      select: {
        id: true,
        name: true
      }
    }
  }
}

Unknown argument `productId`. Did you mean `product`? Available options are marked with ?.
2025-10-01 12:51:28 [INFO]: [INFO] Starting a postgresql pool with 5 connections.
2025-10-01 12:51:28 [INFO]: [QUERY] SELECT "private"."users"."id", "private"."users"."fullname", "private"."users"."email", "private"."users"."role", "private"."users"."status" FROM "private"."users" WHERE ("private"."users"."id" = $1 AND 1=1) LIMIT $2 OFFSET $3 -- params: [1,1,0] -- duration: 1ms
2025-10-01 12:51:28 [INFO]: [QUERY] SELECT "private"."contacts"."id", "private"."contacts"."contact", "private"."contacts"."description", "private"."contacts"."createdAt", "private"."contacts"."updatedAt", "private"."contacts"."userId" FROM "private"."contacts" WHERE "private"."contacts"."userId" IN ($1) OFFSET $2 -- params: [1,0] -- duration: 1ms
2025-10-01 12:51:28 [INFO]: [QUERY] SELECT "private"."testimonials"."id", "private"."testimonials"."content", "private"."testimonials"."rating", "private"."testimonials"."createdAt", "private"."testimonials"."updatedAt", "private"."testimonials"."userId" FROM "private"."testimonials" WHERE "private"."testimonials"."userId" IN ($1) OFFSET $2 -- params: [1,0] -- duration: 1ms
2025-10-01 12:51:28 [INFO]: [QUERY] SELECT "private"."orders"."id", "private"."orders"."amount", "private"."orders"."status", "private"."orders"."createdAt", "private"."orders"."updatedAt", "private"."orders"."userId" FROM "private"."orders" WHERE "private"."orders"."userId" IN ($1) OFFSET $2 -- params: [1,0] -- duration: 1ms
2025-10-01 12:51:28 [ERROR]: [ERROR] 
Invalid `prisma.licensesKey.create()` invocation:

{
  data: {
    id: undefined,
    encryptedKey: "ac27cde64ec29060db168288a6b3e959:ced2e4a3afc325cad91c95f042367224d32f13ae7fd0b8ec5767587d1fbb021c",
    keyHash: "b509111e06d5336e75c77e1eefb5316cafe9c3c8e2708e5ca55f444a84d2c318",
    activationLimit: 1,
    status: 1,
    soldAt: undefined,
    productId: 1,
    ~~~~~~~~~
    supplierId: null,
    product: {
      connect: {
        id: 1
      }
    },
?   createdAt?: DateTime,
?   updatedAt?: DateTime,
?   supplier?: supplierCreateNestedOneWithoutLicensesInput
  },
  select: {
    id: true,
    encryptedKey: true,
    keyHash: true,
    activationLimit: true,
    status: true,
    soldAt: true,
    productId: true,
    product: {
      select: {
        id: true,
        name: true
      }
    }
  }
}

Unknown argument `productId`. Did you mean `product`? Available options are marked with ?.
2025-10-01 12:53:40 [INFO]: [INFO] Starting a postgresql pool with 5 connections.
2025-10-01 12:53:40 [INFO]: [QUERY] SELECT "private"."users"."id", "private"."users"."fullname", "private"."users"."email", "private"."users"."role", "private"."users"."status" FROM "private"."users" WHERE ("private"."users"."id" = $1 AND 1=1) LIMIT $2 OFFSET $3 -- params: [1,1,0] -- duration: 1ms
2025-10-01 12:53:40 [INFO]: [QUERY] SELECT "private"."contacts"."id", "private"."contacts"."contact", "private"."contacts"."description", "private"."contacts"."createdAt", "private"."contacts"."updatedAt", "private"."contacts"."userId" FROM "private"."contacts" WHERE "private"."contacts"."userId" IN ($1) OFFSET $2 -- params: [1,0] -- duration: 1ms
2025-10-01 12:53:40 [INFO]: [QUERY] SELECT "private"."testimonials"."id", "private"."testimonials"."content", "private"."testimonials"."rating", "private"."testimonials"."createdAt", "private"."testimonials"."updatedAt", "private"."testimonials"."userId" FROM "private"."testimonials" WHERE "private"."testimonials"."userId" IN ($1) OFFSET $2 -- params: [1,0] -- duration: 1ms
2025-10-01 12:53:40 [INFO]: [QUERY] SELECT "private"."orders"."id", "private"."orders"."amount", "private"."orders"."status", "private"."orders"."createdAt", "private"."orders"."updatedAt", "private"."orders"."userId" FROM "private"."orders" WHERE "private"."orders"."userId" IN ($1) OFFSET $2 -- params: [1,0] -- duration: 1ms
2025-10-01 12:53:40 [ERROR]: [ERROR] 
Invalid `prisma.licensesKey.create()` invocation:

{
  data: {
    id: undefined,
    encryptedKey: "10a8868bf89799db36a125c3e40a9466:b261d55bf9badddf41ae1ede54181ca88c01e1a07be01d4abf4c27f40ed29809",
    keyHash: "b509111e06d5336e75c77e1eefb5316cafe9c3c8e2708e5ca55f444a84d2c318",
    activationLimit: 1,
    status: 1,
    soldAt: undefined,
    productId: 1,
    ~~~~~~~~~
    supplierId: null,
    product: {
      connect: {
        id: 1
      }
    },
?   createdAt?: DateTime,
?   updatedAt?: DateTime,
?   supplier?: supplierCreateNestedOneWithoutLicensesInput
  },
  select: {
    id: true,
    encryptedKey: true,
    keyHash: true,
    activationLimit: true,
    status: true,
    soldAt: true,
    productId: true,
    product: {
      select: {
        id: true,
        name: true
      }
    }
  }
}

Unknown argument `productId`. Did you mean `product`? Available options are marked with ?.
2025-10-01 12:55:17 [INFO]: [INFO] Starting a postgresql pool with 5 connections.
2025-10-01 12:55:17 [INFO]: [QUERY] SELECT "private"."users"."id", "private"."users"."fullname", "private"."users"."email", "private"."users"."role", "private"."users"."status" FROM "private"."users" WHERE ("private"."users"."id" = $1 AND 1=1) LIMIT $2 OFFSET $3 -- params: [1,1,0] -- duration: 3ms
2025-10-01 12:55:17 [INFO]: [QUERY] SELECT "private"."contacts"."id", "private"."contacts"."contact", "private"."contacts"."description", "private"."contacts"."createdAt", "private"."contacts"."updatedAt", "private"."contacts"."userId" FROM "private"."contacts" WHERE "private"."contacts"."userId" IN ($1) OFFSET $2 -- params: [1,0] -- duration: 3ms
2025-10-01 12:55:17 [INFO]: [QUERY] SELECT "private"."testimonials"."id", "private"."testimonials"."content", "private"."testimonials"."rating", "private"."testimonials"."createdAt", "private"."testimonials"."updatedAt", "private"."testimonials"."userId" FROM "private"."testimonials" WHERE "private"."testimonials"."userId" IN ($1) OFFSET $2 -- params: [1,0] -- duration: 2ms
2025-10-01 12:55:17 [INFO]: [QUERY] SELECT "private"."orders"."id", "private"."orders"."amount", "private"."orders"."status", "private"."orders"."createdAt", "private"."orders"."updatedAt", "private"."orders"."userId" FROM "private"."orders" WHERE "private"."orders"."userId" IN ($1) OFFSET $2 -- params: [1,0] -- duration: 4ms
2025-10-01 12:55:17 [ERROR]: [ERROR] 
Invalid `prisma.licensesKey.create()` invocation:

{
  data: {
    id: undefined,
    encryptedKey: "06ca1ee8d4be67d3281f14a2d01d8fe9:e9aeff54ed1c18f42134c2525569a7aee5a2faa37822fc6fb211a8558290d3d0",
    keyHash: "b509111e06d5336e75c77e1eefb5316cafe9c3c8e2708e5ca55f444a84d2c318",
    activationLimit: 1,
    status: 1,
    soldAt: undefined,
    productId: 1,
    ~~~~~~~~~
    supplierId: null,
    product: {
      connect: {
        id: 1
      }
    },
?   createdAt?: DateTime,
?   updatedAt?: DateTime,
?   supplier?: supplierCreateNestedOneWithoutLicensesInput
  },
  select: {
    id: true,
    encryptedKey: true,
    keyHash: true,
    activationLimit: true,
    status: true,
    soldAt: true,
    productId: true,
    product: {
      select: {
        id: true,
        name: true
      }
    }
  }
}

Unknown argument `productId`. Did you mean `product`? Available options are marked with ?.
2025-10-01 12:55:44 [INFO]: [INFO] Starting a postgresql pool with 5 connections.
2025-10-01 12:55:44 [INFO]: [QUERY] SELECT "private"."users"."id", "private"."users"."fullname", "private"."users"."email", "private"."users"."role", "private"."users"."status" FROM "private"."users" WHERE ("private"."users"."id" = $1 AND 1=1) LIMIT $2 OFFSET $3 -- params: [1,1,0] -- duration: 2ms
2025-10-01 12:55:44 [INFO]: [QUERY] SELECT "private"."contacts"."id", "private"."contacts"."contact", "private"."contacts"."description", "private"."contacts"."createdAt", "private"."contacts"."updatedAt", "private"."contacts"."userId" FROM "private"."contacts" WHERE "private"."contacts"."userId" IN ($1) OFFSET $2 -- params: [1,0] -- duration: 1ms
2025-10-01 12:55:44 [INFO]: [QUERY] SELECT "private"."testimonials"."id", "private"."testimonials"."content", "private"."testimonials"."rating", "private"."testimonials"."createdAt", "private"."testimonials"."updatedAt", "private"."testimonials"."userId" FROM "private"."testimonials" WHERE "private"."testimonials"."userId" IN ($1) OFFSET $2 -- params: [1,0] -- duration: 1ms
2025-10-01 12:55:44 [INFO]: [QUERY] SELECT "private"."orders"."id", "private"."orders"."amount", "private"."orders"."status", "private"."orders"."createdAt", "private"."orders"."updatedAt", "private"."orders"."userId" FROM "private"."orders" WHERE "private"."orders"."userId" IN ($1) OFFSET $2 -- params: [1,0] -- duration: 1ms
2025-10-01 12:55:44 [ERROR]: [ERROR] 
Invalid `prisma.licensesKey.create()` invocation:

{
  data: {
    id: undefined,
    encryptedKey: "63b6ef5bec4e193703887167ea498575:b907c75b5cbe9b0517059cb78effbb99736e2538072c0786e9885eb5be687cf5",
    keyHash: "b509111e06d5336e75c77e1eefb5316cafe9c3c8e2708e5ca55f444a84d2c318",
    activationLimit: 1,
    status: 1,
    soldAt: undefined,
    productId: 1,
    ~~~~~~~~~
    product: {
      id: 1
    },
    supplierId: null,
?   createdAt?: DateTime,
?   updatedAt?: DateTime,
?   supplier?: supplierCreateNestedOneWithoutLicensesInput
  },
  select: {
    id: true,
    encryptedKey: true,
    keyHash: true,
    activationLimit: true,
    status: true,
    soldAt: true,
    productId: true,
    product: {
      select: {
        id: true,
        name: true
      }
    }
  }
}

Unknown argument `productId`. Did you mean `product`? Available options are marked with ?.
2025-10-01 12:57:13 [INFO]: [INFO] Starting a postgresql pool with 5 connections.
2025-10-01 12:57:13 [INFO]: [QUERY] SELECT "private"."users"."id", "private"."users"."fullname", "private"."users"."email", "private"."users"."role", "private"."users"."status" FROM "private"."users" WHERE ("private"."users"."id" = $1 AND 1=1) LIMIT $2 OFFSET $3 -- params: [1,1,0] -- duration: 2ms
2025-10-01 12:57:13 [INFO]: [QUERY] SELECT "private"."contacts"."id", "private"."contacts"."contact", "private"."contacts"."description", "private"."contacts"."createdAt", "private"."contacts"."updatedAt", "private"."contacts"."userId" FROM "private"."contacts" WHERE "private"."contacts"."userId" IN ($1) OFFSET $2 -- params: [1,0] -- duration: 1ms
2025-10-01 12:57:13 [INFO]: [QUERY] SELECT "private"."testimonials"."id", "private"."testimonials"."content", "private"."testimonials"."rating", "private"."testimonials"."createdAt", "private"."testimonials"."updatedAt", "private"."testimonials"."userId" FROM "private"."testimonials" WHERE "private"."testimonials"."userId" IN ($1) OFFSET $2 -- params: [1,0] -- duration: 1ms
2025-10-01 12:57:13 [INFO]: [QUERY] SELECT "private"."orders"."id", "private"."orders"."amount", "private"."orders"."status", "private"."orders"."createdAt", "private"."orders"."updatedAt", "private"."orders"."userId" FROM "private"."orders" WHERE "private"."orders"."userId" IN ($1) OFFSET $2 -- params: [1,0] -- duration: 1ms
2025-10-01 12:57:13 [INFO]: [QUERY] BEGIN -- params: [] -- duration: 0ms
2025-10-01 12:57:13 [INFO]: [QUERY] INSERT INTO "private"."licenses_key" ("encryptedKey","keyHash","activationLimit","status","createdAt","updatedAt","productId","supplierId") VALUES ($1,$2,$3,$4,$5,$6,$7,$8) RETURNING "private"."licenses_key"."id" -- params: ["981cfd7d5a32ea2540e6bc85b554145d:2def117b3731e7fa0121def769237009f8f6c22660da17674889c54539b3037c","b509111e06d5336e75c77e1eefb5316cafe9c3c8e2708e5ca55f444a84d2c318",1,1,"2025-10-01 05:57:13.615 UTC","2025-10-01 05:57:13.615 UTC",1,null] -- duration: 2ms
2025-10-01 12:57:13 [INFO]: [QUERY] SELECT "private"."licenses_key"."id", "private"."licenses_key"."encryptedKey", "private"."licenses_key"."keyHash", "private"."licenses_key"."activationLimit", "private"."licenses_key"."status", "private"."licenses_key"."soldAt", "private"."licenses_key"."productId" FROM "private"."licenses_key" WHERE "private"."licenses_key"."id" = $1 LIMIT $2 OFFSET $3 -- params: [13,1,0] -- duration: 2ms
2025-10-01 12:57:13 [INFO]: [QUERY] SELECT "private"."products"."id", "private"."products"."name" FROM "private"."products" WHERE "private"."products"."id" IN ($1) OFFSET $2 -- params: [1,0] -- duration: 1ms
2025-10-01 12:57:13 [INFO]: [QUERY] COMMIT -- params: [] -- duration: 28ms
2025-10-01 15:37:26 [INFO]: [INFO] Starting a postgresql pool with 5 connections.
2025-10-01 15:37:26 [INFO]: [QUERY] SELECT "private"."users"."id", "private"."users"."fullname", "private"."users"."email", "private"."users"."password", "private"."users"."role", "private"."users"."status" FROM "private"."users" WHERE ("private"."users"."email" = $1 AND 1=1) LIMIT $2 OFFSET $3 -- params: ["admin@gmail.com",1,0] -- duration: 3ms
2025-10-01 15:37:26 [INFO]: [QUERY] SELECT "private"."contacts"."id", "private"."contacts"."contact", "private"."contacts"."description", "private"."contacts"."createdAt", "private"."contacts"."updatedAt", "private"."contacts"."userId" FROM "private"."contacts" WHERE "private"."contacts"."userId" IN ($1) OFFSET $2 -- params: [1,0] -- duration: 2ms
2025-10-01 15:37:26 [INFO]: [QUERY] SELECT "private"."testimonials"."id", "private"."testimonials"."content", "private"."testimonials"."rating", "private"."testimonials"."createdAt", "private"."testimonials"."updatedAt", "private"."testimonials"."userId" FROM "private"."testimonials" WHERE "private"."testimonials"."userId" IN ($1) OFFSET $2 -- params: [1,0] -- duration: 1ms
2025-10-01 15:37:26 [INFO]: [QUERY] SELECT "private"."orders"."id", "private"."orders"."amount", "private"."orders"."status", "private"."orders"."createdAt", "private"."orders"."updatedAt", "private"."orders"."userId" FROM "private"."orders" WHERE "private"."orders"."userId" IN ($1) OFFSET $2 -- params: [1,0] -- duration: 1ms
2025-10-01 15:37:40 [INFO]: [QUERY] SELECT "private"."users"."id", "private"."users"."fullname", "private"."users"."email", "private"."users"."role", "private"."users"."status" FROM "private"."users" WHERE ("private"."users"."id" = $1 AND 1=1) LIMIT $2 OFFSET $3 -- params: [1,1,0] -- duration: 1ms
2025-10-01 15:37:40 [INFO]: [QUERY] SELECT "private"."contacts"."id", "private"."contacts"."contact", "private"."contacts"."description", "private"."contacts"."createdAt", "private"."contacts"."updatedAt", "private"."contacts"."userId" FROM "private"."contacts" WHERE "private"."contacts"."userId" IN ($1) OFFSET $2 -- params: [1,0] -- duration: 0ms
2025-10-01 15:37:40 [INFO]: [QUERY] SELECT "private"."testimonials"."id", "private"."testimonials"."content", "private"."testimonials"."rating", "private"."testimonials"."createdAt", "private"."testimonials"."updatedAt", "private"."testimonials"."userId" FROM "private"."testimonials" WHERE "private"."testimonials"."userId" IN ($1) OFFSET $2 -- params: [1,0] -- duration: 0ms
2025-10-01 15:37:40 [INFO]: [QUERY] SELECT "private"."orders"."id", "private"."orders"."amount", "private"."orders"."status", "private"."orders"."createdAt", "private"."orders"."updatedAt", "private"."orders"."userId" FROM "private"."orders" WHERE "private"."orders"."userId" IN ($1) OFFSET $2 -- params: [1,0] -- duration: 0ms
2025-10-01 15:37:40 [INFO]: [QUERY] BEGIN -- params: [] -- duration: 1ms
2025-10-01 15:37:40 [INFO]: [QUERY] INSERT INTO "private"."licenses_key" ("encryptedKey","keyHash","activationLimit","status","createdAt","updatedAt","productId","supplierId") VALUES ($1,$2,$3,$4,$5,$6,$7,$8) RETURNING "private"."licenses_key"."id" -- params: ["049e2735946432b92b46a6965a6326c7:4c75e6749ec81b779e24c6c252121884a9e00f3e41a5bd8178e96220a6592f24","b509111e06d5336e75c77e1eefb5316cafe9c3c8e2708e5ca55f444a84d2c318",1,1,"2025-10-01 08:37:40.772 UTC","2025-10-01 08:37:40.772 UTC",1,null] -- duration: 2ms
2025-10-01 15:37:40 [INFO]: [QUERY] SELECT "private"."licenses_key"."id", "private"."licenses_key"."encryptedKey", "private"."licenses_key"."keyHash", "private"."licenses_key"."activationLimit", "private"."licenses_key"."status", "private"."licenses_key"."soldAt", "private"."licenses_key"."productId" FROM "private"."licenses_key" WHERE "private"."licenses_key"."id" = $1 LIMIT $2 OFFSET $3 -- params: [14,1,0] -- duration: 1ms
2025-10-01 15:37:40 [INFO]: [QUERY] SELECT "private"."products"."id", "private"."products"."name" FROM "private"."products" WHERE "private"."products"."id" IN ($1) OFFSET $2 -- params: [1,0] -- duration: 2ms
2025-10-01 15:37:40 [INFO]: [QUERY] COMMIT -- params: [] -- duration: 21ms
2025-10-01 15:38:04 [INFO]: [INFO] Starting a postgresql pool with 5 connections.
2025-10-01 15:38:04 [INFO]: [QUERY] SELECT "private"."users"."id", "private"."users"."fullname", "private"."users"."email", "private"."users"."role", "private"."users"."status" FROM "private"."users" WHERE ("private"."users"."id" = $1 AND 1=1) LIMIT $2 OFFSET $3 -- params: [1,1,0] -- duration: 1ms
2025-10-01 15:38:04 [INFO]: [QUERY] SELECT "private"."contacts"."id", "private"."contacts"."contact", "private"."contacts"."description", "private"."contacts"."createdAt", "private"."contacts"."updatedAt", "private"."contacts"."userId" FROM "private"."contacts" WHERE "private"."contacts"."userId" IN ($1) OFFSET $2 -- params: [1,0] -- duration: 1ms
2025-10-01 15:38:04 [INFO]: [QUERY] SELECT "private"."testimonials"."id", "private"."testimonials"."content", "private"."testimonials"."rating", "private"."testimonials"."createdAt", "private"."testimonials"."updatedAt", "private"."testimonials"."userId" FROM "private"."testimonials" WHERE "private"."testimonials"."userId" IN ($1) OFFSET $2 -- params: [1,0] -- duration: 2ms
2025-10-01 15:38:04 [INFO]: [QUERY] SELECT "private"."orders"."id", "private"."orders"."amount", "private"."orders"."status", "private"."orders"."createdAt", "private"."orders"."updatedAt", "private"."orders"."userId" FROM "private"."orders" WHERE "private"."orders"."userId" IN ($1) OFFSET $2 -- params: [1,0] -- duration: 2ms
2025-10-01 15:38:04 [INFO]: [QUERY] BEGIN -- params: [] -- duration: 0ms
2025-10-01 15:38:04 [INFO]: [QUERY] INSERT INTO "private"."licenses_key" ("encryptedKey","keyHash","activationLimit","status","createdAt","updatedAt","productId","supplierId") VALUES ($1,$2,$3,$4,$5,$6,$7,$8) RETURNING "private"."licenses_key"."id" -- params: ["2cc84c27e54887dcc9d57def8fbb9cb1:10190dc2af7e10182834935f1e331f7f55a98c9c14a8858292d1f39804c6f032","b509111e06d5336e75c77e1eefb5316cafe9c3c8e2708e5ca55f444a84d2c318",1,1,"2025-10-01 08:38:04.706 UTC","2025-10-01 08:38:04.706 UTC",1,null] -- duration: 2ms
2025-10-01 15:38:04 [INFO]: [QUERY] SELECT "private"."licenses_key"."id", "private"."licenses_key"."encryptedKey", "private"."licenses_key"."keyHash", "private"."licenses_key"."activationLimit", "private"."licenses_key"."status", "private"."licenses_key"."soldAt", "private"."licenses_key"."productId" FROM "private"."licenses_key" WHERE "private"."licenses_key"."id" = $1 LIMIT $2 OFFSET $3 -- params: [15,1,0] -- duration: 1ms
2025-10-01 15:38:04 [INFO]: [QUERY] SELECT "private"."products"."id", "private"."products"."name" FROM "private"."products" WHERE "private"."products"."id" IN ($1) OFFSET $2 -- params: [1,0] -- duration: 1ms
2025-10-01 15:38:04 [INFO]: [QUERY] COMMIT -- params: [] -- duration: 26ms
2025-10-01 15:38:31 [INFO]: [INFO] Starting a postgresql pool with 5 connections.
2025-10-01 15:38:31 [INFO]: [QUERY] SELECT "private"."users"."id", "private"."users"."fullname", "private"."users"."email", "private"."users"."role", "private"."users"."status" FROM "private"."users" WHERE ("private"."users"."id" = $1 AND 1=1) LIMIT $2 OFFSET $3 -- params: [1,1,0] -- duration: 1ms
2025-10-01 15:38:31 [INFO]: [QUERY] SELECT "private"."contacts"."id", "private"."contacts"."contact", "private"."contacts"."description", "private"."contacts"."createdAt", "private"."contacts"."updatedAt", "private"."contacts"."userId" FROM "private"."contacts" WHERE "private"."contacts"."userId" IN ($1) OFFSET $2 -- params: [1,0] -- duration: 1ms
2025-10-01 15:38:31 [INFO]: [QUERY] SELECT "private"."testimonials"."id", "private"."testimonials"."content", "private"."testimonials"."rating", "private"."testimonials"."createdAt", "private"."testimonials"."updatedAt", "private"."testimonials"."userId" FROM "private"."testimonials" WHERE "private"."testimonials"."userId" IN ($1) OFFSET $2 -- params: [1,0] -- duration: 1ms
2025-10-01 15:38:31 [INFO]: [QUERY] SELECT "private"."orders"."id", "private"."orders"."amount", "private"."orders"."status", "private"."orders"."createdAt", "private"."orders"."updatedAt", "private"."orders"."userId" FROM "private"."orders" WHERE "private"."orders"."userId" IN ($1) OFFSET $2 -- params: [1,0] -- duration: 2ms
2025-10-01 15:38:31 [INFO]: [QUERY] BEGIN -- params: [] -- duration: 0ms
2025-10-01 15:38:31 [INFO]: [QUERY] INSERT INTO "private"."licenses_key" ("encryptedKey","keyHash","activationLimit","status","createdAt","updatedAt","productId","supplierId") VALUES ($1,$2,$3,$4,$5,$6,$7,$8) RETURNING "private"."licenses_key"."id" -- params: ["b0b07ad7746a358050139b734d08ad21:892bb4271038b45f90f119f9a235875433bf44c7a6458d9786c3b2d04bbd3d7e","b509111e06d5336e75c77e1eefb5316cafe9c3c8e2708e5ca55f444a84d2c318",1,1,"2025-10-01 08:38:31.353 UTC","2025-10-01 08:38:31.353 UTC",1,null] -- duration: 2ms
2025-10-01 15:38:31 [INFO]: [QUERY] SELECT "private"."licenses_key"."id", "private"."licenses_key"."encryptedKey", "private"."licenses_key"."keyHash", "private"."licenses_key"."activationLimit", "private"."licenses_key"."status", "private"."licenses_key"."soldAt", "private"."licenses_key"."productId" FROM "private"."licenses_key" WHERE "private"."licenses_key"."id" = $1 LIMIT $2 OFFSET $3 -- params: [16,1,0] -- duration: 0ms
2025-10-01 15:38:31 [INFO]: [QUERY] SELECT "private"."products"."id", "private"."products"."name" FROM "private"."products" WHERE "private"."products"."id" IN ($1) OFFSET $2 -- params: [1,0] -- duration: 0ms
2025-10-01 15:38:31 [INFO]: [QUERY] COMMIT -- params: [] -- duration: 27ms
2025-10-01 15:46:46 [INFO]: [INFO] Starting a postgresql pool with 5 connections.
2025-10-01 15:46:46 [INFO]: [QUERY] SELECT "private"."users"."id", "private"."users"."fullname", "private"."users"."email", "private"."users"."role", "private"."users"."status" FROM "private"."users" WHERE ("private"."users"."id" = $1 AND 1=1) LIMIT $2 OFFSET $3 -- params: [1,1,0] -- duration: 2ms
2025-10-01 15:46:46 [INFO]: [QUERY] SELECT "private"."contacts"."id", "private"."contacts"."contact", "private"."contacts"."description", "private"."contacts"."createdAt", "private"."contacts"."updatedAt", "private"."contacts"."userId" FROM "private"."contacts" WHERE "private"."contacts"."userId" IN ($1) OFFSET $2 -- params: [1,0] -- duration: 1ms
2025-10-01 15:46:46 [INFO]: [QUERY] SELECT "private"."testimonials"."id", "private"."testimonials"."content", "private"."testimonials"."rating", "private"."testimonials"."createdAt", "private"."testimonials"."updatedAt", "private"."testimonials"."userId" FROM "private"."testimonials" WHERE "private"."testimonials"."userId" IN ($1) OFFSET $2 -- params: [1,0] -- duration: 1ms
2025-10-01 15:46:46 [INFO]: [QUERY] SELECT "private"."orders"."id", "private"."orders"."amount", "private"."orders"."status", "private"."orders"."createdAt", "private"."orders"."updatedAt", "private"."orders"."userId" FROM "private"."orders" WHERE "private"."orders"."userId" IN ($1) OFFSET $2 -- params: [1,0] -- duration: 1ms
2025-10-01 15:46:47 [INFO]: [QUERY] BEGIN -- params: [] -- duration: 0ms
2025-10-01 15:46:47 [INFO]: [QUERY] INSERT INTO "private"."licenses_key" ("encryptedKey","keyHash","activationLimit","status","createdAt","updatedAt","productId","supplierId") VALUES ($1,$2,$3,$4,$5,$6,$7,$8) RETURNING "private"."licenses_key"."id" -- params: ["d1f923f4a0fa17052f66b4547f8d2768:e4cbf21910ee95f2fdf8c023fbd9f4038e981363fbdca301df8f948c315a6882","b509111e06d5336e75c77e1eefb5316cafe9c3c8e2708e5ca55f444a84d2c318",1,1,"2025-10-01 08:46:47.005 UTC","2025-10-01 08:46:47.005 UTC",1,null] -- duration: 4ms
2025-10-01 15:46:47 [INFO]: [QUERY] SELECT "private"."licenses_key"."id", "private"."licenses_key"."encryptedKey", "private"."licenses_key"."keyHash", "private"."licenses_key"."activationLimit", "private"."licenses_key"."status", "private"."licenses_key"."soldAt", "private"."licenses_key"."productId" FROM "private"."licenses_key" WHERE "private"."licenses_key"."id" = $1 LIMIT $2 OFFSET $3 -- params: [17,1,0] -- duration: 1ms
2025-10-01 15:46:47 [INFO]: [QUERY] SELECT "private"."products"."id", "private"."products"."name" FROM "private"."products" WHERE "private"."products"."id" IN ($1) OFFSET $2 -- params: [1,0] -- duration: 0ms
2025-10-01 15:46:47 [INFO]: [QUERY] COMMIT -- params: [] -- duration: 32ms
2025-10-01 15:47:16 [INFO]: [INFO] Starting a postgresql pool with 5 connections.
2025-10-01 15:47:16 [INFO]: [QUERY] SELECT "private"."users"."id", "private"."users"."fullname", "private"."users"."email", "private"."users"."role", "private"."users"."status" FROM "private"."users" WHERE ("private"."users"."id" = $1 AND 1=1) LIMIT $2 OFFSET $3 -- params: [1,1,0] -- duration: 2ms
2025-10-01 15:47:16 [INFO]: [QUERY] SELECT "private"."contacts"."id", "private"."contacts"."contact", "private"."contacts"."description", "private"."contacts"."createdAt", "private"."contacts"."updatedAt", "private"."contacts"."userId" FROM "private"."contacts" WHERE "private"."contacts"."userId" IN ($1) OFFSET $2 -- params: [1,0] -- duration: 1ms
2025-10-01 15:47:16 [INFO]: [QUERY] SELECT "private"."testimonials"."id", "private"."testimonials"."content", "private"."testimonials"."rating", "private"."testimonials"."createdAt", "private"."testimonials"."updatedAt", "private"."testimonials"."userId" FROM "private"."testimonials" WHERE "private"."testimonials"."userId" IN ($1) OFFSET $2 -- params: [1,0] -- duration: 1ms
2025-10-01 15:47:16 [INFO]: [QUERY] SELECT "private"."orders"."id", "private"."orders"."amount", "private"."orders"."status", "private"."orders"."createdAt", "private"."orders"."updatedAt", "private"."orders"."userId" FROM "private"."orders" WHERE "private"."orders"."userId" IN ($1) OFFSET $2 -- params: [1,0] -- duration: 1ms
2025-10-01 15:47:16 [INFO]: [QUERY] BEGIN -- params: [] -- duration: 0ms
2025-10-01 15:47:16 [INFO]: [QUERY] INSERT INTO "private"."licenses_key" ("encryptedKey","keyHash","activationLimit","status","createdAt","updatedAt","productId","supplierId") VALUES ($1,$2,$3,$4,$5,$6,$7,$8) RETURNING "private"."licenses_key"."id" -- params: ["76e64945bd091c317690dba9e888c911:be995c8327a96ac437f7e6a9910e18086c373c5a81c84a5592903a589237fe47","b509111e06d5336e75c77e1eefb5316cafe9c3c8e2708e5ca55f444a84d2c318",1,1,"2025-10-01 08:47:16.969 UTC","2025-10-01 08:47:16.969 UTC",1,null] -- duration: 2ms
2025-10-01 15:47:16 [INFO]: [QUERY] SELECT "private"."licenses_key"."id", "private"."licenses_key"."encryptedKey", "private"."licenses_key"."keyHash", "private"."licenses_key"."activationLimit", "private"."licenses_key"."status", "private"."licenses_key"."soldAt", "private"."licenses_key"."productId" FROM "private"."licenses_key" WHERE "private"."licenses_key"."id" = $1 LIMIT $2 OFFSET $3 -- params: [18,1,0] -- duration: 1ms
2025-10-01 15:47:16 [INFO]: [QUERY] SELECT "private"."products"."id", "private"."products"."name" FROM "private"."products" WHERE "private"."products"."id" IN ($1) OFFSET $2 -- params: [1,0] -- duration: 1ms
2025-10-01 15:47:16 [INFO]: [QUERY] COMMIT -- params: [] -- duration: 18ms
2025-10-01 15:47:51 [INFO]: [INFO] Starting a postgresql pool with 5 connections.
2025-10-01 15:47:51 [INFO]: [QUERY] SELECT "private"."users"."id", "private"."users"."fullname", "private"."users"."email", "private"."users"."role", "private"."users"."status" FROM "private"."users" WHERE ("private"."users"."id" = $1 AND 1=1) LIMIT $2 OFFSET $3 -- params: [1,1,0] -- duration: 2ms
2025-10-01 15:47:51 [INFO]: [QUERY] SELECT "private"."contacts"."id", "private"."contacts"."contact", "private"."contacts"."description", "private"."contacts"."createdAt", "private"."contacts"."updatedAt", "private"."contacts"."userId" FROM "private"."contacts" WHERE "private"."contacts"."userId" IN ($1) OFFSET $2 -- params: [1,0] -- duration: 2ms
2025-10-01 15:47:51 [INFO]: [QUERY] SELECT "private"."testimonials"."id", "private"."testimonials"."content", "private"."testimonials"."rating", "private"."testimonials"."createdAt", "private"."testimonials"."updatedAt", "private"."testimonials"."userId" FROM "private"."testimonials" WHERE "private"."testimonials"."userId" IN ($1) OFFSET $2 -- params: [1,0] -- duration: 1ms
2025-10-01 15:47:51 [INFO]: [QUERY] SELECT "private"."orders"."id", "private"."orders"."amount", "private"."orders"."status", "private"."orders"."createdAt", "private"."orders"."updatedAt", "private"."orders"."userId" FROM "private"."orders" WHERE "private"."orders"."userId" IN ($1) OFFSET $2 -- params: [1,0] -- duration: 2ms
2025-10-01 15:47:51 [INFO]: [QUERY] BEGIN -- params: [] -- duration: 0ms
2025-10-01 15:47:51 [INFO]: [QUERY] INSERT INTO "private"."licenses_key" ("encryptedKey","keyHash","activationLimit","status","createdAt","updatedAt","productId","supplierId") VALUES ($1,$2,$3,$4,$5,$6,$7,$8) RETURNING "private"."licenses_key"."id" -- params: ["25c2628bd1b99932fb1eeecab0ec5147:a2c7d28a65e2d35a70c921fde272e8f87c189a14cbefc6640d29cd405a33627c","b509111e06d5336e75c77e1eefb5316cafe9c3c8e2708e5ca55f444a84d2c318",1,1,"2025-10-01 08:47:51.750 UTC","2025-10-01 08:47:51.750 UTC",1,null] -- duration: 3ms
2025-10-01 15:47:51 [INFO]: [QUERY] SELECT "private"."licenses_key"."id", "private"."licenses_key"."encryptedKey", "private"."licenses_key"."keyHash", "private"."licenses_key"."activationLimit", "private"."licenses_key"."status", "private"."licenses_key"."soldAt", "private"."licenses_key"."productId" FROM "private"."licenses_key" WHERE "private"."licenses_key"."id" = $1 LIMIT $2 OFFSET $3 -- params: [19,1,0] -- duration: 1ms
2025-10-01 15:47:51 [INFO]: [QUERY] SELECT "private"."products"."id", "private"."products"."name" FROM "private"."products" WHERE "private"."products"."id" IN ($1) OFFSET $2 -- params: [1,0] -- duration: 1ms
2025-10-01 15:47:51 [INFO]: [QUERY] COMMIT -- params: [] -- duration: 17ms
2025-10-01 16:01:17 [INFO]: [INFO] Starting a postgresql pool with 5 connections.
2025-10-01 16:01:17 [INFO]: [QUERY] SELECT "private"."users"."id", "private"."users"."fullname", "private"."users"."email", "private"."users"."role", "private"."users"."status" FROM "private"."users" WHERE ("private"."users"."id" = $1 AND 1=1) LIMIT $2 OFFSET $3 -- params: [1,1,0] -- duration: 2ms
2025-10-01 16:01:17 [INFO]: [QUERY] SELECT "private"."contacts"."id", "private"."contacts"."contact", "private"."contacts"."description", "private"."contacts"."createdAt", "private"."contacts"."updatedAt", "private"."contacts"."userId" FROM "private"."contacts" WHERE "private"."contacts"."userId" IN ($1) OFFSET $2 -- params: [1,0] -- duration: 1ms
2025-10-01 16:01:17 [INFO]: [QUERY] SELECT "private"."testimonials"."id", "private"."testimonials"."content", "private"."testimonials"."rating", "private"."testimonials"."createdAt", "private"."testimonials"."updatedAt", "private"."testimonials"."userId" FROM "private"."testimonials" WHERE "private"."testimonials"."userId" IN ($1) OFFSET $2 -- params: [1,0] -- duration: 1ms
2025-10-01 16:01:17 [INFO]: [QUERY] SELECT "private"."orders"."id", "private"."orders"."amount", "private"."orders"."status", "private"."orders"."createdAt", "private"."orders"."updatedAt", "private"."orders"."userId" FROM "private"."orders" WHERE "private"."orders"."userId" IN ($1) OFFSET $2 -- params: [1,0] -- duration: 6ms
2025-10-01 16:01:33 [INFO]: [QUERY] SELECT 1 -- params: [] -- duration: 0ms
2025-10-01 16:01:33 [INFO]: [QUERY] SELECT "private"."users"."id", "private"."users"."fullname", "private"."users"."email", "private"."users"."role", "private"."users"."status" FROM "private"."users" WHERE ("private"."users"."id" = $1 AND 1=1) LIMIT $2 OFFSET $3 -- params: [1,1,0] -- duration: 0ms
2025-10-01 16:01:33 [INFO]: [QUERY] SELECT "private"."contacts"."id", "private"."contacts"."contact", "private"."contacts"."description", "private"."contacts"."createdAt", "private"."contacts"."updatedAt", "private"."contacts"."userId" FROM "private"."contacts" WHERE "private"."contacts"."userId" IN ($1) OFFSET $2 -- params: [1,0] -- duration: 0ms
2025-10-01 16:01:34 [INFO]: [QUERY] SELECT "private"."testimonials"."id", "private"."testimonials"."content", "private"."testimonials"."rating", "private"."testimonials"."createdAt", "private"."testimonials"."updatedAt", "private"."testimonials"."userId" FROM "private"."testimonials" WHERE "private"."testimonials"."userId" IN ($1) OFFSET $2 -- params: [1,0] -- duration: 0ms
2025-10-01 16:01:34 [INFO]: [QUERY] SELECT "private"."orders"."id", "private"."orders"."amount", "private"."orders"."status", "private"."orders"."createdAt", "private"."orders"."updatedAt", "private"."orders"."userId" FROM "private"."orders" WHERE "private"."orders"."userId" IN ($1) OFFSET $2 -- params: [1,0] -- duration: 0ms
2025-10-01 16:02:03 [INFO]: [QUERY] SELECT 1 -- params: [] -- duration: 0ms
2025-10-01 16:02:03 [INFO]: [QUERY] SELECT "private"."users"."id", "private"."users"."fullname", "private"."users"."email", "private"."users"."role", "private"."users"."status" FROM "private"."users" WHERE ("private"."users"."id" = $1 AND 1=1) LIMIT $2 OFFSET $3 -- params: [1,1,0] -- duration: 0ms
2025-10-01 16:02:03 [INFO]: [QUERY] SELECT "private"."contacts"."id", "private"."contacts"."contact", "private"."contacts"."description", "private"."contacts"."createdAt", "private"."contacts"."updatedAt", "private"."contacts"."userId" FROM "private"."contacts" WHERE "private"."contacts"."userId" IN ($1) OFFSET $2 -- params: [1,0] -- duration: 0ms
2025-10-01 16:02:03 [INFO]: [QUERY] SELECT "private"."testimonials"."id", "private"."testimonials"."content", "private"."testimonials"."rating", "private"."testimonials"."createdAt", "private"."testimonials"."updatedAt", "private"."testimonials"."userId" FROM "private"."testimonials" WHERE "private"."testimonials"."userId" IN ($1) OFFSET $2 -- params: [1,0] -- duration: 0ms
2025-10-01 16:02:03 [INFO]: [QUERY] SELECT "private"."orders"."id", "private"."orders"."amount", "private"."orders"."status", "private"."orders"."createdAt", "private"."orders"."updatedAt", "private"."orders"."userId" FROM "private"."orders" WHERE "private"."orders"."userId" IN ($1) OFFSET $2 -- params: [1,0] -- duration: 0ms
2025-10-01 16:02:18 [INFO]: [INFO] Starting a postgresql pool with 5 connections.
2025-10-01 16:02:18 [INFO]: [QUERY] SELECT "private"."users"."id", "private"."users"."fullname", "private"."users"."email", "private"."users"."role", "private"."users"."status" FROM "private"."users" WHERE ("private"."users"."id" = $1 AND 1=1) LIMIT $2 OFFSET $3 -- params: [1,1,0] -- duration: 1ms
2025-10-01 16:02:18 [INFO]: [QUERY] SELECT "private"."contacts"."id", "private"."contacts"."contact", "private"."contacts"."description", "private"."contacts"."createdAt", "private"."contacts"."updatedAt", "private"."contacts"."userId" FROM "private"."contacts" WHERE "private"."contacts"."userId" IN ($1) OFFSET $2 -- params: [1,0] -- duration: 1ms
2025-10-01 16:02:18 [INFO]: [QUERY] SELECT "private"."testimonials"."id", "private"."testimonials"."content", "private"."testimonials"."rating", "private"."testimonials"."createdAt", "private"."testimonials"."updatedAt", "private"."testimonials"."userId" FROM "private"."testimonials" WHERE "private"."testimonials"."userId" IN ($1) OFFSET $2 -- params: [1,0] -- duration: 1ms
2025-10-01 16:02:18 [INFO]: [QUERY] SELECT "private"."orders"."id", "private"."orders"."amount", "private"."orders"."status", "private"."orders"."createdAt", "private"."orders"."updatedAt", "private"."orders"."userId" FROM "private"."orders" WHERE "private"."orders"."userId" IN ($1) OFFSET $2 -- params: [1,0] -- duration: 3ms
2025-10-01 16:02:31 [INFO]: [INFO] Starting a postgresql pool with 5 connections.
2025-10-01 16:02:31 [INFO]: [QUERY] SELECT "private"."users"."id", "private"."users"."fullname", "private"."users"."email", "private"."users"."role", "private"."users"."status" FROM "private"."users" WHERE ("private"."users"."id" = $1 AND 1=1) LIMIT $2 OFFSET $3 -- params: [1,1,0] -- duration: 2ms
2025-10-01 16:02:31 [INFO]: [QUERY] SELECT "private"."contacts"."id", "private"."contacts"."contact", "private"."contacts"."description", "private"."contacts"."createdAt", "private"."contacts"."updatedAt", "private"."contacts"."userId" FROM "private"."contacts" WHERE "private"."contacts"."userId" IN ($1) OFFSET $2 -- params: [1,0] -- duration: 1ms
2025-10-01 16:02:31 [INFO]: [QUERY] SELECT "private"."testimonials"."id", "private"."testimonials"."content", "private"."testimonials"."rating", "private"."testimonials"."createdAt", "private"."testimonials"."updatedAt", "private"."testimonials"."userId" FROM "private"."testimonials" WHERE "private"."testimonials"."userId" IN ($1) OFFSET $2 -- params: [1,0] -- duration: 1ms
2025-10-01 16:02:31 [INFO]: [QUERY] SELECT "private"."orders"."id", "private"."orders"."amount", "private"."orders"."status", "private"."orders"."createdAt", "private"."orders"."updatedAt", "private"."orders"."userId" FROM "private"."orders" WHERE "private"."orders"."userId" IN ($1) OFFSET $2 -- params: [1,0] -- duration: 1ms
2025-10-01 16:03:17 [INFO]: [INFO] Starting a postgresql pool with 5 connections.
2025-10-01 16:03:18 [INFO]: [QUERY] SELECT "private"."users"."id", "private"."users"."fullname", "private"."users"."email", "private"."users"."role", "private"."users"."status" FROM "private"."users" WHERE ("private"."users"."id" = $1 AND 1=1) LIMIT $2 OFFSET $3 -- params: [1,1,0] -- duration: 3ms
2025-10-01 16:03:18 [INFO]: [QUERY] SELECT "private"."contacts"."id", "private"."contacts"."contact", "private"."contacts"."description", "private"."contacts"."createdAt", "private"."contacts"."updatedAt", "private"."contacts"."userId" FROM "private"."contacts" WHERE "private"."contacts"."userId" IN ($1) OFFSET $2 -- params: [1,0] -- duration: 1ms
2025-10-01 16:03:18 [INFO]: [QUERY] SELECT "private"."testimonials"."id", "private"."testimonials"."content", "private"."testimonials"."rating", "private"."testimonials"."createdAt", "private"."testimonials"."updatedAt", "private"."testimonials"."userId" FROM "private"."testimonials" WHERE "private"."testimonials"."userId" IN ($1) OFFSET $2 -- params: [1,0] -- duration: 1ms
2025-10-01 16:03:18 [INFO]: [QUERY] SELECT "private"."orders"."id", "private"."orders"."amount", "private"."orders"."status", "private"."orders"."createdAt", "private"."orders"."updatedAt", "private"."orders"."userId" FROM "private"."orders" WHERE "private"."orders"."userId" IN ($1) OFFSET $2 -- params: [1,0] -- duration: 1ms
2025-10-01 16:03:56 [INFO]: [INFO] Starting a postgresql pool with 5 connections.
2025-10-01 16:03:57 [INFO]: [QUERY] SELECT "private"."users"."id", "private"."users"."fullname", "private"."users"."email", "private"."users"."role", "private"."users"."status" FROM "private"."users" WHERE ("private"."users"."id" = $1 AND 1=1) LIMIT $2 OFFSET $3 -- params: [1,1,0] -- duration: 2ms
2025-10-01 16:03:57 [INFO]: [QUERY] SELECT "private"."contacts"."id", "private"."contacts"."contact", "private"."contacts"."description", "private"."contacts"."createdAt", "private"."contacts"."updatedAt", "private"."contacts"."userId" FROM "private"."contacts" WHERE "private"."contacts"."userId" IN ($1) OFFSET $2 -- params: [1,0] -- duration: 1ms
2025-10-01 16:03:57 [INFO]: [QUERY] SELECT "private"."testimonials"."id", "private"."testimonials"."content", "private"."testimonials"."rating", "private"."testimonials"."createdAt", "private"."testimonials"."updatedAt", "private"."testimonials"."userId" FROM "private"."testimonials" WHERE "private"."testimonials"."userId" IN ($1) OFFSET $2 -- params: [1,0] -- duration: 1ms
2025-10-01 16:03:57 [INFO]: [QUERY] SELECT "private"."orders"."id", "private"."orders"."amount", "private"."orders"."status", "private"."orders"."createdAt", "private"."orders"."updatedAt", "private"."orders"."userId" FROM "private"."orders" WHERE "private"."orders"."userId" IN ($1) OFFSET $2 -- params: [1,0] -- duration: 2ms
2025-10-01 16:03:57 [ERROR]: [ERROR] 
Invalid `prisma.licensesKey.findUnique()` invocation:

{
  where: {
    id: "1"
        ~~~
  },
  select: {
    id: true,
    encryptedKey: true,
    keyHash: true,
    activationLimit: true,
    status: true,
    soldAt: true,
    productId: true
  }
}

Argument `id`: Invalid value provided. Expected Int, provided String.
2025-10-01 16:04:13 [INFO]: [INFO] Starting a postgresql pool with 5 connections.
2025-10-01 16:04:14 [INFO]: [QUERY] SELECT "private"."users"."id", "private"."users"."fullname", "private"."users"."email", "private"."users"."role", "private"."users"."status" FROM "private"."users" WHERE ("private"."users"."id" = $1 AND 1=1) LIMIT $2 OFFSET $3 -- params: [1,1,0] -- duration: 4ms
2025-10-01 16:04:14 [INFO]: [QUERY] SELECT "private"."contacts"."id", "private"."contacts"."contact", "private"."contacts"."description", "private"."contacts"."createdAt", "private"."contacts"."updatedAt", "private"."contacts"."userId" FROM "private"."contacts" WHERE "private"."contacts"."userId" IN ($1) OFFSET $2 -- params: [1,0] -- duration: 1ms
2025-10-01 16:04:14 [INFO]: [QUERY] SELECT "private"."testimonials"."id", "private"."testimonials"."content", "private"."testimonials"."rating", "private"."testimonials"."createdAt", "private"."testimonials"."updatedAt", "private"."testimonials"."userId" FROM "private"."testimonials" WHERE "private"."testimonials"."userId" IN ($1) OFFSET $2 -- params: [1,0] -- duration: 1ms
2025-10-01 16:04:14 [INFO]: [QUERY] SELECT "private"."orders"."id", "private"."orders"."amount", "private"."orders"."status", "private"."orders"."createdAt", "private"."orders"."updatedAt", "private"."orders"."userId" FROM "private"."orders" WHERE "private"."orders"."userId" IN ($1) OFFSET $2 -- params: [1,0] -- duration: 1ms
2025-10-01 16:04:14 [INFO]: [QUERY] SELECT "private"."licenses_key"."id", "private"."licenses_key"."encryptedKey", "private"."licenses_key"."keyHash", "private"."licenses_key"."activationLimit", "private"."licenses_key"."status", "private"."licenses_key"."soldAt", "private"."licenses_key"."productId" FROM "private"."licenses_key" WHERE ("private"."licenses_key"."id" = $1 AND 1=1) LIMIT $2 OFFSET $3 -- params: [1,1,0] -- duration: 1ms
2025-10-01 16:04:47 [INFO]: [INFO] Starting a postgresql pool with 5 connections.
2025-10-01 16:04:47 [INFO]: [QUERY] SELECT "private"."users"."id", "private"."users"."fullname", "private"."users"."email", "private"."users"."role", "private"."users"."status" FROM "private"."users" WHERE ("private"."users"."id" = $1 AND 1=1) LIMIT $2 OFFSET $3 -- params: [1,1,0] -- duration: 2ms
2025-10-01 16:04:47 [INFO]: [QUERY] SELECT "private"."contacts"."id", "private"."contacts"."contact", "private"."contacts"."description", "private"."contacts"."createdAt", "private"."contacts"."updatedAt", "private"."contacts"."userId" FROM "private"."contacts" WHERE "private"."contacts"."userId" IN ($1) OFFSET $2 -- params: [1,0] -- duration: 1ms
2025-10-01 16:04:47 [INFO]: [QUERY] SELECT "private"."testimonials"."id", "private"."testimonials"."content", "private"."testimonials"."rating", "private"."testimonials"."createdAt", "private"."testimonials"."updatedAt", "private"."testimonials"."userId" FROM "private"."testimonials" WHERE "private"."testimonials"."userId" IN ($1) OFFSET $2 -- params: [1,0] -- duration: 1ms
2025-10-01 16:04:47 [INFO]: [QUERY] SELECT "private"."orders"."id", "private"."orders"."amount", "private"."orders"."status", "private"."orders"."createdAt", "private"."orders"."updatedAt", "private"."orders"."userId" FROM "private"."orders" WHERE "private"."orders"."userId" IN ($1) OFFSET $2 -- params: [1,0] -- duration: 1ms
2025-10-01 16:04:47 [ERROR]: [ERROR] 
Invalid `prisma.licensesKey.findUnique()` invocation:

{
  where: {
    id: undefined,
?   AND?: LicensesKeyWhereInput | LicensesKeyWhereInput[],
?   OR?: LicensesKeyWhereInput[],
?   NOT?: LicensesKeyWhereInput | LicensesKeyWhereInput[],
?   encryptedKey?: StringFilter | String,
?   keyHash?: StringFilter | String,
?   activationLimit?: IntFilter | Int,
?   status?: IntFilter | Int,
?   soldAt?: DateTimeNullableFilter | DateTime | Null,
?   createdAt?: DateTimeFilter | DateTime,
?   updatedAt?: DateTimeFilter | DateTime,
?   productId?: IntFilter | Int,
?   supplierId?: IntNullableFilter | Int | Null,
?   product?: ProductsScalarRelationFilter | ProductsWhereInput,
?   supplier?: SupplierNullableScalarRelationFilter | supplierWhereInput | Null
  },
  select: {
    id: true,
    encryptedKey: true,
    keyHash: true,
    activationLimit: true,
    status: true,
    soldAt: true,
    productId: true
  }
}

Argument `where` of type LicensesKeyWhereUniqueInput needs at least one of `id` arguments. Available options are marked with ?.
2025-10-01 16:04:57 [INFO]: [INFO] Starting a postgresql pool with 5 connections.
2025-10-01 16:04:58 [INFO]: [QUERY] SELECT "private"."users"."id", "private"."users"."fullname", "private"."users"."email", "private"."users"."role", "private"."users"."status" FROM "private"."users" WHERE ("private"."users"."id" = $1 AND 1=1) LIMIT $2 OFFSET $3 -- params: [1,1,0] -- duration: 3ms
2025-10-01 16:04:58 [INFO]: [QUERY] SELECT "private"."contacts"."id", "private"."contacts"."contact", "private"."contacts"."description", "private"."contacts"."createdAt", "private"."contacts"."updatedAt", "private"."contacts"."userId" FROM "private"."contacts" WHERE "private"."contacts"."userId" IN ($1) OFFSET $2 -- params: [1,0] -- duration: 6ms
2025-10-01 16:04:58 [INFO]: [QUERY] SELECT "private"."testimonials"."id", "private"."testimonials"."content", "private"."testimonials"."rating", "private"."testimonials"."createdAt", "private"."testimonials"."updatedAt", "private"."testimonials"."userId" FROM "private"."testimonials" WHERE "private"."testimonials"."userId" IN ($1) OFFSET $2 -- params: [1,0] -- duration: 3ms
2025-10-01 16:04:58 [INFO]: [QUERY] SELECT "private"."orders"."id", "private"."orders"."amount", "private"."orders"."status", "private"."orders"."createdAt", "private"."orders"."updatedAt", "private"."orders"."userId" FROM "private"."orders" WHERE "private"."orders"."userId" IN ($1) OFFSET $2 -- params: [1,0] -- duration: 7ms
2025-10-01 16:04:58 [INFO]: [QUERY] SELECT "private"."licenses_key"."id", "private"."licenses_key"."encryptedKey", "private"."licenses_key"."keyHash", "private"."licenses_key"."activationLimit", "private"."licenses_key"."status", "private"."licenses_key"."soldAt", "private"."licenses_key"."productId" FROM "private"."licenses_key" WHERE ("private"."licenses_key"."id" = $1 AND 1=1) LIMIT $2 OFFSET $3 -- params: [1,1,0] -- duration: 1ms
2025-10-01 16:09:34 [INFO]: [INFO] Starting a postgresql pool with 5 connections.
2025-10-01 16:09:35 [INFO]: [QUERY] SELECT "private"."users"."id", "private"."users"."fullname", "private"."users"."email", "private"."users"."role", "private"."users"."status" FROM "private"."users" WHERE ("private"."users"."id" = $1 AND 1=1) LIMIT $2 OFFSET $3 -- params: [1,1,0] -- duration: 1ms
2025-10-01 16:09:35 [INFO]: [QUERY] SELECT "private"."contacts"."id", "private"."contacts"."contact", "private"."contacts"."description", "private"."contacts"."createdAt", "private"."contacts"."updatedAt", "private"."contacts"."userId" FROM "private"."contacts" WHERE "private"."contacts"."userId" IN ($1) OFFSET $2 -- params: [1,0] -- duration: 1ms
2025-10-01 16:09:35 [INFO]: [QUERY] SELECT "private"."testimonials"."id", "private"."testimonials"."content", "private"."testimonials"."rating", "private"."testimonials"."createdAt", "private"."testimonials"."updatedAt", "private"."testimonials"."userId" FROM "private"."testimonials" WHERE "private"."testimonials"."userId" IN ($1) OFFSET $2 -- params: [1,0] -- duration: 1ms
2025-10-01 16:09:35 [INFO]: [QUERY] SELECT "private"."orders"."id", "private"."orders"."amount", "private"."orders"."status", "private"."orders"."createdAt", "private"."orders"."updatedAt", "private"."orders"."userId" FROM "private"."orders" WHERE "private"."orders"."userId" IN ($1) OFFSET $2 -- params: [1,0] -- duration: 3ms
2025-10-01 16:09:35 [INFO]: [QUERY] SELECT "private"."licenses_key"."id", "private"."licenses_key"."encryptedKey", "private"."licenses_key"."keyHash", "private"."licenses_key"."activationLimit", "private"."licenses_key"."status", "private"."licenses_key"."soldAt", "private"."licenses_key"."productId" FROM "private"."licenses_key" WHERE ("private"."licenses_key"."id" = $1 AND 1=1) LIMIT $2 OFFSET $3 -- params: [1,1,0] -- duration: 1ms
2025-10-01 16:09:59 [INFO]: [INFO] Starting a postgresql pool with 5 connections.
2025-10-01 16:09:59 [INFO]: [QUERY] SELECT "private"."users"."id", "private"."users"."fullname", "private"."users"."email", "private"."users"."role", "private"."users"."status" FROM "private"."users" WHERE ("private"."users"."id" = $1 AND 1=1) LIMIT $2 OFFSET $3 -- params: [1,1,0] -- duration: 1ms
2025-10-01 16:09:59 [INFO]: [QUERY] SELECT "private"."contacts"."id", "private"."contacts"."contact", "private"."contacts"."description", "private"."contacts"."createdAt", "private"."contacts"."updatedAt", "private"."contacts"."userId" FROM "private"."contacts" WHERE "private"."contacts"."userId" IN ($1) OFFSET $2 -- params: [1,0] -- duration: 1ms
2025-10-01 16:09:59 [INFO]: [QUERY] SELECT "private"."testimonials"."id", "private"."testimonials"."content", "private"."testimonials"."rating", "private"."testimonials"."createdAt", "private"."testimonials"."updatedAt", "private"."testimonials"."userId" FROM "private"."testimonials" WHERE "private"."testimonials"."userId" IN ($1) OFFSET $2 -- params: [1,0] -- duration: 1ms
2025-10-01 16:09:59 [INFO]: [QUERY] SELECT "private"."orders"."id", "private"."orders"."amount", "private"."orders"."status", "private"."orders"."createdAt", "private"."orders"."updatedAt", "private"."orders"."userId" FROM "private"."orders" WHERE "private"."orders"."userId" IN ($1) OFFSET $2 -- params: [1,0] -- duration: 1ms
2025-10-01 16:09:59 [INFO]: [QUERY] SELECT "private"."licenses_key"."id", "private"."licenses_key"."encryptedKey", "private"."licenses_key"."keyHash", "private"."licenses_key"."activationLimit", "private"."licenses_key"."status", "private"."licenses_key"."soldAt", "private"."licenses_key"."productId" FROM "private"."licenses_key" WHERE ("private"."licenses_key"."id" = $1 AND 1=1) LIMIT $2 OFFSET $3 -- params: [1,1,0] -- duration: 1ms
2025-10-01 16:10:14 [INFO]: [INFO] Starting a postgresql pool with 5 connections.
2025-10-01 16:10:15 [INFO]: [QUERY] SELECT "private"."users"."id", "private"."users"."fullname", "private"."users"."email", "private"."users"."role", "private"."users"."status" FROM "private"."users" WHERE ("private"."users"."id" = $1 AND 1=1) LIMIT $2 OFFSET $3 -- params: [1,1,0] -- duration: 1ms
2025-10-01 16:10:15 [INFO]: [QUERY] SELECT "private"."contacts"."id", "private"."contacts"."contact", "private"."contacts"."description", "private"."contacts"."createdAt", "private"."contacts"."updatedAt", "private"."contacts"."userId" FROM "private"."contacts" WHERE "private"."contacts"."userId" IN ($1) OFFSET $2 -- params: [1,0] -- duration: 1ms
2025-10-01 16:10:15 [INFO]: [QUERY] SELECT "private"."testimonials"."id", "private"."testimonials"."content", "private"."testimonials"."rating", "private"."testimonials"."createdAt", "private"."testimonials"."updatedAt", "private"."testimonials"."userId" FROM "private"."testimonials" WHERE "private"."testimonials"."userId" IN ($1) OFFSET $2 -- params: [1,0] -- duration: 1ms
2025-10-01 16:10:15 [INFO]: [QUERY] SELECT "private"."orders"."id", "private"."orders"."amount", "private"."orders"."status", "private"."orders"."createdAt", "private"."orders"."updatedAt", "private"."orders"."userId" FROM "private"."orders" WHERE "private"."orders"."userId" IN ($1) OFFSET $2 -- params: [1,0] -- duration: 1ms
2025-10-01 16:10:15 [INFO]: [QUERY] SELECT "private"."licenses_key"."id", "private"."licenses_key"."encryptedKey", "private"."licenses_key"."keyHash", "private"."licenses_key"."activationLimit", "private"."licenses_key"."status", "private"."licenses_key"."soldAt", "private"."licenses_key"."productId" FROM "private"."licenses_key" WHERE ("private"."licenses_key"."id" = $1 AND 1=1) LIMIT $2 OFFSET $3 -- params: [1,1,0] -- duration: 2ms
2025-10-01 16:10:41 [INFO]: [INFO] Starting a postgresql pool with 5 connections.
2025-10-01 16:10:41 [INFO]: [QUERY] SELECT "private"."users"."id", "private"."users"."fullname", "private"."users"."email", "private"."users"."role", "private"."users"."status" FROM "private"."users" WHERE ("private"."users"."id" = $1 AND 1=1) LIMIT $2 OFFSET $3 -- params: [1,1,0] -- duration: 1ms
2025-10-01 16:10:41 [INFO]: [QUERY] SELECT "private"."contacts"."id", "private"."contacts"."contact", "private"."contacts"."description", "private"."contacts"."createdAt", "private"."contacts"."updatedAt", "private"."contacts"."userId" FROM "private"."contacts" WHERE "private"."contacts"."userId" IN ($1) OFFSET $2 -- params: [1,0] -- duration: 1ms
2025-10-01 16:10:41 [INFO]: [QUERY] SELECT "private"."testimonials"."id", "private"."testimonials"."content", "private"."testimonials"."rating", "private"."testimonials"."createdAt", "private"."testimonials"."updatedAt", "private"."testimonials"."userId" FROM "private"."testimonials" WHERE "private"."testimonials"."userId" IN ($1) OFFSET $2 -- params: [1,0] -- duration: 1ms
2025-10-01 16:10:41 [INFO]: [QUERY] SELECT "private"."orders"."id", "private"."orders"."amount", "private"."orders"."status", "private"."orders"."createdAt", "private"."orders"."updatedAt", "private"."orders"."userId" FROM "private"."orders" WHERE "private"."orders"."userId" IN ($1) OFFSET $2 -- params: [1,0] -- duration: 1ms
2025-10-01 16:10:41 [INFO]: [QUERY] SELECT "private"."licenses_key"."id", "private"."licenses_key"."encryptedKey", "private"."licenses_key"."keyHash", "private"."licenses_key"."activationLimit", "private"."licenses_key"."status", "private"."licenses_key"."soldAt", "private"."licenses_key"."productId" FROM "private"."licenses_key" WHERE ("private"."licenses_key"."id" = $1 AND 1=1) LIMIT $2 OFFSET $3 -- params: [1,1,0] -- duration: 2ms
2025-10-01 16:10:41 [INFO]: [QUERY] SELECT "private"."products"."id", "private"."products"."name" FROM "private"."products" WHERE "private"."products"."id" IN ($1) OFFSET $2 -- params: [1,0] -- duration: 1ms
